year,sex,name,name_canon,au_rank,au_n,au_rate,tx_rank,tx_n,in_tx_top100,rank_delta
2017,FEMALE,Emma,EMMA,1,98,10.069872585285655,1,2316,TRUE,0
2017,FEMALE,Isabella,ISABELLA,2,88,9.042334566378956,3,1850,TRUE,1
2017,FEMALE,Olivia,OLIVIA,3,84,8.631319358816276,5,1782,TRUE,2
2017,FEMALE,Mia,MIA,4,81,8.323057953144266,2,1887,TRUE,-2
2017,FEMALE,Evelyn,EVELYN,5,77,7.912042745581586,12,1082,TRUE,7
2017,FEMALE,Sophia,SOPHIA,6,75,7.706535141800247,4,1827,TRUE,-2
2017,FEMALE,Ava,AVA,7,73,7.501027538018906,6,1429,TRUE,-1
2017,FEMALE,Abigail,ABIGAIL,8,59,6.062474311549527,9,1128,TRUE,1
2017,FEMALE,Charlotte,CHARLOTTE,8,59,6.062474311549527,13,993,TRUE,5
2017,FEMALE,Emily,EMILY,10,58,5.959720509658857,11,1092,TRUE,1
2017,FEMALE,Camila,CAMILA,11,56,5.754212905877518,7,1363,TRUE,-4
2017,FEMALE,Elizabeth,ELIZABETH,11,56,5.754212905877518,15,946,TRUE,4
2017,FEMALE,Harper,HARPER,13,53,5.445951500205507,18,804,TRUE,5
2017,FEMALE,Amelia,AMELIA,14,52,5.343197698314838,14,949,TRUE,0
2017,FEMALE,Penelope,PENELOPE,15,51,5.240443896424168,21,707,TRUE,6
2017,FEMALE,Sofia,SOFIA,15,51,5.240443896424168,8,1323,TRUE,-7
2017,FEMALE,Scarlett,SCARLETT,17,46,4.726674886970818,17,811,TRUE,0
2017,FEMALE,Ella,ELLA,18,45,4.6239210850801475,32,564,TRUE,14
2017,FEMALE,Avery,AVERY,19,43,4.418413481298808,16,924,TRUE,-3
2017,FEMALE,Zoe,ZOE,19,43,4.418413481298808,25,647,TRUE,6
2017,FEMALE,Lillian,LILLIAN,21,41,4.212905877517469,53,444,TRUE,32
2017,FEMALE,Layla,LAYLA,22,40,4.110152075626798,27,645,TRUE,5
2017,FEMALE,Madison,MADISON,22,40,4.110152075626798,20,733,TRUE,-2
2017,FEMALE,Eleanor,ELEANOR,24,39,4.007398273736128,57,426,TRUE,33
2017,FEMALE,Victoria,VICTORIA,25,38,3.9046444718454585,10,1116,TRUE,-15
2017,FEMALE,Allison,ALLISON,26,37,3.8018906699547883,24,653,TRUE,-2
2017,FEMALE,Claire,CLAIRE,27,36,3.6991368680641186,79,353,TRUE,52
2017,FEMALE,Elena,ELENA,27,36,3.6991368680641186,41,519,TRUE,14
2017,FEMALE,Luna,LUNA,27,36,3.6991368680641186,33,545,TRUE,6
2017,FEMALE,Aria,ARIA,30,35,3.5963830661734484,29,623,TRUE,-1
2017,FEMALE,Chloe,CHLOE,30,35,3.5963830661734484,31,586,TRUE,1
2017,FEMALE,Ellie,ELLIE,32,34,3.4936292642827786,49,465,TRUE,17
2017,FEMALE,Katherine,KATHERINE,32,34,3.4936292642827786,70,370,TRUE,38
2017,FEMALE,Samantha,SAMANTHA,34,33,3.3908754623921085,42,516,TRUE,8
2017,FEMALE,Hannah,HANNAH,35,30,3.082614056720099,36,537,TRUE,1
2017,FEMALE,Hazel,HAZEL,35,30,3.082614056720099,50,461,TRUE,15
2017,FEMALE,Mila,MILA,35,30,3.082614056720099,28,635,TRUE,-7
2017,FEMALE,Stella,STELLA,35,30,3.082614056720099,75,363,TRUE,40
2017,FEMALE,Leah,LEAH,39,29,2.9798602548294286,26,646,TRUE,-13
2017,FEMALE,Cora,CORA,40,28,2.877106452938759,NA,NA,FALSE,NA
2017,FEMALE,Genesis,GENESIS,40,28,2.877106452938759,19,787,TRUE,-21
2017,FEMALE,Grace,GRACE,40,28,2.877106452938759,35,538,TRUE,-5
2017,FEMALE,Natalie,NATALIE,40,28,2.877106452938759,39,527,TRUE,-1
2017,FEMALE,Ximena,XIMENA,40,28,2.877106452938759,22,704,TRUE,-18
2017,FEMALE,Clara,CLARA,45,27,2.7743526510480887,NA,NA,FALSE,NA
2017,FEMALE,Eliana,ELIANA,45,27,2.7743526510480887,63,386,TRUE,18
2017,FEMALE,Ruby,RUBY,45,27,2.7743526510480887,NA,NA,FALSE,NA
2017,FEMALE,Audrey,AUDREY,48,26,2.671598849157419,48,465,TRUE,0
2017,FEMALE,Sarah,SARAH,48,26,2.671598849157419,59,420,TRUE,11
2017,FEMALE,Alexa,ALEXA,50,25,2.568845047266749,23,670,TRUE,-27
2017,FEMALE,Everly,EVERLY,50,25,2.568845047266749,83,340,TRUE,33
2017,FEMALE,Lily,LILY,50,25,2.568845047266749,51,452,TRUE,1
2017,FEMALE,Lucy,LUCY,53,24,2.466091245376079,99,304,TRUE,46
2017,FEMALE,Riley,RILEY,53,24,2.466091245376079,44,491,TRUE,-9
2017,FEMALE,Savannah,SAVANNAH,53,24,2.466091245376079,54,438,TRUE,1
2017,FEMALE,Adeline,ADELINE,56,23,2.363337443485409,76,356,TRUE,20
2017,FEMALE,Bella,BELLA,56,23,2.363337443485409,45,483,TRUE,-11
2017,FEMALE,Brooklyn,BROOKLYN,56,23,2.363337443485409,40,524,TRUE,-16
2017,FEMALE,Caroline,CAROLINE,56,23,2.363337443485409,47,467,TRUE,-9
2017,FEMALE,Josephine,JOSEPHINE,56,23,2.363337443485409,NA,NA,FALSE,NA
2017,FEMALE,Quinn,QUINN,56,23,2.363337443485409,NA,NA,FALSE,NA
2017,FEMALE,Zoey,ZOEY,56,23,2.363337443485409,38,535,TRUE,-18
2017,FEMALE,Gabriella,GABRIELLA,63,22,2.260583641594739,68,375,TRUE,5
2017,FEMALE,June,JUNE,63,22,2.260583641594739,NA,NA,FALSE,NA
2017,FEMALE,Natalia,NATALIA,63,22,2.260583641594739,56,433,TRUE,-7
2017,FEMALE,Sophie,SOPHIE,63,22,2.260583641594739,NA,NA,FALSE,NA
2017,FEMALE,Vivian,VIVIAN,63,22,2.260583641594739,NA,NA,FALSE,NA
2017,FEMALE,Addison,ADDISON,68,21,2.157829839704069,52,446,TRUE,-16
2017,FEMALE,Alice,ALICE,68,21,2.157829839704069,85,335,TRUE,17
2017,FEMALE,Andrea,ANDREA,68,21,2.157829839704069,46,476,TRUE,-22
2017,FEMALE,Emerson,EMERSON,68,21,2.157829839704069,NA,NA,FALSE,NA
2017,FEMALE,Emilia,EMILIA,68,21,2.157829839704069,82,341,TRUE,14
2017,FEMALE,Julia,JULIA,68,21,2.157829839704069,NA,NA,FALSE,NA
2017,FEMALE,Kennedy,KENNEDY,68,21,2.157829839704069,73,365,TRUE,5
2017,FEMALE,Ashley,ASHLEY,75,20,2.055076037813399,80,348,TRUE,5
2017,FEMALE,Aubrey,AUBREY,75,20,2.055076037813399,30,607,TRUE,-45
2017,FEMALE,Madeline,MADELINE,75,20,2.055076037813399,NA,NA,FALSE,NA
2017,FEMALE,Cecilia,CECILIA,78,19,1.9523222359227292,NA,NA,FALSE,NA
2017,FEMALE,Nora,NORA,78,19,1.9523222359227292,NA,NA,FALSE,NA
2017,FEMALE,Alexandra,ALEXANDRA,80,18,1.8495684340320593,NA,NA,FALSE,NA
2017,FEMALE,Eva,EVA,80,18,1.8495684340320593,94,314,TRUE,14
2017,FEMALE,Finley,FINLEY,80,18,1.8495684340320593,NA,NA,FALSE,NA
2017,FEMALE,Liliana,LILIANA,80,18,1.8495684340320593,88,332,TRUE,8
2017,FEMALE,Sadie,SADIE,80,18,1.8495684340320593,81,348,TRUE,1
2017,FEMALE,Violet,VIOLET,80,18,1.8495684340320593,64,385,TRUE,-16
2017,FEMALE,Aaliyah,AALIYAH,86,17,1.7468146321413893,43,498,TRUE,-43
2017,FEMALE,Daisy,DAISY,86,17,1.7468146321413893,NA,NA,FALSE,NA
2017,FEMALE,Emery,EMERY,86,17,1.7468146321413893,87,333,TRUE,1
2017,FEMALE,Lauren,LAUREN,86,17,1.7468146321413893,NA,NA,FALSE,NA
2017,FEMALE,Margaret,MARGARET,86,17,1.7468146321413893,NA,NA,FALSE,NA
2017,FEMALE,Maria,MARIA,86,17,1.7468146321413893,61,396,TRUE,-25
2017,FEMALE,Maya,MAYA,86,17,1.7468146321413893,84,337,TRUE,-2
2017,FEMALE,Melanie,MELANIE,86,17,1.7468146321413893,34,545,TRUE,-52
2017,FEMALE,Naomi,NAOMI,86,17,1.7468146321413893,90,317,TRUE,4
2017,FEMALE,Arianna,ARIANNA,95,16,1.6440608302507194,55,435,TRUE,-40
2017,FEMALE,Nova,NOVA,95,16,1.6440608302507194,NA,NA,FALSE,NA
2017,FEMALE,Charlie,CHARLIE,97,15,1.5413070283600494,NA,NA,FALSE,NA
2017,FEMALE,Gianna,GIANNA,97,15,1.5413070283600494,98,304,TRUE,1
2017,FEMALE,Isabelle,ISABELLE,97,15,1.5413070283600494,NA,NA,FALSE,NA
2017,FEMALE,Ivy,IVY,97,15,1.5413070283600494,NA,NA,FALSE,NA
2017,FEMALE,Jade,JADE,97,15,1.5413070283600494,91,316,TRUE,-6
2017,FEMALE,Juliana,JULIANA,97,15,1.5413070283600494,NA,NA,FALSE,NA
2017,FEMALE,Juniper,JUNIPER,97,15,1.5413070283600494,NA,NA,FALSE,NA
2017,FEMALE,Kaylee,KAYLEE,97,15,1.5413070283600494,65,383,TRUE,-32
2017,FEMALE,Kimberly,KIMBERLY,97,15,1.5413070283600494,92,315,TRUE,-5
2017,FEMALE,Valentina,VALENTINA,97,15,1.5413070283600494,58,425,TRUE,-39
2017,MALE,James,JAMES,1,104,10.237228073629295,13,1251,TRUE,12
2017,MALE,Noah,NOAH,2,85,8.36696525248548,1,1953,TRUE,-1
2017,MALE,Daniel,DANIEL,3,83,8.170095481838764,8,1374,TRUE,5
2017,MALE,Benjamin,BENJAMIN,4,82,8.071660596515406,16,1199,TRUE,12
2017,MALE,William,WILLIAM,5,80,7.874790825868688,19,1159,TRUE,14
2017,MALE,Oliver,OLIVER,6,75,7.382616399251895,22,1103,TRUE,16
2017,MALE,Liam,LIAM,7,74,7.284181513928536,2,1844,TRUE,-5
2017,MALE,Alexander,ALEXANDER,8,73,7.185746628605178,12,1264,TRUE,4
2017,MALE,Sebastian,SEBASTIAN,9,70,6.890441972635102,3,1595,TRUE,-6
2017,MALE,Henry,HENRY,10,67,6.595137316665026,61,678,TRUE,51
2017,MALE,Elijah,ELIJAH,11,66,6.496702431341667,5,1482,TRUE,-6
2017,MALE,Mateo,MATEO,11,66,6.496702431341667,4,1523,TRUE,-7
2017,MALE,Ethan,ETHAN,13,65,6.3982675460183085,9,1353,TRUE,-4
2017,MALE,Jackson,JACKSON,14,63,6.201397775371592,54,744,TRUE,40
2017,MALE,Anthony,ANTHONY,15,61,6.004528004724874,34,958,TRUE,19
2017,MALE,Jacob,JACOB,16,60,5.906093119401516,7,1412,TRUE,-9
2017,MALE,Aiden,AIDEN,17,59,5.807658234078158,17,1197,TRUE,0
2017,MALE,Luke,LUKE,17,59,5.807658234078158,21,1124,TRUE,4
2017,MALE,David,DAVID,19,58,5.709223348754799,10,1344,TRUE,-9
2017,MALE,Samuel,SAMUEL,19,58,5.709223348754799,25,1067,TRUE,6
2017,MALE,John,JOHN,21,56,5.5123535781080815,41,868,TRUE,20
2017,MALE,Isaac,ISAAC,22,55,5.413918692784723,30,1011,TRUE,8
2017,MALE,Julian,JULIAN,22,55,5.413918692784723,18,1173,TRUE,-4
2017,MALE,Michael,MICHAEL,24,54,5.315483807461364,15,1213,TRUE,-9
2017,MALE,Charles,CHARLES,25,53,5.217048922138006,80,485,TRUE,55
2017,MALE,Jack,JACK,25,53,5.217048922138006,69,578,TRUE,44
2017,MALE,Matthew,MATTHEW,25,53,5.217048922138006,6,1429,TRUE,-19
2017,MALE,Jose,JOSE,28,52,5.118614036814647,11,1344,TRUE,-17
2017,MALE,Joshua,JOSHUA,28,52,5.118614036814647,31,998,TRUE,3
2017,MALE,Wyatt,WYATT,30,50,4.92174426616793,46,798,TRUE,16
2017,MALE,Aaron,AARON,31,49,4.823309380844571,26,1031,TRUE,-5
2017,MALE,Grayson,GRAYSON,31,49,4.823309380844571,56,729,TRUE,25
2017,MALE,Joseph,JOSEPH,31,49,4.823309380844571,33,962,TRUE,2
2017,MALE,Levi,LEVI,31,49,4.823309380844571,40,887,TRUE,9
2017,MALE,Dylan,DYLAN,35,48,4.724874495521212,20,1130,TRUE,-15
2017,MALE,Hudson,HUDSON,36,47,4.626439610197854,73,532,TRUE,37
2017,MALE,Josiah,JOSIAH,37,46,4.528004724874496,36,929,TRUE,-1
2017,MALE,Logan,LOGAN,37,46,4.528004724874496,23,1098,TRUE,-14
2017,MALE,Santiago,SANTIAGO,37,46,4.528004724874496,24,1093,TRUE,-13
2017,MALE,Jayden,JAYDEN,40,45,4.429569839551137,14,1238,TRUE,-26
2017,MALE,Nathan,NATHAN,41,44,4.331134954227778,39,893,TRUE,-2
2017,MALE,Christopher,CHRISTOPHER,42,43,4.232700068904419,29,1013,TRUE,-13
2017,MALE,Thomas,THOMAS,42,43,4.232700068904419,66,591,TRUE,24
2017,MALE,Andrew,ANDREW,44,42,4.1342651835810615,42,856,TRUE,-2
2017,MALE,Gabriel,GABRIEL,44,42,4.1342651835810615,38,901,TRUE,-6
2017,MALE,Luis,LUIS,44,42,4.1342651835810615,51,761,TRUE,7
2017,MALE,Owen,OWEN,44,42,4.1342651835810615,71,552,TRUE,27
2017,MALE,Lucas,LUCAS,48,41,4.035830298257703,32,978,TRUE,-16
2017,MALE,Adrian,ADRIAN,49,40,3.937395412934344,35,950,TRUE,-14
2017,MALE,Axel,AXEL,49,40,3.937395412934344,63,624,TRUE,14
2017,MALE,Christian,CHRISTIAN,49,40,3.937395412934344,37,921,TRUE,-12
2017,MALE,Asher,ASHER,52,39,3.8389605276109853,70,554,TRUE,18
2017,MALE,Ezekiel,EZEKIEL,53,38,3.7405256422876265,52,756,TRUE,-1
2017,MALE,Jonathan,JONATHAN,53,38,3.7405256422876265,48,783,TRUE,-5
2017,MALE,Nolan,NOLAN,55,37,3.642090756964268,95,424,TRUE,40
2017,MALE,Lincoln,LINCOLN,56,36,3.5436558716409094,68,583,TRUE,12
2017,MALE,Mason,MASON,56,36,3.5436558716409094,28,1015,TRUE,-28
2017,MALE,Caleb,CALEB,58,35,3.445220986317551,50,762,TRUE,-8
2017,MALE,Jaxon,JAXON,58,35,3.445220986317551,43,826,TRUE,-15
2017,MALE,Ryan,RYAN,58,35,3.445220986317551,59,719,TRUE,1
2017,MALE,Ian,IAN,61,34,3.3467861009941924,47,783,TRUE,-14
2017,MALE,Theodore,THEODORE,61,34,3.3467861009941924,NA,NA,FALSE,NA
2017,MALE,Harrison,HARRISON,63,32,3.1499163303474753,NA,NA,FALSE,NA
2017,MALE,Gael,GAEL,64,31,3.0514814450241166,72,539,TRUE,8
2017,MALE,Jesus,JESUS,64,31,3.0514814450241166,53,747,TRUE,-11
2017,MALE,Diego,DIEGO,66,30,2.953046559700758,58,724,TRUE,-8
2017,MALE,Everett,EVERETT,66,30,2.953046559700758,NA,NA,FALSE,NA
2017,MALE,Alan,ALAN,68,29,2.8546116743773995,93,426,TRUE,25
2017,MALE,Angel,ANGEL,68,29,2.8546116743773995,27,1027,TRUE,-41
2017,MALE,Leonardo,LEONARDO,68,29,2.8546116743773995,49,778,TRUE,-19
2017,MALE,Leo,LEO,71,28,2.7561767890540407,NA,NA,FALSE,NA
2017,MALE,Miles,MILES,71,28,2.7561767890540407,NA,NA,FALSE,NA
2017,MALE,Evan,EVAN,73,27,2.657741903730682,91,432,TRUE,18
2017,MALE,Isaiah,ISAIAH,73,27,2.657741903730682,45,799,TRUE,-28
2017,MALE,Juan,JUAN,73,27,2.657741903730682,44,815,TRUE,-29
2017,MALE,Eli,ELI,76,26,2.5593070184073237,55,732,TRUE,-21
2017,MALE,Jeremiah,JEREMIAH,76,26,2.5593070184073237,57,726,TRUE,-19
2017,MALE,Jordan,JORDAN,76,26,2.5593070184073237,74,522,TRUE,-2
2017,MALE,Robert,ROBERT,76,26,2.5593070184073237,76,502,TRUE,0
2017,MALE,Brandon,BRANDON,80,25,2.460872133083965,90,439,TRUE,10
2017,MALE,Carter,CARTER,80,25,2.460872133083965,60,679,TRUE,-20
2017,MALE,Cooper,COOPER,80,25,2.460872133083965,99,417,TRUE,19
2017,MALE,Ezra,EZRA,80,25,2.460872133083965,65,599,TRUE,-15
2017,MALE,Giovanni,GIOVANNI,80,25,2.460872133083965,NA,NA,FALSE,NA
2017,MALE,Nicholas,NICHOLAS,80,25,2.460872133083965,81,471,TRUE,1
2017,MALE,Parker,PARKER,86,24,2.362437247760606,NA,NA,FALSE,NA
2017,MALE,Adam,ADAM,87,23,2.264002362437248,85,463,TRUE,-2
2017,MALE,Emiliano,EMILIANO,87,23,2.264002362437248,100,407,TRUE,13
2017,MALE,August,AUGUST,89,22,2.165567477113889,NA,NA,FALSE,NA
2017,MALE,Eduardo,EDUARDO,89,22,2.165567477113889,NA,NA,FALSE,NA
2017,MALE,Jude,JUDE,89,22,2.165567477113889,NA,NA,FALSE,NA
2017,MALE,Maverick,MAVERICK,89,22,2.165567477113889,NA,NA,FALSE,NA
2017,MALE,Miguel,MIGUEL,89,22,2.165567477113889,77,501,TRUE,-12
2017,MALE,Wesley,WESLEY,89,22,2.165567477113889,NA,NA,FALSE,NA
2017,MALE,Austin,AUSTIN,95,21,2.0671325917905308,88,446,TRUE,-7
2017,MALE,Cameron,CAMERON,95,21,2.0671325917905308,NA,NA,FALSE,NA
2017,MALE,Carlos,CARLOS,95,21,2.0671325917905308,62,669,TRUE,-33
2017,MALE,Connor,CONNOR,95,21,2.0671325917905308,97,420,TRUE,2
2017,MALE,Damian,DAMIAN,95,21,2.0671325917905308,64,616,TRUE,-31
2017,MALE,Kevin,KEVIN,95,21,2.0671325917905308,98,419,TRUE,3
2017,MALE,Victor,VICTOR,95,21,2.0671325917905308,96,422,TRUE,1
2018,FEMALE,Olivia,OLIVIA,1,95,9.72264865418074,3,1802,TRUE,2
2018,FEMALE,Emma,EMMA,2,82,8.392180943608638,1,2166,TRUE,-1
2018,FEMALE,Evelyn,EVELYN,3,76,7.778118923344591,10,1039,TRUE,7
2018,FEMALE,Mia,MIA,4,69,7.061713233036537,4,1665,TRUE,0
2018,FEMALE,Camila,CAMILA,5,65,6.652338552860505,6,1543,TRUE,1
2018,FEMALE,Charlotte,CHARLOTTE,5,65,6.652338552860505,13,984,TRUE,8
2018,FEMALE,Amelia,AMELIA,7,63,6.44765121277249,11,1033,TRUE,4
2018,FEMALE,Isabella,ISABELLA,8,60,6.140620202640466,2,1847,TRUE,-6
2018,FEMALE,Sofia,SOFIA,9,59,6.038276532596459,8,1243,TRUE,-1
2018,FEMALE,Elizabeth,ELIZABETH,10,54,5.52655818237642,15,920,TRUE,5
2018,FEMALE,Emily,EMILY,10,54,5.52655818237642,14,973,TRUE,4
2018,FEMALE,Ava,AVA,12,53,5.424214512332412,7,1379,TRUE,-5
2018,FEMALE,Mila,MILA,12,53,5.424214512332412,17,815,TRUE,5
2018,FEMALE,Zoe,ZOE,14,48,4.912496162112373,28,633,TRUE,14
2018,FEMALE,Avery,AVERY,15,46,4.707808822024358,16,916,TRUE,1
2018,FEMALE,Sophia,SOPHIA,15,46,4.707808822024358,5,1628,TRUE,-10
2018,FEMALE,Violet,VIOLET,15,46,4.707808822024358,55,435,TRUE,40
2018,FEMALE,Luna,LUNA,18,44,4.5031214819363425,21,752,TRUE,3
2018,FEMALE,Ella,ELLA,19,42,4.298434141848326,29,619,TRUE,10
2018,FEMALE,Abigail,ABIGAIL,20,41,4.196090471804319,12,1024,TRUE,-8
2018,FEMALE,Penelope,PENELOPE,21,40,4.093746801760311,25,675,TRUE,4
2018,FEMALE,Victoria,VICTORIA,22,38,3.8890594616722955,9,1137,TRUE,-13
2018,FEMALE,Aria,ARIA,23,37,3.786715791628288,23,698,TRUE,0
2018,FEMALE,Emilia,EMILIA,24,36,3.68437212158428,52,446,TRUE,28
2018,FEMALE,Genesis,GENESIS,25,35,3.582028451540272,20,762,TRUE,-5
2018,FEMALE,Harper,HARPER,25,35,3.582028451540272,19,772,TRUE,-6
2018,FEMALE,Eliana,ELIANA,27,34,3.4796847814962644,53,441,TRUE,26
2018,FEMALE,Layla,LAYLA,27,34,3.4796847814962644,24,695,TRUE,-3
2018,FEMALE,Lucy,LUCY,27,34,3.4796847814962644,94,305,TRUE,67
2018,FEMALE,Maya,MAYA,27,34,3.4796847814962644,87,317,TRUE,60
2018,FEMALE,Lily,LILY,31,33,3.3773411114522567,42,485,TRUE,11
2018,FEMALE,Scarlett,SCARLETT,32,32,3.274997441408249,18,773,TRUE,-14
2018,FEMALE,Eleanor,ELEANOR,33,31,3.1726537713642413,51,448,TRUE,18
2018,FEMALE,Ximena,XIMENA,33,31,3.1726537713642413,22,711,TRUE,-11
2018,FEMALE,Elena,ELENA,35,30,3.070310101320233,31,556,TRUE,-4
2018,FEMALE,Grace,GRACE,35,30,3.070310101320233,30,587,TRUE,-5
2018,FEMALE,Madison,MADISON,35,30,3.070310101320233,27,656,TRUE,-8
2018,FEMALE,Stella,STELLA,35,30,3.070310101320233,68,380,TRUE,33
2018,FEMALE,Zoey,ZOEY,35,30,3.070310101320233,36,523,TRUE,1
2018,FEMALE,Chloe,CHLOE,40,29,2.9679664312762255,33,541,TRUE,-7
2018,FEMALE,Ruby,RUBY,40,29,2.9679664312762255,96,295,TRUE,56
2018,FEMALE,Hazel,HAZEL,42,28,2.865622761232218,58,430,TRUE,16
2018,FEMALE,Josephine,JOSEPHINE,43,27,2.76327909118821,NA,NA,FALSE,NA
2018,FEMALE,Natalia,NATALIA,43,27,2.76327909118821,40,499,TRUE,-3
2018,FEMALE,Valentina,VALENTINA,43,27,2.76327909118821,47,467,TRUE,4
2018,FEMALE,Ariana,ARIANA,46,26,2.6609354211442025,35,527,TRUE,-11
2018,FEMALE,Cora,CORA,46,26,2.6609354211442025,NA,NA,FALSE,NA
2018,FEMALE,Emery,EMERY,46,26,2.6609354211442025,67,383,TRUE,21
2018,FEMALE,Natalie,NATALIE,46,26,2.6609354211442025,39,500,TRUE,-7
2018,FEMALE,Savannah,SAVANNAH,46,26,2.6609354211442025,62,411,TRUE,16
2018,FEMALE,Audrey,AUDREY,51,25,2.5585917511001943,46,468,TRUE,-5
2018,FEMALE,Caroline,CAROLINE,51,25,2.5585917511001943,61,418,TRUE,10
2018,FEMALE,Hannah,HANNAH,51,25,2.5585917511001943,37,516,TRUE,-14
2018,FEMALE,Clara,CLARA,54,24,2.4562480810561866,NA,NA,FALSE,NA
2018,FEMALE,Nora,NORA,54,24,2.4562480810561866,95,305,TRUE,41
2018,FEMALE,Isabel,ISABEL,56,23,2.353904411012179,NA,NA,FALSE,NA
2018,FEMALE,Lillian,LILLIAN,56,23,2.353904411012179,71,371,TRUE,15
2018,FEMALE,Riley,RILEY,56,23,2.353904411012179,41,497,TRUE,-15
2018,FEMALE,Samantha,SAMANTHA,56,23,2.353904411012179,57,432,TRUE,1
2018,FEMALE,Allison,ALLISON,60,22,2.2515607409681713,32,552,TRUE,-28
2018,FEMALE,Ellie,ELLIE,60,22,2.2515607409681713,44,476,TRUE,-16
2018,FEMALE,Isla,ISLA,60,22,2.2515607409681713,NA,NA,FALSE,NA
2018,FEMALE,Leah,LEAH,60,22,2.2515607409681713,26,670,TRUE,-34
2018,FEMALE,Julia,JULIA,64,21,2.149217070924163,NA,NA,FALSE,NA
2018,FEMALE,Serenity,SERENITY,64,21,2.149217070924163,76,361,TRUE,12
2018,FEMALE,Andrea,ANDREA,66,20,2.0468734008801555,60,420,TRUE,-6
2018,FEMALE,Anna,ANNA,66,20,2.0468734008801555,85,321,TRUE,19
2018,FEMALE,June,JUNE,66,20,2.0468734008801555,NA,NA,FALSE,NA
2018,FEMALE,Kennedy,KENNEDY,66,20,2.0468734008801555,75,362,TRUE,9
2018,FEMALE,Liliana,LILIANA,66,20,2.0468734008801555,90,312,TRUE,24
2018,FEMALE,Lydia,LYDIA,66,20,2.0468734008801555,NA,NA,FALSE,NA
2018,FEMALE,Valeria,VALERIA,66,20,2.0468734008801555,64,399,TRUE,-2
2018,FEMALE,Aurora,AURORA,73,19,1.9445297308361478,48,464,TRUE,-25
2018,FEMALE,Bella,BELLA,73,19,1.9445297308361478,49,462,TRUE,-24
2018,FEMALE,Eva,EVA,73,19,1.9445297308361478,79,351,TRUE,6
2018,FEMALE,Jade,JADE,73,19,1.9445297308361478,NA,NA,FALSE,NA
2018,FEMALE,Naomi,NAOMI,73,19,1.9445297308361478,73,368,TRUE,0
2018,FEMALE,Alice,ALICE,78,18,1.84218606079214,99,291,TRUE,21
2018,FEMALE,Brooklyn,BROOKLYN,78,18,1.84218606079214,59,425,TRUE,-19
2018,FEMALE,Ivy,IVY,78,18,1.84218606079214,NA,NA,FALSE,NA
2018,FEMALE,Katherine,KATHERINE,78,18,1.84218606079214,81,349,TRUE,3
2018,FEMALE,Madelyn,MADELYN,78,18,1.84218606079214,69,379,TRUE,-9
2018,FEMALE,Sloane,SLOANE,78,18,1.84218606079214,NA,NA,FALSE,NA
2018,FEMALE,Vivian,VIVIAN,78,18,1.84218606079214,NA,NA,FALSE,NA
2018,FEMALE,Alexa,ALEXA,85,17,1.7398423907481322,34,537,TRUE,-51
2018,FEMALE,Alina,ALINA,85,17,1.7398423907481322,NA,NA,FALSE,NA
2018,FEMALE,Aubrey,AUBREY,85,17,1.7398423907481322,38,509,TRUE,-47
2018,FEMALE,Charlie,CHARLIE,85,17,1.7398423907481322,NA,NA,FALSE,NA
2018,FEMALE,Claire,CLAIRE,85,17,1.7398423907481322,92,308,TRUE,7
2018,FEMALE,Juliette,JULIETTE,85,17,1.7398423907481322,NA,NA,FALSE,NA
2018,FEMALE,Madeline,MADELINE,85,17,1.7398423907481322,NA,NA,FALSE,NA
2018,FEMALE,Skylar,SKYLAR,85,17,1.7398423907481322,70,377,TRUE,-15
2018,FEMALE,Sophie,SOPHIE,85,17,1.7398423907481322,NA,NA,FALSE,NA
2018,FEMALE,Ashley,ASHLEY,94,16,1.6374987207041245,72,369,TRUE,-22
2018,FEMALE,Delilah,DELILAH,94,16,1.6374987207041245,65,389,TRUE,-29
2018,FEMALE,Margaret,MARGARET,94,16,1.6374987207041245,NA,NA,FALSE,NA
2018,FEMALE,Maria,MARIA,94,16,1.6374987207041245,66,384,TRUE,-28
2018,FEMALE,Melanie,MELANIE,94,16,1.6374987207041245,43,477,TRUE,-51
2018,FEMALE,Nova,NOVA,94,16,1.6374987207041245,83,340,TRUE,-11
2018,FEMALE,Sadie,SADIE,94,16,1.6374987207041245,91,309,TRUE,-3
2018,FEMALE,Sara,SARA,94,16,1.6374987207041245,NA,NA,FALSE,NA
2018,MALE,Liam,LIAM,1,86,8.55636255098995,1,2156,TRUE,0
2018,MALE,Benjamin,BENJAMIN,2,80,7.9594070241766985,13,1205,TRUE,11
2018,MALE,Oliver,OLIVER,3,78,7.760421848572282,21,1090,TRUE,18
2018,MALE,William,WILLIAM,4,76,7.561436672967864,16,1161,TRUE,12
2018,MALE,Noah,NOAH,5,73,7.262958909561238,2,1917,TRUE,-3
2018,MALE,Henry,HENRY,6,71,7.0639737339568205,55,719,TRUE,49
2018,MALE,Alexander,ALEXANDER,7,66,6.566510794945777,10,1242,TRUE,3
2018,MALE,Daniel,DANIEL,8,63,6.26803303153915,6,1383,TRUE,-2
2018,MALE,John,JOHN,9,62,6.1685404437369415,35,875,TRUE,26
2018,MALE,Sebastian,SEBASTIAN,9,62,6.1685404437369415,3,1570,TRUE,-6
2018,MALE,Luke,LUKE,11,61,6.069047855934733,22,1083,TRUE,11
2018,MALE,James,JAMES,12,60,5.969555268132524,12,1207,TRUE,0
2018,MALE,Lucas,LUCAS,12,60,5.969555268132524,28,986,TRUE,16
2018,MALE,Elijah,ELIJAH,14,59,5.8700626803303155,5,1471,TRUE,-9
2018,MALE,Jack,JACK,14,59,5.8700626803303155,68,590,TRUE,54
2018,MALE,Dylan,DYLAN,16,58,5.770570092528106,19,1109,TRUE,3
2018,MALE,Christopher,CHRISTOPHER,17,56,5.5715849169236895,33,918,TRUE,16
2018,MALE,Samuel,SAMUEL,17,56,5.5715849169236895,27,993,TRUE,10
2018,MALE,Mateo,MATEO,19,55,5.47209232912148,4,1559,TRUE,-15
2018,MALE,Theodore,THEODORE,19,55,5.47209232912148,NA,NA,FALSE,NA
2018,MALE,Logan,LOGAN,21,54,5.372599741319272,24,1061,TRUE,3
2018,MALE,Julian,JULIAN,22,53,5.273107153517063,20,1101,TRUE,-2
2018,MALE,Ethan,ETHAN,23,52,5.173614565714854,8,1267,TRUE,-15
2018,MALE,Jacob,JACOB,23,52,5.173614565714854,7,1309,TRUE,-16
2018,MALE,Jose,JOSE,25,51,5.074121977912646,14,1202,TRUE,-11
2018,MALE,Levi,LEVI,26,49,4.875136802308228,30,929,TRUE,4
2018,MALE,Hudson,HUDSON,27,47,4.676151626703811,70,553,TRUE,43
2018,MALE,David,DAVID,28,45,4.477166451099393,11,1218,TRUE,-17
2018,MALE,Jackson,JACKSON,28,45,4.477166451099393,42,806,TRUE,14
2018,MALE,Jonathan,JONATHAN,30,44,4.3776738632971846,48,758,TRUE,18
2018,MALE,Matthew,MATTHEW,30,44,4.3776738632971846,9,1251,TRUE,-21
2018,MALE,Wyatt,WYATT,30,44,4.3776738632971846,43,793,TRUE,13
2018,MALE,Aiden,AIDEN,33,43,4.278181275494975,18,1118,TRUE,-15
2018,MALE,Christian,CHRISTIAN,33,43,4.278181275494975,34,876,TRUE,1
2018,MALE,Joseph,JOSEPH,33,43,4.278181275494975,41,834,TRUE,8
2018,MALE,Joshua,JOSHUA,33,43,4.278181275494975,39,861,TRUE,6
2018,MALE,Angel,ANGEL,37,41,4.0791960998905585,25,1005,TRUE,-12
2018,MALE,Diego,DIEGO,37,41,4.0791960998905585,62,658,TRUE,25
2018,MALE,Santiago,SANTIAGO,37,41,4.0791960998905585,15,1175,TRUE,-22
2018,MALE,Charles,CHARLES,40,40,3.9797035120883493,77,468,TRUE,37
2018,MALE,Grayson,GRAYSON,40,40,3.9797035120883493,51,736,TRUE,11
2018,MALE,Mason,MASON,40,40,3.9797035120883493,26,1002,TRUE,-14
2018,MALE,Andrew,ANDREW,43,39,3.880210924286141,47,766,TRUE,4
2018,MALE,Elias,ELIAS,43,39,3.880210924286141,58,675,TRUE,15
2018,MALE,Michael,MICHAEL,43,39,3.880210924286141,17,1124,TRUE,-26
2018,MALE,Miles,MILES,43,39,3.880210924286141,NA,NA,FALSE,NA
2018,MALE,Caleb,CALEB,47,38,3.780718336483932,49,753,TRUE,2
2018,MALE,Ian,IAN,47,38,3.780718336483932,53,723,TRUE,6
2018,MALE,Isaiah,ISAIAH,47,38,3.780718336483932,52,735,TRUE,5
2018,MALE,Everett,EVERETT,50,37,3.6812257486817233,NA,NA,FALSE,NA
2018,MALE,Nathan,NATHAN,50,37,3.6812257486817233,37,865,TRUE,-13
2018,MALE,Owen,OWEN,50,37,3.6812257486817233,72,521,TRUE,22
2018,MALE,Adrian,ADRIAN,53,36,3.5817331608795144,38,864,TRUE,-15
2018,MALE,Juan,JUAN,53,36,3.5817331608795144,44,782,TRUE,-9
2018,MALE,Ezra,EZRA,55,35,3.4822405730773056,60,665,TRUE,5
2018,MALE,Josiah,JOSIAH,55,35,3.4822405730773056,31,925,TRUE,-24
2018,MALE,Gael,GAEL,57,34,3.382747985275097,61,663,TRUE,4
2018,MALE,Isaac,ISAAC,57,34,3.382747985275097,29,946,TRUE,-28
2018,MALE,Ryan,RYAN,57,34,3.382747985275097,63,653,TRUE,6
2018,MALE,Asher,ASHER,60,33,3.2832553974728884,66,613,TRUE,6
2018,MALE,Leo,LEO,60,33,3.2832553974728884,76,489,TRUE,16
2018,MALE,Carter,CARTER,62,32,3.1837628096706796,54,720,TRUE,-8
2018,MALE,Gabriel,GABRIEL,62,32,3.1837628096706796,40,843,TRUE,-22
2018,MALE,Nolan,NOLAN,62,32,3.1837628096706796,98,402,TRUE,36
2018,MALE,Thomas,THOMAS,62,32,3.1837628096706796,75,493,TRUE,13
2018,MALE,Eli,ELI,66,31,3.0842702218684708,65,628,TRUE,-1
2018,MALE,Jayden,JAYDEN,67,29,2.885285046264053,23,1080,TRUE,-44
2018,MALE,Jeremiah,JEREMIAH,67,29,2.885285046264053,50,742,TRUE,-17
2018,MALE,Aaron,AARON,69,28,2.7857924584618448,36,872,TRUE,-33
2018,MALE,Ezekiel,EZEKIEL,69,28,2.7857924584618448,67,594,TRUE,-2
2018,MALE,Anthony,ANTHONY,71,27,2.686299870659636,32,922,TRUE,-39
2018,MALE,Carlos,CARLOS,71,27,2.686299870659636,64,652,TRUE,-7
2018,MALE,Cooper,COOPER,71,27,2.686299870659636,99,398,TRUE,28
2018,MALE,Elliott,ELLIOTT,74,25,2.4873146950552183,NA,NA,FALSE,NA
2018,MALE,Jaxon,JAXON,74,25,2.4873146950552183,45,781,TRUE,-29
2018,MALE,Jesus,JESUS,74,25,2.4873146950552183,57,693,TRUE,-17
2018,MALE,Lincoln,LINCOLN,74,25,2.4873146950552183,71,547,TRUE,-3
2018,MALE,Luis,LUIS,74,25,2.4873146950552183,56,704,TRUE,-18
2018,MALE,Maxwell,MAXWELL,74,25,2.4873146950552183,NA,NA,FALSE,NA
2018,MALE,Nathaniel,NATHANIEL,74,25,2.4873146950552183,NA,NA,FALSE,NA
2018,MALE,Axel,AXEL,81,24,2.3878221072530095,69,582,TRUE,-12
2018,MALE,George,GEORGE,81,24,2.3878221072530095,NA,NA,FALSE,NA
2018,MALE,Jason,JASON,81,24,2.3878221072530095,85,437,TRUE,4
2018,MALE,Jude,JUDE,81,24,2.3878221072530095,NA,NA,FALSE,NA
2018,MALE,Leonardo,LEONARDO,81,24,2.3878221072530095,46,770,TRUE,-35
2018,MALE,Robert,ROBERT,81,24,2.3878221072530095,78,467,TRUE,-3
2018,MALE,Tristan,TRISTAN,81,24,2.3878221072530095,NA,NA,FALSE,NA
2018,MALE,Brandon,BRANDON,88,23,2.288329519450801,NA,NA,FALSE,NA
2018,MALE,Jordan,JORDAN,88,23,2.288329519450801,73,508,TRUE,-15
2018,MALE,Kai,KAI,88,23,2.288329519450801,NA,NA,FALSE,NA
2018,MALE,Nicholas,NICHOLAS,88,23,2.288329519450801,91,419,TRUE,3
2018,MALE,August,AUGUST,92,22,2.1888369316485923,NA,NA,FALSE,NA
2018,MALE,Connor,CONNOR,92,22,2.1888369316485923,89,421,TRUE,-3
2018,MALE,Max,MAX,92,22,2.1888369316485923,NA,NA,FALSE,NA
2018,MALE,Miguel,MIGUEL,92,22,2.1888369316485923,86,435,TRUE,-6
2018,MALE,Roman,ROMAN,92,22,2.1888369316485923,97,403,TRUE,5
2018,MALE,Austin,AUSTIN,97,21,2.0893443438463835,92,417,TRUE,-5
2018,MALE,Joel,JOEL,97,21,2.0893443438463835,NA,NA,FALSE,NA
2018,MALE,Kevin,KEVIN,97,21,2.0893443438463835,100,398,TRUE,3
2018,MALE,Luca,LUCA,97,21,2.0893443438463835,NA,NA,FALSE,NA
2018,MALE,Nicolas,NICOLAS,97,21,2.0893443438463835,NA,NA,FALSE,NA
2018,MALE,Rafael,RAFAEL,97,21,2.0893443438463835,NA,NA,FALSE,NA
2018,MALE,Weston,WESTON,97,21,2.0893443438463835,NA,NA,FALSE,NA
2019,FEMALE,Olivia,OLIVIA,1,90,9.164036248854496,2,1955,TRUE,1
2019,FEMALE,Isabella,ISABELLA,2,81,8.247632623969047,3,1751,TRUE,1
2019,FEMALE,Mia,MIA,3,76,7.738519499032685,4,1701,TRUE,1
2019,FEMALE,Charlotte,CHARLOTTE,4,75,7.636696874045413,12,1003,TRUE,8
2019,FEMALE,Sophia,SOPHIA,5,74,7.534874249058141,6,1581,TRUE,1
2019,FEMALE,Emma,EMMA,6,71,7.229406374096325,1,2047,TRUE,-5
2019,FEMALE,Evelyn,EVELYN,7,70,7.127583749109052,11,1034,TRUE,4
2019,FEMALE,Sofia,SOFIA,8,67,6.822115874147236,8,1294,TRUE,0
2019,FEMALE,Camila,CAMILA,9,65,6.618470624172692,5,1663,TRUE,-4
2019,FEMALE,Abigail,ABIGAIL,10,56,5.702066999287242,14,951,TRUE,4
2019,FEMALE,Amelia,AMELIA,11,55,5.60024437429997,9,1117,TRUE,-2
2019,FEMALE,Ava,AVA,11,55,5.60024437429997,7,1329,TRUE,-4
2019,FEMALE,Penelope,PENELOPE,13,49,4.989308624376337,22,718,TRUE,9
2019,FEMALE,Emily,EMILY,14,48,4.887485999389064,13,989,TRUE,-1
2019,FEMALE,Luna,LUNA,14,48,4.887485999389064,15,845,TRUE,1
2019,FEMALE,Zoe,ZOE,16,46,4.68384074941452,26,640,TRUE,10
2019,FEMALE,Ella,ELLA,17,45,4.582018124427248,24,654,TRUE,7
2019,FEMALE,Elizabeth,ELIZABETH,18,44,4.480195499439976,17,808,TRUE,-1
2019,FEMALE,Mila,MILA,19,43,4.378372874452704,23,707,TRUE,4
2019,FEMALE,Eleanor,ELEANOR,20,42,4.276550249465431,37,521,TRUE,17
2019,FEMALE,Emilia,EMILIA,20,42,4.276550249465431,38,514,TRUE,18
2019,FEMALE,Scarlett,SCARLETT,20,42,4.276550249465431,21,729,TRUE,1
2019,FEMALE,Aria,ARIA,23,39,3.971082374503615,20,735,TRUE,-3
2019,FEMALE,Hannah,HANNAH,24,38,3.8692597495163423,32,559,TRUE,8
2019,FEMALE,Violet,VIOLET,24,38,3.8692597495163423,43,485,TRUE,19
2019,FEMALE,Avery,AVERY,26,33,3.360146624579982,16,823,TRUE,-10
2019,FEMALE,Chloe,CHLOE,26,33,3.360146624579982,35,546,TRUE,9
2019,FEMALE,Josephine,JOSEPHINE,26,33,3.360146624579982,NA,NA,FALSE,NA
2019,FEMALE,Victoria,VICTORIA,26,33,3.360146624579982,10,1064,TRUE,-16
2019,FEMALE,Lucy,LUCY,30,32,3.2583239995927094,86,311,TRUE,56
2019,FEMALE,Allison,ALLISON,31,31,3.1565013746054373,34,551,TRUE,3
2019,FEMALE,Ellie,ELLIE,31,31,3.1565013746054373,36,542,TRUE,5
2019,FEMALE,Ruby,RUBY,31,31,3.1565013746054373,NA,NA,FALSE,NA
2019,FEMALE,Stella,STELLA,31,31,3.1565013746054373,66,396,TRUE,35
2019,FEMALE,Elena,ELENA,35,30,3.0546787496181653,27,638,TRUE,-8
2019,FEMALE,Hazel,HAZEL,35,30,3.0546787496181653,42,489,TRUE,7
2019,FEMALE,Lillian,LILLIAN,35,30,3.0546787496181653,71,362,TRUE,36
2019,FEMALE,Delilah,DELILAH,38,29,2.952856124630893,65,400,TRUE,27
2019,FEMALE,Isla,ISLA,38,29,2.952856124630893,NA,NA,FALSE,NA
2019,FEMALE,Harper,HARPER,40,28,2.851033499643621,19,759,TRUE,-21
2019,FEMALE,Layla,LAYLA,40,28,2.851033499643621,25,641,TRUE,-15
2019,FEMALE,Natalie,NATALIE,40,28,2.851033499643621,41,491,TRUE,1
2019,FEMALE,Arya,ARYA,43,27,2.749210874656349,87,310,TRUE,44
2019,FEMALE,Audrey,AUDREY,43,27,2.749210874656349,51,452,TRUE,8
2019,FEMALE,Claire,CLAIRE,43,27,2.749210874656349,78,341,TRUE,35
2019,FEMALE,Madeline,MADELINE,43,27,2.749210874656349,91,307,TRUE,48
2019,FEMALE,Ximena,XIMENA,43,27,2.749210874656349,31,569,TRUE,-12
2019,FEMALE,Cora,CORA,48,26,2.6473882496690764,NA,NA,FALSE,NA
2019,FEMALE,Lily,LILY,48,26,2.6473882496690764,53,449,TRUE,5
2019,FEMALE,Valentina,VALENTINA,48,26,2.6473882496690764,28,637,TRUE,-20
2019,FEMALE,Aaliyah,AALIYAH,51,25,2.5455656246818044,50,452,TRUE,-1
2019,FEMALE,Emery,EMERY,51,25,2.5455656246818044,70,372,TRUE,19
2019,FEMALE,Grace,GRACE,51,25,2.5455656246818044,47,473,TRUE,-4
2019,FEMALE,Samantha,SAMANTHA,51,25,2.5455656246818044,57,415,TRUE,6
2019,FEMALE,Aurora,AURORA,55,24,2.443742999694532,49,460,TRUE,-6
2019,FEMALE,Caroline,CAROLINE,55,24,2.443742999694532,60,405,TRUE,5
2019,FEMALE,Eliana,ELIANA,55,24,2.443742999694532,39,497,TRUE,-16
2019,FEMALE,Kennedy,KENNEDY,55,24,2.443742999694532,74,353,TRUE,19
2019,FEMALE,Naomi,NAOMI,55,24,2.443742999694532,68,387,TRUE,13
2019,FEMALE,Riley,RILEY,55,24,2.443742999694532,52,450,TRUE,-3
2019,FEMALE,Valeria,VALERIA,55,24,2.443742999694532,59,409,TRUE,4
2019,FEMALE,Eva,EVA,62,23,2.34192037470726,94,294,TRUE,32
2019,FEMALE,Zoey,ZOEY,62,23,2.34192037470726,45,478,TRUE,-17
2019,FEMALE,Addison,ADDISON,64,22,2.240097749719988,55,431,TRUE,-9
2019,FEMALE,Leah,LEAH,64,22,2.240097749719988,29,627,TRUE,-35
2019,FEMALE,Madison,MADISON,64,22,2.240097749719988,30,570,TRUE,-34
2019,FEMALE,Maya,MAYA,64,22,2.240097749719988,80,335,TRUE,16
2019,FEMALE,Andrea,ANDREA,68,21,2.1382751247327154,56,427,TRUE,-12
2019,FEMALE,Ariana,ARIANA,68,21,2.1382751247327154,33,555,TRUE,-35
2019,FEMALE,Everly,EVERLY,68,21,2.1382751247327154,48,466,TRUE,-20
2019,FEMALE,Genesis,GENESIS,68,21,2.1382751247327154,18,778,TRUE,-50
2019,FEMALE,Natalia,NATALIA,68,21,2.1382751247327154,40,494,TRUE,-28
2019,FEMALE,Sophie,SOPHIE,68,21,2.1382751247327154,NA,NA,FALSE,NA
2019,FEMALE,Alice,ALICE,74,20,2.0364524997454434,89,308,TRUE,15
2019,FEMALE,Clara,CLARA,74,20,2.0364524997454434,NA,NA,FALSE,NA
2019,FEMALE,Nora,NORA,74,20,2.0364524997454434,99,291,TRUE,25
2019,FEMALE,Rose,ROSE,74,20,2.0364524997454434,NA,NA,FALSE,NA
2019,FEMALE,Savannah,SAVANNAH,74,20,2.0364524997454434,61,405,TRUE,-13
2019,FEMALE,Ashley,ASHLEY,79,19,1.9346298747581712,85,318,TRUE,6
2019,FEMALE,Brooklyn,BROOKLYN,79,19,1.9346298747581712,62,404,TRUE,-17
2019,FEMALE,Gabriella,GABRIELLA,79,19,1.9346298747581712,75,347,TRUE,-4
2019,FEMALE,Ivy,IVY,79,19,1.9346298747581712,81,332,TRUE,2
2019,FEMALE,Lucia,LUCIA,79,19,1.9346298747581712,NA,NA,FALSE,NA
2019,FEMALE,Lydia,LYDIA,79,19,1.9346298747581712,NA,NA,FALSE,NA
2019,FEMALE,Isabelle,ISABELLE,85,17,1.730984624783627,NA,NA,FALSE,NA
2019,FEMALE,Jade,JADE,85,17,1.730984624783627,90,307,TRUE,5
2019,FEMALE,Juliet,JULIET,85,17,1.730984624783627,NA,NA,FALSE,NA
2019,FEMALE,June,JUNE,85,17,1.730984624783627,NA,NA,FALSE,NA
2019,FEMALE,Margot,MARGOT,85,17,1.730984624783627,NA,NA,FALSE,NA
2019,FEMALE,Melanie,MELANIE,85,17,1.730984624783627,46,476,TRUE,-39
2019,FEMALE,Piper,PIPER,85,17,1.730984624783627,NA,NA,FALSE,NA
2019,FEMALE,Quinn,QUINN,85,17,1.730984624783627,NA,NA,FALSE,NA
2019,FEMALE,Vivian,VIVIAN,85,17,1.730984624783627,NA,NA,FALSE,NA
2019,FEMALE,Daniela,DANIELA,94,16,1.6291619997963547,98,291,TRUE,4
2019,FEMALE,Hailey,HAILEY,94,16,1.6291619997963547,76,347,TRUE,-18
2019,FEMALE,Madelyn,MADELYN,94,16,1.6291619997963547,64,402,TRUE,-30
2019,FEMALE,Nova,NOVA,94,16,1.6291619997963547,88,309,TRUE,-6
2019,FEMALE,Sarah,SARAH,94,16,1.6291619997963547,83,325,TRUE,-11
2019,FEMALE,Skylar,SKYLAR,94,16,1.6291619997963547,79,336,TRUE,-15
2019,FEMALE,Valerie,VALERIE,94,16,1.6291619997963547,NA,NA,FALSE,NA
2019,MALE,Liam,LIAM,1,96,9.205101160226292,1,2231,TRUE,0
2019,MALE,Oliver,OLIVER,2,89,8.533895867293126,14,1152,TRUE,12
2019,MALE,Noah,NOAH,3,86,8.246236456036053,2,2087,TRUE,-1
2019,MALE,Mateo,MATEO,4,82,7.8626905743599576,3,1742,TRUE,-1
2019,MALE,William,WILLIAM,5,80,7.67091763352191,16,1104,TRUE,11
2019,MALE,Henry,HENRY,6,79,7.575031163102886,47,745,TRUE,41
2019,MALE,James,JAMES,7,77,7.383258222264838,18,1081,TRUE,11
2019,MALE,Benjamin,BENJAMIN,8,71,6.807939399750695,12,1175,TRUE,4
2019,MALE,Daniel,DANIEL,8,71,6.807939399750695,6,1335,TRUE,-2
2019,MALE,Alexander,ALEXANDER,10,68,6.520279988493623,11,1184,TRUE,1
2019,MALE,Sebastian,SEBASTIAN,10,68,6.520279988493623,5,1569,TRUE,-5
2019,MALE,Ethan,ETHAN,12,66,6.328507047655576,9,1214,TRUE,-3
2019,MALE,John,JOHN,13,65,6.232620577236552,34,854,TRUE,21
2019,MALE,Lucas,LUCAS,14,64,6.136734106817528,19,1053,TRUE,5
2019,MALE,Elijah,ELIJAH,15,63,6.040847636398504,4,1615,TRUE,-11
2019,MALE,Jack,JACK,16,59,5.6573017547224085,61,670,TRUE,45
2019,MALE,Dylan,DYLAN,17,58,5.561415284303385,31,896,TRUE,14
2019,MALE,Julian,JULIAN,17,58,5.561415284303385,8,1221,TRUE,-9
2019,MALE,Luke,LUKE,19,55,5.273755873046313,20,1047,TRUE,1
2019,MALE,Isaac,ISAAC,20,54,5.177869402627289,25,953,TRUE,5
2019,MALE,Jacob,JACOB,21,53,5.081982932208265,10,1186,TRUE,-11
2019,MALE,Theodore,THEODORE,21,53,5.081982932208265,87,427,TRUE,66
2019,MALE,Michael,MICHAEL,23,52,4.986096461789241,22,1014,TRUE,-1
2019,MALE,Miles,MILES,23,52,4.986096461789241,93,404,TRUE,70
2019,MALE,Santiago,SANTIAGO,25,49,4.69843705053217,7,1258,TRUE,-18
2019,MALE,Levi,LEVI,26,48,4.602550580113146,26,949,TRUE,0
2019,MALE,David,DAVID,27,47,4.506664109694122,17,1101,TRUE,-10
2019,MALE,Jackson,JACKSON,28,46,4.410777639275098,44,759,TRUE,16
2019,MALE,Samuel,SAMUEL,28,46,4.410777639275098,23,996,TRUE,-5
2019,MALE,Owen,OWEN,30,45,4.314891168856074,72,572,TRUE,42
2019,MALE,Wyatt,WYATT,30,45,4.314891168856074,50,733,TRUE,20
2019,MALE,Grayson,GRAYSON,32,44,4.21900469843705,54,712,TRUE,22
2019,MALE,Angel,ANGEL,33,43,4.1231182280180265,24,961,TRUE,-9
2019,MALE,Hudson,HUDSON,33,43,4.1231182280180265,71,581,TRUE,38
2019,MALE,Josiah,JOSIAH,33,43,4.1231182280180265,27,946,TRUE,-6
2019,MALE,Thomas,THOMAS,33,43,4.1231182280180265,74,518,TRUE,41
2019,MALE,Anthony,ANTHONY,37,42,4.027231757599003,37,845,TRUE,0
2019,MALE,Caleb,CALEB,37,42,4.027231757599003,53,712,TRUE,16
2019,MALE,Ezra,EZRA,37,42,4.027231757599003,39,808,TRUE,2
2019,MALE,Logan,LOGAN,37,42,4.027231757599003,36,846,TRUE,-1
2019,MALE,Matthew,MATTHEW,41,41,3.9313452871799788,13,1153,TRUE,-28
2019,MALE,Joseph,JOSEPH,42,40,3.835458816760955,38,832,TRUE,-4
2019,MALE,Leonardo,LEONARDO,42,40,3.835458816760955,33,855,TRUE,-9
2019,MALE,Diego,DIEGO,44,39,3.739572346341931,63,665,TRUE,19
2019,MALE,Gabriel,GABRIEL,44,39,3.739572346341931,35,846,TRUE,-9
2019,MALE,Jose,JOSE,44,39,3.739572346341931,15,1121,TRUE,-29
2019,MALE,Elias,ELIAS,47,38,3.643685875922907,48,741,TRUE,1
2019,MALE,Isaiah,ISAIAH,47,38,3.643685875922907,46,751,TRUE,-1
2019,MALE,Jayden,JAYDEN,47,38,3.643685875922907,21,1016,TRUE,-26
2019,MALE,Christian,CHRISTIAN,50,37,3.5477994055038833,40,789,TRUE,-10
2019,MALE,Aaron,AARON,51,36,3.4519129350848594,41,776,TRUE,-10
2019,MALE,Adrian,ADRIAN,52,35,3.3560264646658355,29,922,TRUE,-23
2019,MALE,Ian,IAN,52,35,3.3560264646658355,58,690,TRUE,6
2019,MALE,Lincoln,LINCOLN,52,35,3.3560264646658355,69,587,TRUE,17
2019,MALE,Aiden,AIDEN,55,34,3.2601399942468117,28,935,TRUE,-27
2019,MALE,Charles,CHARLES,55,34,3.2601399942468117,75,485,TRUE,20
2019,MALE,Eli,ELI,55,34,3.2601399942468117,70,583,TRUE,15
2019,MALE,Nathan,NATHAN,58,33,3.164253523827788,51,731,TRUE,-7
2019,MALE,Adam,ADAM,59,32,3.068367053408764,98,395,TRUE,39
2019,MALE,Asher,ASHER,59,32,3.068367053408764,67,624,TRUE,8
2019,MALE,Christopher,CHRISTOPHER,59,32,3.068367053408764,32,881,TRUE,-27
2019,MALE,Gael,GAEL,59,32,3.068367053408764,66,640,TRUE,7
2019,MALE,Jesus,JESUS,59,32,3.068367053408764,60,673,TRUE,1
2019,MALE,Joshua,JOSHUA,64,31,2.97248058298974,43,770,TRUE,-21
2019,MALE,Leo,LEO,64,31,2.97248058298974,73,533,TRUE,9
2019,MALE,Ryan,RYAN,66,30,2.876594112570716,68,616,TRUE,2
2019,MALE,Austin,AUSTIN,67,29,2.7807076421516923,89,426,TRUE,22
2019,MALE,Carter,CARTER,67,29,2.7807076421516923,62,667,TRUE,-5
2019,MALE,Andrew,ANDREW,69,28,2.6848211717326684,49,737,TRUE,-20
2019,MALE,Evan,EVAN,69,28,2.6848211717326684,NA,NA,FALSE,NA
2019,MALE,Jaxon,JAXON,69,28,2.6848211717326684,55,711,TRUE,-14
2019,MALE,Jonathan,JONATHAN,69,28,2.6848211717326684,52,714,TRUE,-17
2019,MALE,Milo,MILO,69,28,2.6848211717326684,NA,NA,FALSE,NA
2019,MALE,Everett,EVERETT,74,27,2.5889347013136446,NA,NA,FALSE,NA
2019,MALE,Luca,LUCA,74,27,2.5889347013136446,NA,NA,FALSE,NA
2019,MALE,Nicolas,NICOLAS,74,27,2.5889347013136446,NA,NA,FALSE,NA
2019,MALE,Axel,AXEL,77,26,2.4930482308946207,45,755,TRUE,-32
2019,MALE,Brooks,BROOKS,77,26,2.4930482308946207,NA,NA,FALSE,NA
2019,MALE,Mason,MASON,77,26,2.4930482308946207,30,900,TRUE,-47
2019,MALE,Nolan,NOLAN,77,26,2.4930482308946207,97,399,TRUE,20
2019,MALE,Oscar,OSCAR,77,26,2.4930482308946207,NA,NA,FALSE,NA
2019,MALE,Gavin,GAVIN,82,25,2.397161760475597,NA,NA,FALSE,NA
2019,MALE,Jordan,JORDAN,82,25,2.397161760475597,82,443,TRUE,0
2019,MALE,Juan,JUAN,82,25,2.397161760475597,57,693,TRUE,-25
2019,MALE,Luis,LUIS,82,25,2.397161760475597,42,772,TRUE,-40
2019,MALE,Jeremiah,JEREMIAH,86,24,2.301275290056573,59,685,TRUE,-27
2019,MALE,Jude,JUDE,86,24,2.301275290056573,NA,NA,FALSE,NA
2019,MALE,Kai,KAI,86,24,2.301275290056573,NA,NA,FALSE,NA
2019,MALE,Rowan,ROWAN,86,24,2.301275290056573,NA,NA,FALSE,NA
2019,MALE,Ezekiel,EZEKIEL,90,22,2.109502349218525,56,697,TRUE,-34
2019,MALE,Graham,GRAHAM,90,22,2.109502349218525,NA,NA,FALSE,NA
2019,MALE,Jorge,JORGE,90,22,2.109502349218525,NA,NA,FALSE,NA
2019,MALE,Maxwell,MAXWELL,90,22,2.109502349218525,NA,NA,FALSE,NA
2019,MALE,Emmanuel,EMMANUEL,94,21,2.0136158787995013,95,402,TRUE,1
2019,MALE,Hunter,HUNTER,94,21,2.0136158787995013,NA,NA,FALSE,NA
2019,MALE,Micah,MICAH,94,21,2.0136158787995013,NA,NA,FALSE,NA
2019,MALE,Parker,PARKER,94,21,2.0136158787995013,NA,NA,FALSE,NA
2019,MALE,Alan,ALAN,98,20,1.9177294083804775,100,394,TRUE,2
2019,MALE,Alejandro,ALEJANDRO,98,20,1.9177294083804775,76,481,TRUE,-22
2019,MALE,Damian,DAMIAN,98,20,1.9177294083804775,64,653,TRUE,-34
2019,MALE,Elliott,ELLIOTT,98,20,1.9177294083804775,NA,NA,FALSE,NA
2019,MALE,Sawyer,SAWYER,98,20,1.9177294083804775,NA,NA,FALSE,NA
2020,FEMALE,Emma,EMMA,1,94,9.52863659401926,2,1842,TRUE,1
2020,FEMALE,Olivia,OLIVIA,2,93,9.4272681196148,1,1930,TRUE,-1
2020,FEMALE,Camila,CAMILA,3,87,8.819057273188038,3,1750,TRUE,0
2020,FEMALE,Mia,MIA,4,86,8.717688798783579,5,1490,TRUE,1
2020,FEMALE,Isabella,ISABELLA,5,81,8.210846426761277,4,1673,TRUE,-1
2020,FEMALE,Charlotte,CHARLOTTE,6,67,6.791687785098834,10,1033,TRUE,4
2020,FEMALE,Evelyn,EVELYN,6,67,6.791687785098834,12,952,TRUE,6
2020,FEMALE,Sofia,SOFIA,8,61,6.183476938672073,9,1133,TRUE,1
2020,FEMALE,Amelia,AMELIA,9,60,6.082108464267613,8,1149,TRUE,-1
2020,FEMALE,Ava,AVA,9,60,6.082108464267613,7,1233,TRUE,-2
2020,FEMALE,Sophia,SOPHIA,11,58,5.8793715154586925,6,1471,TRUE,-5
2020,FEMALE,Mila,MILA,12,45,4.5615813482007095,20,671,TRUE,8
2020,FEMALE,Luna,LUNA,13,44,4.460212873796249,13,877,TRUE,0
2020,FEMALE,Abigail,ABIGAIL,14,43,4.358844399391789,14,869,TRUE,0
2020,FEMALE,Zoe,ZOE,14,43,4.358844399391789,31,571,TRUE,17
2020,FEMALE,Eleanor,ELEANOR,16,42,4.257475924987329,38,505,TRUE,22
2020,FEMALE,Ella,ELLA,17,41,4.156107450582868,25,612,TRUE,8
2020,FEMALE,Hannah,HANNAH,17,41,4.156107450582868,49,454,TRUE,32
2020,FEMALE,Harper,HARPER,17,41,4.156107450582868,18,733,TRUE,1
2020,FEMALE,Emily,EMILY,20,40,4.054738976178409,16,787,TRUE,-4
2020,FEMALE,Scarlett,SCARLETT,20,40,4.054738976178409,23,659,TRUE,3
2020,FEMALE,Avery,AVERY,22,39,3.953370501773948,19,732,TRUE,-3
2020,FEMALE,Elizabeth,ELIZABETH,23,37,3.750633552965028,17,774,TRUE,-6
2020,FEMALE,Victoria,VICTORIA,23,37,3.750633552965028,15,834,TRUE,-8
2020,FEMALE,Aria,ARIA,25,36,3.6492650785605676,30,575,TRUE,5
2020,FEMALE,Lily,LILY,26,35,3.5478966041561075,47,459,TRUE,21
2020,FEMALE,Emilia,EMILIA,27,34,3.446528129751647,35,526,TRUE,8
2020,FEMALE,Chloe,CHLOE,28,33,3.345159655347187,34,544,TRUE,6
2020,FEMALE,Everly,EVERLY,28,33,3.345159655347187,42,483,TRUE,14
2020,FEMALE,Elena,ELENA,30,32,3.243791180942727,26,606,TRUE,-4
2020,FEMALE,Isla,ISLA,30,32,3.243791180942727,92,293,TRUE,62
2020,FEMALE,Layla,LAYLA,30,32,3.243791180942727,24,658,TRUE,-6
2020,FEMALE,Violet,VIOLET,30,32,3.243791180942727,50,449,TRUE,20
2020,FEMALE,Gianna,GIANNA,34,31,3.1424227065382664,11,990,TRUE,-23
2020,FEMALE,Lucy,LUCY,34,31,3.1424227065382664,90,300,TRUE,56
2020,FEMALE,Eliana,ELIANA,36,30,3.0410542321338063,33,552,TRUE,-3
2020,FEMALE,Grace,GRACE,36,30,3.0410542321338063,44,472,TRUE,8
2020,FEMALE,Nora,NORA,36,30,3.0410542321338063,91,299,TRUE,55
2020,FEMALE,Penelope,PENELOPE,36,30,3.0410542321338063,22,660,TRUE,-14
2020,FEMALE,Natalie,NATALIE,40,29,2.9396857577293463,56,418,TRUE,16
2020,FEMALE,Aurora,AURORA,41,28,2.8383172833248858,45,468,TRUE,4
2020,FEMALE,Hazel,HAZEL,41,28,2.8383172833248858,36,514,TRUE,-5
2020,FEMALE,Maya,MAYA,41,28,2.8383172833248858,88,305,TRUE,47
2020,FEMALE,Addison,ADDISON,44,27,2.7369488089204257,52,435,TRUE,8
2020,FEMALE,Eva,EVA,44,27,2.7369488089204257,89,303,TRUE,45
2020,FEMALE,Claire,CLAIRE,46,26,2.6355803345159656,81,322,TRUE,35
2020,FEMALE,Ellie,ELLIE,46,26,2.6355803345159656,27,594,TRUE,-19
2020,FEMALE,Julia,JULIA,46,26,2.6355803345159656,NA,NA,FALSE,NA
2020,FEMALE,Lucia,LUCIA,46,26,2.6355803345159656,NA,NA,FALSE,NA
2020,FEMALE,Naomi,NAOMI,46,26,2.6355803345159656,63,384,TRUE,17
2020,FEMALE,Ximena,XIMENA,46,26,2.6355803345159656,37,508,TRUE,-9
2020,FEMALE,Quinn,QUINN,52,25,2.534211860111505,NA,NA,FALSE,NA
2020,FEMALE,Sophie,SOPHIE,52,25,2.534211860111505,NA,NA,FALSE,NA
2020,FEMALE,Cora,CORA,54,24,2.432843385707045,NA,NA,FALSE,NA
2020,FEMALE,Josephine,JOSEPHINE,54,24,2.432843385707045,NA,NA,FALSE,NA
2020,FEMALE,Madison,MADISON,54,24,2.432843385707045,32,565,TRUE,-22
2020,FEMALE,Natalia,NATALIA,54,24,2.432843385707045,29,576,TRUE,-25
2020,FEMALE,Riley,RILEY,54,24,2.432843385707045,46,466,TRUE,-8
2020,FEMALE,Ruby,RUBY,54,24,2.432843385707045,NA,NA,FALSE,NA
2020,FEMALE,Stella,STELLA,54,24,2.432843385707045,67,366,TRUE,13
2020,FEMALE,Margaret,MARGARET,61,23,2.331474911302585,NA,NA,FALSE,NA
2020,FEMALE,Allison,ALLISON,62,22,2.2301064368981245,43,477,TRUE,-19
2020,FEMALE,Leah,LEAH,62,22,2.2301064368981245,28,577,TRUE,-34
2020,FEMALE,Valeria,VALERIA,62,22,2.2301064368981245,77,330,TRUE,15
2020,FEMALE,Delilah,DELILAH,65,21,2.1287379624936644,54,420,TRUE,-11
2020,FEMALE,Rose,ROSE,65,21,2.1287379624936644,NA,NA,FALSE,NA
2020,FEMALE,Andrea,ANDREA,67,20,2.0273694880892044,66,376,TRUE,-1
2020,FEMALE,Genesis,GENESIS,67,20,2.0273694880892044,21,663,TRUE,-46
2020,FEMALE,Jade,JADE,67,20,2.0273694880892044,83,321,TRUE,16
2020,FEMALE,Lillian,LILLIAN,67,20,2.0273694880892044,78,327,TRUE,11
2020,FEMALE,Madeline,MADELINE,67,20,2.0273694880892044,79,325,TRUE,12
2020,FEMALE,Nova,NOVA,67,20,2.0273694880892044,53,430,TRUE,-14
2020,FEMALE,Willow,WILLOW,67,20,2.0273694880892044,NA,NA,FALSE,NA
2020,FEMALE,Zoey,ZOEY,67,20,2.0273694880892044,40,488,TRUE,-27
2020,FEMALE,Anna,ANNA,75,19,1.926001013684744,80,322,TRUE,5
2020,FEMALE,Autumn,AUTUMN,75,19,1.926001013684744,94,288,TRUE,19
2020,FEMALE,Cecilia,CECILIA,75,19,1.926001013684744,NA,NA,FALSE,NA
2020,FEMALE,Melanie,MELANIE,75,19,1.926001013684744,55,420,TRUE,-20
2020,FEMALE,Vivian,VIVIAN,75,19,1.926001013684744,NA,NA,FALSE,NA
2020,FEMALE,Aaliyah,AALIYAH,80,18,1.8246325392802838,51,442,TRUE,-29
2020,FEMALE,Alice,ALICE,80,18,1.8246325392802838,85,309,TRUE,5
2020,FEMALE,Ariana,ARIANA,80,18,1.8246325392802838,48,458,TRUE,-32
2020,FEMALE,Brooklyn,BROOKLYN,80,18,1.8246325392802838,58,401,TRUE,-22
2020,FEMALE,Caroline,CAROLINE,80,18,1.8246325392802838,71,349,TRUE,-9
2020,FEMALE,Emery,EMERY,80,18,1.8246325392802838,64,381,TRUE,-16
2020,FEMALE,Kimberly,KIMBERLY,80,18,1.8246325392802838,NA,NA,FALSE,NA
2020,FEMALE,Liliana,LILIANA,80,18,1.8246325392802838,98,277,TRUE,18
2020,FEMALE,Parker,PARKER,80,18,1.8246325392802838,97,279,TRUE,17
2020,FEMALE,Samantha,SAMANTHA,80,18,1.8246325392802838,57,415,TRUE,-23
2020,FEMALE,Hailey,HAILEY,90,17,1.7232640648758235,93,291,TRUE,3
2020,FEMALE,Katherine,KATHERINE,90,17,1.7232640648758235,NA,NA,FALSE,NA
2020,FEMALE,Margot,MARGOT,90,17,1.7232640648758235,NA,NA,FALSE,NA
2020,FEMALE,Norah,NORAH,90,17,1.7232640648758235,NA,NA,FALSE,NA
2020,FEMALE,Adeline,ADELINE,94,16,1.6218955904713634,NA,NA,FALSE,NA
2020,FEMALE,Aubrey,AUBREY,94,16,1.6218955904713634,65,377,TRUE,-29
2020,FEMALE,Audrey,AUDREY,94,16,1.6218955904713634,62,384,TRUE,-32
2020,FEMALE,Iris,IRIS,94,16,1.6218955904713634,NA,NA,FALSE,NA
2020,FEMALE,June,JUNE,94,16,1.6218955904713634,NA,NA,FALSE,NA
2020,FEMALE,Juniper,JUNIPER,94,16,1.6218955904713634,NA,NA,FALSE,NA
2020,FEMALE,Olive,OLIVE,94,16,1.6218955904713634,NA,NA,FALSE,NA
2020,FEMALE,Valentina,VALENTINA,94,16,1.6218955904713634,39,492,TRUE,-55
2020,FEMALE,Valerie,VALERIE,94,16,1.6218955904713634,NA,NA,FALSE,NA
2020,MALE,Liam,LIAM,1,101,9.767891682785299,1,2219,TRUE,0
2020,MALE,Mateo,MATEO,2,92,8.897485493230175,3,1722,TRUE,1
2020,MALE,Noah,NOAH,3,90,8.704061895551257,2,2088,TRUE,-1
2020,MALE,Oliver,OLIVER,4,87,8.413926499032883,6,1293,TRUE,2
2020,MALE,Benjamin,BENJAMIN,5,77,7.446808510638298,9,1136,TRUE,4
2020,MALE,Henry,HENRY,6,70,6.769825918762089,36,781,TRUE,30
2020,MALE,Sebastian,SEBASTIAN,7,68,6.576402321083172,5,1479,TRUE,-2
2020,MALE,Jack,JACK,8,66,6.382978723404255,68,573,TRUE,60
2020,MALE,James,JAMES,8,66,6.382978723404255,13,1048,TRUE,5
2020,MALE,William,WILLIAM,8,66,6.382978723404255,14,1042,TRUE,6
2020,MALE,Dylan,DYLAN,11,64,6.189555125725338,27,853,TRUE,16
2020,MALE,Lucas,LUCAS,12,62,5.996131528046422,20,982,TRUE,8
2020,MALE,Ethan,ETHAN,13,61,5.899419729206963,15,1041,TRUE,2
2020,MALE,John,JOHN,14,60,5.802707930367505,30,829,TRUE,16
2020,MALE,Daniel,DANIEL,15,57,5.51257253384913,7,1219,TRUE,-8
2020,MALE,David,DAVID,16,55,5.319148936170213,16,1019,TRUE,0
2020,MALE,Jacob,JACOB,16,55,5.319148936170213,17,1018,TRUE,1
2020,MALE,Elijah,ELIJAH,18,51,4.932301740812379,4,1557,TRUE,-14
2020,MALE,Samuel,SAMUEL,18,51,4.932301740812379,21,952,TRUE,3
2020,MALE,Santiago,SANTIAGO,20,50,4.835589941972921,8,1171,TRUE,-12
2020,MALE,Leo,LEO,21,49,4.738878143133462,70,541,TRUE,49
2020,MALE,Luke,LUKE,22,48,4.6421663442940035,23,930,TRUE,1
2020,MALE,Elias,ELIAS,23,47,4.545454545454546,38,773,TRUE,15
2020,MALE,Jackson,JACKSON,23,47,4.545454545454546,50,699,TRUE,27
2020,MALE,Levi,LEVI,23,47,4.545454545454546,18,1005,TRUE,-5
2020,MALE,Ezra,EZRA,26,46,4.448742746615087,29,833,TRUE,3
2020,MALE,Charles,CHARLES,27,45,4.352030947775629,78,460,TRUE,51
2020,MALE,Asher,ASHER,28,44,4.25531914893617,52,672,TRUE,24
2020,MALE,Austin,AUSTIN,28,44,4.25531914893617,85,427,TRUE,57
2020,MALE,Theodore,THEODORE,28,44,4.25531914893617,77,486,TRUE,49
2020,MALE,Anthony,ANTHONY,31,43,4.158607350096712,32,801,TRUE,1
2020,MALE,Joseph,JOSEPH,31,43,4.158607350096712,41,766,TRUE,10
2020,MALE,Logan,LOGAN,31,43,4.158607350096712,39,773,TRUE,8
2020,MALE,Michael,MICHAEL,31,43,4.158607350096712,22,948,TRUE,-9
2020,MALE,Gabriel,GABRIEL,35,42,4.061895551257253,37,777,TRUE,2
2020,MALE,Jayden,JAYDEN,36,41,3.965183752417795,25,892,TRUE,-11
2020,MALE,Julian,JULIAN,36,41,3.965183752417795,12,1049,TRUE,-24
2020,MALE,Jose,JOSE,38,39,3.771760154738878,11,1081,TRUE,-27
2020,MALE,Christopher,CHRISTOPHER,39,38,3.6750483558994196,42,748,TRUE,3
2020,MALE,Gael,GAEL,39,38,3.6750483558994196,40,769,TRUE,1
2020,MALE,Miles,MILES,39,38,3.6750483558994196,97,378,TRUE,58
2020,MALE,Angel,ANGEL,42,37,3.5783365570599615,26,870,TRUE,-16
2020,MALE,Nolan,NOLAN,42,37,3.5783365570599615,86,427,TRUE,44
2020,MALE,Owen,OWEN,42,37,3.5783365570599615,73,509,TRUE,31
2020,MALE,Joshua,JOSHUA,45,36,3.481624758220503,45,734,TRUE,0
2020,MALE,Aiden,AIDEN,46,35,3.3849129593810443,24,911,TRUE,-22
2020,MALE,Alexander,ALEXANDER,46,35,3.3849129593810443,10,1121,TRUE,-36
2020,MALE,Grayson,GRAYSON,46,35,3.3849129593810443,58,632,TRUE,12
2020,MALE,Lincoln,LINCOLN,49,34,3.288201160541586,72,536,TRUE,23
2020,MALE,Luca,LUCA,49,34,3.288201160541586,89,421,TRUE,40
2020,MALE,Mason,MASON,49,34,3.288201160541586,34,793,TRUE,-15
2020,MALE,Matthew,MATTHEW,49,34,3.288201160541586,19,988,TRUE,-30
2020,MALE,Wyatt,WYATT,49,34,3.288201160541586,51,697,TRUE,2
2020,MALE,Isaac,ISAAC,54,33,3.1914893617021276,28,835,TRUE,-26
2020,MALE,Nathan,NATHAN,54,33,3.1914893617021276,47,713,TRUE,-7
2020,MALE,Leonardo,LEONARDO,56,32,3.094777562862669,44,737,TRUE,-12
2020,MALE,Cameron,CAMERON,57,31,2.998065764023211,NA,NA,FALSE,NA
2020,MALE,Christian,CHRISTIAN,57,31,2.998065764023211,49,709,TRUE,-8
2020,MALE,Diego,DIEGO,57,31,2.998065764023211,61,621,TRUE,4
2020,MALE,Isaiah,ISAIAH,57,31,2.998065764023211,43,747,TRUE,-14
2020,MALE,Jaxon,JAXON,57,31,2.998065764023211,57,634,TRUE,0
2020,MALE,Axel,AXEL,62,30,2.9013539651837523,55,645,TRUE,-7
2020,MALE,Ian,IAN,62,30,2.9013539651837523,53,665,TRUE,-9
2020,MALE,Josiah,JOSIAH,62,30,2.9013539651837523,33,799,TRUE,-29
2020,MALE,Andrew,ANDREW,65,29,2.804642166344294,59,630,TRUE,-6
2020,MALE,Connor,CONNOR,65,29,2.804642166344294,NA,NA,FALSE,NA
2020,MALE,Hudson,HUDSON,65,29,2.804642166344294,71,540,TRUE,6
2020,MALE,Jesus,JESUS,65,29,2.804642166344294,63,614,TRUE,-2
2020,MALE,Everett,EVERETT,69,28,2.7079303675048356,NA,NA,FALSE,NA
2020,MALE,Aaron,AARON,70,27,2.611218568665377,35,785,TRUE,-35
2020,MALE,Ryan,RYAN,70,27,2.611218568665377,76,490,TRUE,6
2020,MALE,Adriel,ADRIEL,72,26,2.514506769825919,69,563,TRUE,-3
2020,MALE,Arthur,ARTHUR,72,26,2.514506769825919,NA,NA,FALSE,NA
2020,MALE,Caleb,CALEB,72,26,2.514506769825919,66,582,TRUE,-6
2020,MALE,Thomas,THOMAS,72,26,2.514506769825919,75,492,TRUE,3
2020,MALE,Brooks,BROOKS,76,25,2.4177949709864603,NA,NA,FALSE,NA
2020,MALE,Carlos,CARLOS,76,25,2.4177949709864603,64,602,TRUE,-12
2020,MALE,Juan,JUAN,78,24,2.3210831721470018,46,722,TRUE,-32
2020,MALE,Jude,JUDE,78,24,2.3210831721470018,NA,NA,FALSE,NA
2020,MALE,Max,MAX,78,24,2.3210831721470018,NA,NA,FALSE,NA
2020,MALE,Micah,MICAH,78,24,2.3210831721470018,NA,NA,FALSE,NA
2020,MALE,Dominic,DOMINIC,82,23,2.2243713733075436,94,388,TRUE,12
2020,MALE,Jonathan,JONATHAN,82,23,2.2243713733075436,62,616,TRUE,-20
2020,MALE,Kai,KAI,82,23,2.2243713733075436,99,373,TRUE,17
2020,MALE,Parker,PARKER,82,23,2.2243713733075436,NA,NA,FALSE,NA
2020,MALE,Wesley,WESLEY,82,23,2.2243713733075436,NA,NA,FALSE,NA
2020,MALE,Finn,FINN,87,22,2.127659574468085,NA,NA,FALSE,NA
2020,MALE,River,RIVER,87,22,2.127659574468085,NA,NA,FALSE,NA
2020,MALE,Sawyer,SAWYER,87,22,2.127659574468085,NA,NA,FALSE,NA
2020,MALE,Adrian,ADRIAN,90,21,2.0309477756286265,31,805,TRUE,-59
2020,MALE,Alejandro,ALEJANDRO,90,21,2.0309477756286265,83,433,TRUE,-7
2020,MALE,Arlo,ARLO,90,21,2.0309477756286265,NA,NA,FALSE,NA
2020,MALE,Cooper,COOPER,90,21,2.0309477756286265,81,444,TRUE,-9
2020,MALE,Eli,ELI,90,21,2.0309477756286265,65,587,TRUE,-25
2020,MALE,Elliott,ELLIOTT,90,21,2.0309477756286265,NA,NA,FALSE,NA
2020,MALE,Emiliano,EMILIANO,90,21,2.0309477756286265,88,422,TRUE,-2
2020,MALE,George,GEORGE,90,21,2.0309477756286265,NA,NA,FALSE,NA
2020,MALE,Jeremiah,JEREMIAH,90,21,2.0309477756286265,56,636,TRUE,-34
2020,MALE,Luis,LUIS,90,21,2.0309477756286265,54,654,TRUE,-36
2020,MALE,Archer,ARCHER,100,20,1.9342359767891684,NA,NA,FALSE,NA
2020,MALE,Declan,DECLAN,100,20,1.9342359767891684,NA,NA,FALSE,NA
2020,MALE,Greyson,GREYSON,100,20,1.9342359767891684,NA,NA,FALSE,NA
2020,MALE,Jameson,JAMESON,100,20,1.9342359767891684,NA,NA,FALSE,NA
2020,MALE,Maverick,MAVERICK,100,20,1.9342359767891684,74,508,TRUE,-26
2020,MALE,Oscar,OSCAR,100,20,1.9342359767891684,NA,NA,FALSE,NA
2020,MALE,Robert,ROBERT,100,20,1.9342359767891684,84,430,TRUE,-16
2020,MALE,Weston,WESTON,100,20,1.9342359767891684,NA,NA,FALSE,NA
2021,FEMALE,Olivia,OLIVIA,1,96,9.264620729588882,1,1957,TRUE,0
2021,FEMALE,Emma,EMMA,2,90,8.685581933989578,2,1855,TRUE,0
2021,FEMALE,Camila,CAMILA,3,83,8.010036672457055,3,1724,TRUE,0
2021,FEMALE,Isabella,ISABELLA,4,81,7.81702374059062,4,1452,TRUE,0
2021,FEMALE,Mia,MIA,5,71,6.851959081258444,5,1430,TRUE,0
2021,FEMALE,Sofia,SOFIA,6,63,6.079907353792704,10,1051,TRUE,4
2021,FEMALE,Sophia,SOPHIA,6,63,6.079907353792704,6,1397,TRUE,0
2021,FEMALE,Ava,AVA,8,59,5.693881490059834,7,1252,TRUE,-1
2021,FEMALE,Evelyn,EVELYN,9,58,5.597375024126617,12,909,TRUE,3
2021,FEMALE,Eleanor,ELEANOR,10,56,5.404362092260182,24,629,TRUE,14
2021,FEMALE,Elizabeth,ELIZABETH,11,53,5.1148426944605285,15,765,TRUE,4
2021,FEMALE,Charlotte,CHARLOTTE,12,52,5.018336228527311,9,1055,TRUE,-3
2021,FEMALE,Penelope,PENELOPE,13,51,4.921829762594093,22,648,TRUE,9
2021,FEMALE,Amelia,AMELIA,14,50,4.825323296660876,8,1217,TRUE,-6
2021,FEMALE,Luna,LUNA,14,50,4.825323296660876,11,923,TRUE,-3
2021,FEMALE,Harper,HARPER,16,47,4.535803898861223,21,668,TRUE,5
2021,FEMALE,Avery,AVERY,17,44,4.246284501061571,17,733,TRUE,0
2021,FEMALE,Emily,EMILY,17,44,4.246284501061571,14,792,TRUE,-3
2021,FEMALE,Mila,MILA,19,42,4.053271569195136,25,618,TRUE,6
2021,FEMALE,Zoe,ZOE,19,42,4.053271569195136,29,575,TRUE,10
2021,FEMALE,Lily,LILY,21,41,3.9567651032619184,48,456,TRUE,27
2021,FEMALE,Abigail,ABIGAIL,22,40,3.860258637328701,16,742,TRUE,-6
2021,FEMALE,Maya,MAYA,23,37,3.5707392395290483,72,335,TRUE,49
2021,FEMALE,Gianna,GIANNA,24,36,3.4742327735958307,13,882,TRUE,-11
2021,FEMALE,Violet,VIOLET,24,36,3.4742327735958307,44,488,TRUE,20
2021,FEMALE,Nora,NORA,26,35,3.3777263076626136,65,357,TRUE,39
2021,FEMALE,Ella,ELLA,27,34,3.281219841729396,31,572,TRUE,4
2021,FEMALE,Emilia,EMILIA,27,34,3.281219841729396,34,558,TRUE,7
2021,FEMALE,Isla,ISLA,27,34,3.281219841729396,71,335,TRUE,44
2021,FEMALE,Ellie,ELLIE,30,33,3.1847133757961785,26,596,TRUE,-4
2021,FEMALE,Victoria,VICTORIA,31,32,3.088206909862961,18,703,TRUE,-13
2021,FEMALE,Chloe,CHLOE,32,31,2.9917004439297434,36,542,TRUE,4
2021,FEMALE,Lucy,LUCY,32,31,2.9917004439297434,82,324,TRUE,50
2021,FEMALE,Aurora,AURORA,34,30,2.895193977996526,30,572,TRUE,-4
2021,FEMALE,Elena,ELENA,34,30,2.895193977996526,23,643,TRUE,-11
2021,FEMALE,Ximena,XIMENA,34,30,2.895193977996526,42,513,TRUE,8
2021,FEMALE,Genesis,GENESIS,37,27,2.6056745801968733,27,589,TRUE,-10
2021,FEMALE,Josephine,JOSEPHINE,37,27,2.6056745801968733,NA,NA,FALSE,NA
2021,FEMALE,Quinn,QUINN,37,27,2.6056745801968733,NA,NA,FALSE,NA
2021,FEMALE,Scarlett,SCARLETT,37,27,2.6056745801968733,19,702,TRUE,-18
2021,FEMALE,Aria,ARIA,41,26,2.5091681142636557,20,684,TRUE,-21
2021,FEMALE,Cora,CORA,41,26,2.5091681142636557,NA,NA,FALSE,NA
2021,FEMALE,Grace,GRACE,41,26,2.5091681142636557,49,452,TRUE,8
2021,FEMALE,Hannah,HANNAH,41,26,2.5091681142636557,53,419,TRUE,12
2021,FEMALE,Madelyn,MADELYN,41,26,2.5091681142636557,63,365,TRUE,22
2021,FEMALE,Natalia,NATALIA,41,26,2.5091681142636557,32,568,TRUE,-9
2021,FEMALE,Zoey,ZOEY,41,26,2.5091681142636557,52,438,TRUE,11
2021,FEMALE,Claire,CLAIRE,48,25,2.412661648330438,70,340,TRUE,22
2021,FEMALE,Hazel,HAZEL,48,25,2.412661648330438,37,538,TRUE,-11
2021,FEMALE,Maria,MARIA,48,25,2.412661648330438,57,400,TRUE,9
2021,FEMALE,Stella,STELLA,48,25,2.412661648330438,61,374,TRUE,13
2021,FEMALE,Addison,ADDISON,52,24,2.3161551823972206,56,400,TRUE,4
2021,FEMALE,Layla,LAYLA,52,24,2.3161551823972206,28,575,TRUE,-24
2021,FEMALE,Alice,ALICE,54,23,2.219648716464003,67,346,TRUE,13
2021,FEMALE,Andrea,ANDREA,54,23,2.219648716464003,60,379,TRUE,6
2021,FEMALE,Emery,EMERY,54,23,2.219648716464003,68,345,TRUE,14
2021,FEMALE,Isabel,ISABEL,54,23,2.219648716464003,NA,NA,FALSE,NA
2021,FEMALE,Ivy,IVY,54,23,2.219648716464003,59,382,TRUE,5
2021,FEMALE,Naomi,NAOMI,54,23,2.219648716464003,58,396,TRUE,4
2021,FEMALE,Ruby,RUBY,54,23,2.219648716464003,NA,NA,FALSE,NA
2021,FEMALE,Eliana,ELIANA,61,22,2.1231422505307855,33,560,TRUE,-28
2021,FEMALE,Leah,LEAH,61,22,2.1231422505307855,40,529,TRUE,-21
2021,FEMALE,Lillian,LILLIAN,61,22,2.1231422505307855,74,332,TRUE,13
2021,FEMALE,Madison,MADISON,61,22,2.1231422505307855,38,538,TRUE,-23
2021,FEMALE,Ariana,ARIANA,65,21,2.026635784597568,50,449,TRUE,-15
2021,FEMALE,Audrey,AUDREY,65,21,2.026635784597568,62,372,TRUE,-3
2021,FEMALE,Bella,BELLA,65,21,2.026635784597568,64,363,TRUE,-1
2021,FEMALE,Everly,EVERLY,65,21,2.026635784597568,47,462,TRUE,-18
2021,FEMALE,Leilani,LEILANI,65,21,2.026635784597568,35,548,TRUE,-30
2021,FEMALE,Maeve,MAEVE,65,21,2.026635784597568,NA,NA,FALSE,NA
2021,FEMALE,Nova,NOVA,65,21,2.026635784597568,45,482,TRUE,-20
2021,FEMALE,Riley,RILEY,65,21,2.026635784597568,55,401,TRUE,-10
2021,FEMALE,Valentina,VALENTINA,65,21,2.026635784597568,41,526,TRUE,-24
2021,FEMALE,Allison,ALLISON,74,20,1.9301293186643504,39,530,TRUE,-35
2021,FEMALE,Clara,CLARA,74,20,1.9301293186643504,NA,NA,FALSE,NA
2021,FEMALE,Kennedy,KENNEDY,74,20,1.9301293186643504,90,301,TRUE,16
2021,FEMALE,Valeria,VALERIA,74,20,1.9301293186643504,83,324,TRUE,9
2021,FEMALE,Vivian,VIVIAN,74,20,1.9301293186643504,NA,NA,FALSE,NA
2021,FEMALE,Athena,ATHENA,79,19,1.833622852731133,91,296,TRUE,12
2021,FEMALE,Daisy,DAISY,79,19,1.833622852731133,NA,NA,FALSE,NA
2021,FEMALE,June,JUNE,79,19,1.833622852731133,NA,NA,FALSE,NA
2021,FEMALE,Juniper,JUNIPER,79,19,1.833622852731133,NA,NA,FALSE,NA
2021,FEMALE,Kamila,KAMILA,79,19,1.833622852731133,99,273,TRUE,20
2021,FEMALE,Lyla,LYLA,79,19,1.833622852731133,NA,NA,FALSE,NA
2021,FEMALE,Margot,MARGOT,79,19,1.833622852731133,NA,NA,FALSE,NA
2021,FEMALE,Mariana,MARIANA,79,19,1.833622852731133,NA,NA,FALSE,NA
2021,FEMALE,Sadie,SADIE,79,19,1.833622852731133,NA,NA,FALSE,NA
2021,FEMALE,Sophie,SOPHIE,79,19,1.833622852731133,94,293,TRUE,15
2021,FEMALE,Alina,ALINA,89,18,1.7371163867979154,100,269,TRUE,11
2021,FEMALE,Amy,AMY,89,18,1.7371163867979154,NA,NA,FALSE,NA
2021,FEMALE,Autumn,AUTUMN,89,18,1.7371163867979154,85,321,TRUE,-4
2021,FEMALE,Eliza,ELIZA,89,18,1.7371163867979154,NA,NA,FALSE,NA
2021,FEMALE,Madeline,MADELINE,89,18,1.7371163867979154,NA,NA,FALSE,NA
2021,FEMALE,Samantha,SAMANTHA,89,18,1.7371163867979154,86,321,TRUE,-3
2021,FEMALE,Caroline,CAROLINE,95,17,1.640609920864698,75,330,TRUE,-20
2021,FEMALE,Eloise,ELOISE,95,17,1.640609920864698,NA,NA,FALSE,NA
2021,FEMALE,Eva,EVA,95,17,1.640609920864698,NA,NA,FALSE,NA
2021,FEMALE,Jade,JADE,95,17,1.640609920864698,81,324,TRUE,-14
2021,FEMALE,Margaret,MARGARET,95,17,1.640609920864698,NA,NA,FALSE,NA
2021,FEMALE,Aaliyah,AALIYAH,100,16,1.5441034549314805,46,463,TRUE,-54
2021,FEMALE,Adeline,ADELINE,100,16,1.5441034549314805,NA,NA,FALSE,NA
2021,FEMALE,Anna,ANNA,100,16,1.5441034549314805,NA,NA,FALSE,NA
2021,FEMALE,Genevieve,GENEVIEVE,100,16,1.5441034549314805,NA,NA,FALSE,NA
2021,FEMALE,Julia,JULIA,100,16,1.5441034549314805,NA,NA,FALSE,NA
2021,FEMALE,Liliana,LILIANA,100,16,1.5441034549314805,76,330,TRUE,-24
2021,FEMALE,Natalie,NATALIE,100,16,1.5441034549314805,54,410,TRUE,-46
2021,FEMALE,Nevaeh,NEVAEH,100,16,1.5441034549314805,73,333,TRUE,-27
2021,FEMALE,Olive,OLIVE,100,16,1.5441034549314805,NA,NA,FALSE,NA
2021,FEMALE,Savannah,SAVANNAH,100,16,1.5441034549314805,88,306,TRUE,-12
2021,FEMALE,Sloane,SLOANE,100,16,1.5441034549314805,NA,NA,FALSE,NA
2021,MALE,Liam,LIAM,1,99,9.112665684830633,1,2425,TRUE,0
2021,MALE,Noah,NOAH,2,85,7.8240058910162,2,2032,TRUE,0
2021,MALE,William,WILLIAM,3,81,7.455817378497791,16,1005,TRUE,13
2021,MALE,Henry,HENRY,4,79,7.271723122238586,34,789,TRUE,30
2021,MALE,Mateo,MATEO,5,73,6.719440353460972,4,1603,TRUE,-1
2021,MALE,James,JAMES,6,71,6.535346097201767,11,1063,TRUE,5
2021,MALE,Elijah,ELIJAH,7,70,6.443298969072165,3,1612,TRUE,-4
2021,MALE,Jack,JACK,7,70,6.443298969072165,56,638,TRUE,49
2021,MALE,Sebastian,SEBASTIAN,7,70,6.443298969072165,5,1523,TRUE,-2
2021,MALE,Theodore,THEODORE,10,68,6.25920471281296,58,621,TRUE,48
2021,MALE,Benjamin,BENJAMIN,11,63,5.798969072164948,10,1074,TRUE,-1
2021,MALE,Oliver,OLIVER,11,63,5.798969072164948,7,1236,TRUE,-4
2021,MALE,Alexander,ALEXANDER,13,61,5.614874815905743,14,1049,TRUE,1
2021,MALE,Daniel,DANIEL,14,60,5.522827687776141,8,1127,TRUE,-6
2021,MALE,Julian,JULIAN,15,59,5.430780559646539,15,1026,TRUE,0
2021,MALE,Santiago,SANTIAGO,16,58,5.338733431516936,6,1252,TRUE,-10
2021,MALE,Leo,LEO,17,57,5.246686303387334,65,598,TRUE,48
2021,MALE,Jose,JOSE,18,56,5.154639175257732,9,1120,TRUE,-9
2021,MALE,Logan,LOGAN,19,53,4.878497790868925,40,764,TRUE,21
2021,MALE,David,DAVID,20,51,4.69440353460972,18,986,TRUE,-2
2021,MALE,Luca,LUCA,20,51,4.69440353460972,70,573,TRUE,50
2021,MALE,Luke,LUKE,20,51,4.69440353460972,23,919,TRUE,3
2021,MALE,Lucas,LUCAS,23,50,4.6023564064801175,17,1004,TRUE,-6
2021,MALE,Samuel,SAMUEL,24,49,4.510309278350515,21,939,TRUE,-3
2021,MALE,Aiden,AIDEN,25,48,4.418262150220913,24,916,TRUE,-1
2021,MALE,Elias,ELIAS,26,47,4.3262150220913105,26,905,TRUE,0
2021,MALE,Gabriel,GABRIEL,26,47,4.3262150220913105,28,884,TRUE,2
2021,MALE,Jayden,JAYDEN,26,47,4.3262150220913105,22,924,TRUE,-4
2021,MALE,John,JOHN,26,47,4.3262150220913105,36,780,TRUE,10
2021,MALE,Miles,MILES,26,47,4.3262150220913105,87,424,TRUE,61
2021,MALE,Dylan,DYLAN,31,46,4.2341678939617085,31,835,TRUE,0
2021,MALE,Michael,MICHAEL,31,46,4.2341678939617085,32,834,TRUE,1
2021,MALE,Adrian,ADRIAN,33,45,4.142120765832106,37,772,TRUE,4
2021,MALE,Jacob,JACOB,33,45,4.142120765832106,20,953,TRUE,-13
2021,MALE,Ethan,ETHAN,35,44,4.0500736377025035,13,1053,TRUE,-22
2021,MALE,Ezra,EZRA,35,44,4.0500736377025035,25,913,TRUE,-10
2021,MALE,Angel,ANGEL,37,42,3.865979381443299,19,969,TRUE,-18
2021,MALE,Axel,AXEL,37,42,3.865979381443299,52,667,TRUE,15
2021,MALE,Levi,LEVI,37,42,3.865979381443299,12,1060,TRUE,-25
2021,MALE,Asher,ASHER,40,41,3.7739322533136965,46,694,TRUE,6
2021,MALE,Matthew,MATTHEW,40,41,3.7739322533136965,27,902,TRUE,-13
2021,MALE,Owen,OWEN,40,41,3.7739322533136965,74,522,TRUE,34
2021,MALE,Wyatt,WYATT,43,40,3.681885125184094,44,714,TRUE,1
2021,MALE,Austin,AUSTIN,44,38,3.4977908689248896,NA,NA,FALSE,NA
2021,MALE,Christopher,CHRISTOPHER,44,38,3.4977908689248896,41,759,TRUE,-3
2021,MALE,Diego,DIEGO,44,38,3.4977908689248896,57,628,TRUE,13
2021,MALE,Hudson,HUDSON,44,38,3.4977908689248896,59,612,TRUE,15
2021,MALE,Caleb,CALEB,48,37,3.405743740795287,55,654,TRUE,7
2021,MALE,Charles,CHARLES,48,37,3.405743740795287,82,442,TRUE,34
2021,MALE,Isaac,ISAAC,48,37,3.405743740795287,35,785,TRUE,-13
2021,MALE,Andrew,ANDREW,51,36,3.313696612665685,62,604,TRUE,11
2021,MALE,Isaiah,ISAIAH,51,36,3.313696612665685,42,721,TRUE,-9
2021,MALE,Leonardo,LEONARDO,51,36,3.313696612665685,39,768,TRUE,-12
2021,MALE,Joshua,JOSHUA,54,35,3.2216494845360826,53,661,TRUE,-1
2021,MALE,Aaron,AARON,55,34,3.12960235640648,47,690,TRUE,-8
2021,MALE,Anthony,ANTHONY,55,34,3.12960235640648,38,772,TRUE,-17
2021,MALE,Brooks,BROOKS,55,34,3.12960235640648,NA,NA,FALSE,NA
2021,MALE,Gael,GAEL,55,34,3.12960235640648,33,801,TRUE,-22
2021,MALE,Jonathan,JONATHAN,55,34,3.12960235640648,69,583,TRUE,14
2021,MALE,Thomas,THOMAS,55,34,3.12960235640648,73,526,TRUE,18
2021,MALE,Ezekiel,EZEKIEL,61,33,3.0375552282768776,30,862,TRUE,-31
2021,MALE,Jackson,JACKSON,61,33,3.0375552282768776,50,670,TRUE,-11
2021,MALE,Kai,KAI,61,33,3.0375552282768776,89,416,TRUE,28
2021,MALE,Robert,ROBERT,64,31,2.853460972017673,88,423,TRUE,24
2021,MALE,Roman,ROMAN,64,31,2.853460972017673,76,485,TRUE,12
2021,MALE,Nathan,NATHAN,66,30,2.7614138438880707,51,668,TRUE,-15
2021,MALE,River,RIVER,67,29,2.669366715758468,NA,NA,FALSE,NA
2021,MALE,Carter,CARTER,68,28,2.577319587628866,71,556,TRUE,3
2021,MALE,Everett,EVERETT,68,28,2.577319587628866,NA,NA,FALSE,NA
2021,MALE,Joseph,JOSEPH,68,28,2.577319587628866,43,716,TRUE,-25
2021,MALE,Lincoln,LINCOLN,68,28,2.577319587628866,77,484,TRUE,9
2021,MALE,Mason,MASON,68,28,2.577319587628866,49,687,TRUE,-19
2021,MALE,Luis,LUIS,73,27,2.4852724594992637,54,659,TRUE,-19
2021,MALE,Thiago,THIAGO,73,27,2.4852724594992637,98,381,TRUE,25
2021,MALE,Christian,CHRISTIAN,75,26,2.393225331369661,45,702,TRUE,-30
2021,MALE,Dean,DEAN,75,26,2.393225331369661,NA,NA,FALSE,NA
2021,MALE,Grayson,GRAYSON,75,26,2.393225331369661,67,588,TRUE,-8
2021,MALE,Josiah,JOSIAH,75,26,2.393225331369661,29,872,TRUE,-46
2021,MALE,Maverick,MAVERICK,75,26,2.393225331369661,72,541,TRUE,-3
2021,MALE,Nolan,NOLAN,75,26,2.393225331369661,83,440,TRUE,8
2021,MALE,Parker,PARKER,75,26,2.393225331369661,NA,NA,FALSE,NA
2021,MALE,Theo,THEO,75,26,2.393225331369661,NA,NA,FALSE,NA
2021,MALE,Dominic,DOMINIC,83,25,2.3011782032400587,NA,NA,FALSE,NA
2021,MALE,Jordan,JORDAN,83,25,2.3011782032400587,84,430,TRUE,1
2021,MALE,Jude,JUDE,83,25,2.3011782032400587,NA,NA,FALSE,NA
2021,MALE,Alejandro,ALEJANDRO,86,24,2.2091310751104567,86,424,TRUE,0
2021,MALE,Cameron,CAMERON,86,24,2.2091310751104567,NA,NA,FALSE,NA
2021,MALE,Declan,DECLAN,86,24,2.2091310751104567,NA,NA,FALSE,NA
2021,MALE,Graham,GRAHAM,86,24,2.2091310751104567,NA,NA,FALSE,NA
2021,MALE,Wesley,WESLEY,86,24,2.2091310751104567,NA,NA,FALSE,NA
2021,MALE,Archer,ARCHER,91,23,2.1170839469808542,NA,NA,FALSE,NA
2021,MALE,August,AUGUST,91,23,2.1170839469808542,NA,NA,FALSE,NA
2021,MALE,Emiliano,EMILIANO,91,23,2.1170839469808542,81,457,TRUE,-10
2021,MALE,Ian,IAN,91,23,2.1170839469808542,63,601,TRUE,-28
2021,MALE,Jesus,JESUS,91,23,2.1170839469808542,64,600,TRUE,-27
2021,MALE,Carlos,CARLOS,96,22,2.0250368188512518,68,586,TRUE,-28
2021,MALE,Easton,EASTON,96,22,2.0250368188512518,91,411,TRUE,-5
2021,MALE,Jameson,JAMESON,96,22,2.0250368188512518,NA,NA,FALSE,NA
2021,MALE,Joaquin,JOAQUIN,96,22,2.0250368188512518,NA,NA,FALSE,NA
2021,MALE,Nathaniel,NATHANIEL,96,22,2.0250368188512518,NA,NA,FALSE,NA
2022,FEMALE,Olivia,OLIVIA,1,98,8.824059067170898,1,1907,TRUE,0
2022,FEMALE,Isabella,ISABELLA,2,86,7.7435620385377275,4,1648,TRUE,2
2022,FEMALE,Sofia,SOFIA,3,82,7.38339636232667,8,1214,TRUE,5
2022,FEMALE,Emma,EMMA,4,80,7.203313524221142,2,1806,TRUE,-2
2022,FEMALE,Camila,CAMILA,5,79,7.113272105168377,3,1732,TRUE,-2
2022,FEMALE,Mia,MIA,6,74,6.663065009904556,5,1479,TRUE,-1
2022,FEMALE,Charlotte,CHARLOTTE,7,72,6.482982171799027,11,1013,TRUE,4
2022,FEMALE,Evelyn,EVELYN,8,71,6.392940752746263,12,991,TRUE,4
2022,FEMALE,Sophia,SOPHIA,9,69,6.212857914640734,6,1449,TRUE,-3
2022,FEMALE,Mila,MILA,10,63,5.672609400324149,18,756,TRUE,8
2022,FEMALE,Amelia,AMELIA,11,58,5.222402305060328,7,1229,TRUE,-4
2022,FEMALE,Luna,LUNA,12,56,5.042319466954799,9,1081,TRUE,-3
2022,FEMALE,Elizabeth,ELIZABETH,13,55,4.952278047902035,15,790,TRUE,2
2022,FEMALE,Emily,EMILY,13,55,4.952278047902035,14,825,TRUE,1
2022,FEMALE,Penelope,PENELOPE,13,55,4.952278047902035,26,667,TRUE,13
2022,FEMALE,Zoe,ZOE,13,55,4.952278047902035,24,670,TRUE,11
2022,FEMALE,Ava,AVA,17,54,4.862236628849271,10,1073,TRUE,-7
2022,FEMALE,Eleanor,ELEANOR,18,49,4.412029533585449,31,595,TRUE,13
2022,FEMALE,Harper,HARPER,19,45,4.051863857374392,29,628,TRUE,10
2022,FEMALE,Scarlett,SCARLETT,20,43,3.8717810192688638,17,773,TRUE,-3
2022,FEMALE,Chloe,CHLOE,21,40,3.601656762110571,32,588,TRUE,11
2022,FEMALE,Elena,ELENA,21,40,3.601656762110571,23,691,TRUE,2
2022,FEMALE,Maya,MAYA,23,39,3.5116153430578065,61,383,TRUE,38
2022,FEMALE,Nora,NORA,23,39,3.5116153430578065,62,378,TRUE,39
2022,FEMALE,Violet,VIOLET,23,39,3.5116153430578065,34,586,TRUE,11
2022,FEMALE,Aurora,AURORA,26,38,3.4215739240050422,28,633,TRUE,2
2022,FEMALE,Emilia,EMILIA,26,38,3.4215739240050422,36,569,TRUE,10
2022,FEMALE,Victoria,VICTORIA,26,38,3.4215739240050422,16,787,TRUE,-10
2022,FEMALE,Avery,AVERY,29,36,3.2414910858995136,20,700,TRUE,-9
2022,FEMALE,Genesis,GENESIS,29,36,3.2414910858995136,33,586,TRUE,4
2022,FEMALE,Grace,GRACE,29,36,3.2414910858995136,53,431,TRUE,24
2022,FEMALE,Isla,ISLA,29,36,3.2414910858995136,79,326,TRUE,50
2022,FEMALE,Stella,STELLA,29,36,3.2414910858995136,58,417,TRUE,29
2022,FEMALE,Gianna,GIANNA,34,34,3.061408247793985,13,827,TRUE,-21
2022,FEMALE,Hazel,HAZEL,34,34,3.061408247793985,35,573,TRUE,1
2022,FEMALE,Lily,LILY,36,32,2.881325409688457,44,498,TRUE,8
2022,FEMALE,Aria,ARIA,37,31,2.7912839906356925,19,712,TRUE,-18
2022,FEMALE,Madison,MADISON,37,31,2.7912839906356925,40,529,TRUE,3
2022,FEMALE,Alice,ALICE,39,29,2.611201152530164,71,348,TRUE,32
2022,FEMALE,Audrey,AUDREY,39,29,2.611201152530164,66,357,TRUE,27
2022,FEMALE,Ella,ELLA,39,29,2.611201152530164,41,527,TRUE,2
2022,FEMALE,Eloise,ELOISE,39,29,2.611201152530164,NA,NA,FALSE,NA
2022,FEMALE,Hannah,HANNAH,39,29,2.611201152530164,46,489,TRUE,7
2022,FEMALE,Josephine,JOSEPHINE,39,29,2.611201152530164,NA,NA,FALSE,NA
2022,FEMALE,Lucy,LUCY,39,29,2.611201152530164,93,298,TRUE,54
2022,FEMALE,Naomi,NAOMI,39,29,2.611201152530164,48,454,TRUE,9
2022,FEMALE,Nova,NOVA,39,29,2.611201152530164,39,531,TRUE,0
2022,FEMALE,Abigail,ABIGAIL,48,28,2.5211597334773996,21,696,TRUE,-27
2022,FEMALE,Leilani,LEILANI,48,28,2.5211597334773996,22,696,TRUE,-26
2022,FEMALE,Quinn,QUINN,48,28,2.5211597334773996,NA,NA,FALSE,NA
2022,FEMALE,Ellie,ELLIE,51,27,2.4311183144246353,38,556,TRUE,-13
2022,FEMALE,Natalie,NATALIE,51,27,2.4311183144246353,55,424,TRUE,4
2022,FEMALE,Zoey,ZOEY,51,27,2.4311183144246353,59,411,TRUE,8
2022,FEMALE,Kimberly,KIMBERLY,54,26,2.341076895371871,NA,NA,FALSE,NA
2022,FEMALE,Maria,MARIA,54,26,2.341076895371871,45,497,TRUE,-9
2022,FEMALE,Ruby,RUBY,54,26,2.341076895371871,99,285,TRUE,45
2022,FEMALE,Valentina,VALENTINA,54,26,2.341076895371871,30,624,TRUE,-24
2022,FEMALE,Addison,ADDISON,58,25,2.2510354763191067,63,367,TRUE,5
2022,FEMALE,Layla,LAYLA,58,25,2.2510354763191067,27,642,TRUE,-31
2022,FEMALE,Claire,CLAIRE,60,24,2.1609940572663424,NA,NA,FALSE,NA
2022,FEMALE,Ivy,IVY,60,24,2.1609940572663424,50,441,TRUE,-10
2022,FEMALE,Natalia,NATALIA,60,24,2.1609940572663424,37,558,TRUE,-23
2022,FEMALE,Sloane,SLOANE,60,24,2.1609940572663424,NA,NA,FALSE,NA
2022,FEMALE,Emery,EMERY,64,23,2.070952638213578,75,336,TRUE,11
2022,FEMALE,Eva,EVA,64,23,2.070952638213578,NA,NA,FALSE,NA
2022,FEMALE,Iris,IRIS,64,23,2.070952638213578,NA,NA,FALSE,NA
2022,FEMALE,June,JUNE,64,23,2.070952638213578,NA,NA,FALSE,NA
2022,FEMALE,Lillian,LILLIAN,64,23,2.070952638213578,81,324,TRUE,17
2022,FEMALE,Lyla,LYLA,64,23,2.070952638213578,NA,NA,FALSE,NA
2022,FEMALE,Valeria,VALERIA,64,23,2.070952638213578,69,351,TRUE,5
2022,FEMALE,Arya,ARYA,71,22,1.980911219160814,97,290,TRUE,26
2022,FEMALE,Ashley,ASHLEY,71,22,1.980911219160814,90,303,TRUE,19
2022,FEMALE,Lucia,LUCIA,71,22,1.980911219160814,72,346,TRUE,1
2022,FEMALE,Riley,RILEY,71,22,1.980911219160814,49,442,TRUE,-22
2022,FEMALE,Adeline,ADELINE,75,21,1.8908698001080497,NA,NA,FALSE,NA
2022,FEMALE,Allison,ALLISON,75,21,1.8908698001080497,54,428,TRUE,-21
2022,FEMALE,Isabel,ISABEL,75,21,1.8908698001080497,NA,NA,FALSE,NA
2022,FEMALE,Leah,LEAH,75,21,1.8908698001080497,42,523,TRUE,-33
2022,FEMALE,Parker,PARKER,75,21,1.8908698001080497,NA,NA,FALSE,NA
2022,FEMALE,Caroline,CAROLINE,80,20,1.8008283810552854,83,312,TRUE,3
2022,FEMALE,Eliana,ELIANA,80,20,1.8008283810552854,25,669,TRUE,-55
2022,FEMALE,Margot,MARGOT,80,20,1.8008283810552854,NA,NA,FALSE,NA
2022,FEMALE,Melanie,MELANIE,80,20,1.8008283810552854,64,366,TRUE,-16
2022,FEMALE,Ximena,XIMENA,80,20,1.8008283810552854,43,509,TRUE,-37
2022,FEMALE,Charlie,CHARLIE,85,19,1.7107869620025211,NA,NA,FALSE,NA
2022,FEMALE,Everly,EVERLY,85,19,1.7107869620025211,65,360,TRUE,-20
2022,FEMALE,Jade,JADE,85,19,1.7107869620025211,74,337,TRUE,-11
2022,FEMALE,Kaia,KAIA,85,19,1.7107869620025211,NA,NA,FALSE,NA
2022,FEMALE,Maeve,MAEVE,85,19,1.7107869620025211,NA,NA,FALSE,NA
2022,FEMALE,Vivian,VIVIAN,85,19,1.7107869620025211,NA,NA,FALSE,NA
2022,FEMALE,Clara,CLARA,91,18,1.6207455429497568,NA,NA,FALSE,NA
2022,FEMALE,Cora,CORA,91,18,1.6207455429497568,NA,NA,FALSE,NA
2022,FEMALE,Danna,DANNA,91,18,1.6207455429497568,NA,NA,FALSE,NA
2022,FEMALE,Gabriella,GABRIELLA,91,18,1.6207455429497568,96,292,TRUE,5
2022,FEMALE,Sophie,SOPHIE,91,18,1.6207455429497568,NA,NA,FALSE,NA
2022,FEMALE,Wren,WREN,91,18,1.6207455429497568,NA,NA,FALSE,NA
2022,FEMALE,Ada,ADA,97,17,1.5307041238969925,NA,NA,FALSE,NA
2022,FEMALE,Alexandra,ALEXANDRA,97,17,1.5307041238969925,NA,NA,FALSE,NA
2022,FEMALE,Ariana,ARIANA,97,17,1.5307041238969925,51,439,TRUE,-46
2022,FEMALE,Athena,ATHENA,97,17,1.5307041238969925,70,349,TRUE,-27
2022,FEMALE,Blake,BLAKE,97,17,1.5307041238969925,NA,NA,FALSE,NA
2022,FEMALE,Hadley,HADLEY,97,17,1.5307041238969925,NA,NA,FALSE,NA
2022,FEMALE,Isabelle,ISABELLE,97,17,1.5307041238969925,NA,NA,FALSE,NA
2022,FEMALE,Julia,JULIA,97,17,1.5307041238969925,100,284,TRUE,3
2022,FEMALE,Lia,LIA,97,17,1.5307041238969925,NA,NA,FALSE,NA
2022,FEMALE,Lydia,LYDIA,97,17,1.5307041238969925,NA,NA,FALSE,NA
2022,FEMALE,Phoebe,PHOEBE,97,17,1.5307041238969925,NA,NA,FALSE,NA
2022,FEMALE,Samantha,SAMANTHA,97,17,1.5307041238969925,67,356,TRUE,-30
2022,MALE,Liam,LIAM,1,121,10.684326710816777,1,2548,TRUE,0
2022,MALE,Noah,NOAH,2,98,8.653421633554084,2,2142,TRUE,0
2022,MALE,Mateo,MATEO,3,93,8.211920529801324,3,1935,TRUE,0
2022,MALE,William,WILLIAM,4,83,7.328918322295806,19,999,TRUE,15
2022,MALE,James,JAMES,5,78,6.887417218543046,11,1067,TRUE,6
2022,MALE,Henry,HENRY,6,74,6.5342163355408385,35,801,TRUE,29
2022,MALE,Oliver,OLIVER,6,74,6.5342163355408385,7,1361,TRUE,1
2022,MALE,Sebastian,SEBASTIAN,6,74,6.5342163355408385,4,1601,TRUE,-2
2022,MALE,Benjamin,BENJAMIN,9,69,6.0927152317880795,12,1064,TRUE,3
2022,MALE,Alexander,ALEXANDER,10,67,5.916114790286976,15,1052,TRUE,5
2022,MALE,Santiago,SANTIAGO,11,66,5.827814569536423,5,1529,TRUE,-6
2022,MALE,Dylan,DYLAN,12,65,5.739514348785872,28,869,TRUE,16
2022,MALE,Lucas,LUCAS,13,64,5.6512141280353205,16,1040,TRUE,3
2022,MALE,Theodore,THEODORE,14,61,5.386313465783664,48,694,TRUE,34
2022,MALE,Samuel,SAMUEL,15,59,5.209713024282561,24,918,TRUE,9
2022,MALE,Miles,MILES,16,58,5.121412803532009,85,460,TRUE,69
2022,MALE,Jack,JACK,17,57,5.033112582781457,63,600,TRUE,46
2022,MALE,Elijah,ELIJAH,18,56,4.9448123620309055,6,1493,TRUE,-12
2022,MALE,Ethan,ETHAN,18,56,4.9448123620309055,18,1003,TRUE,0
2022,MALE,Daniel,DANIEL,20,55,4.856512141280353,8,1195,TRUE,-12
2022,MALE,Ian,IAN,20,55,4.856512141280353,50,691,TRUE,30
2022,MALE,Ezra,EZRA,22,53,4.679911699779249,17,1013,TRUE,-5
2022,MALE,John,JOHN,22,53,4.679911699779249,36,790,TRUE,14
2022,MALE,Levi,LEVI,22,53,4.679911699779249,10,1100,TRUE,-12
2022,MALE,David,DAVID,25,50,4.415011037527594,20,977,TRUE,-5
2022,MALE,Logan,LOGAN,26,49,4.326710816777042,57,656,TRUE,31
2022,MALE,Aiden,AIDEN,27,48,4.23841059602649,23,920,TRUE,-4
2022,MALE,Joseph,JOSEPH,27,48,4.23841059602649,38,757,TRUE,11
2022,MALE,Jose,JOSE,29,47,4.150110375275938,9,1108,TRUE,-20
2022,MALE,Leo,LEO,29,47,4.150110375275938,54,671,TRUE,25
2022,MALE,Anthony,ANTHONY,31,46,4.061810154525387,39,741,TRUE,8
2022,MALE,Julian,JULIAN,31,46,4.061810154525387,14,1053,TRUE,-17
2022,MALE,Jackson,JACKSON,33,45,3.9735099337748343,62,606,TRUE,29
2022,MALE,Luke,LUKE,33,45,3.9735099337748343,21,962,TRUE,-12
2022,MALE,Luca,LUCA,35,44,3.8852097130242824,42,732,TRUE,7
2022,MALE,Elias,ELIAS,36,43,3.7969094922737305,22,960,TRUE,-14
2022,MALE,Wyatt,WYATT,36,43,3.7969094922737305,68,580,TRUE,32
2022,MALE,Angel,ANGEL,38,42,3.7086092715231787,13,1061,TRUE,-25
2022,MALE,Jayden,JAYDEN,38,42,3.7086092715231787,29,867,TRUE,-9
2022,MALE,Leonardo,LEONARDO,40,40,3.532008830022075,32,834,TRUE,-8
2022,MALE,Michael,MICHAEL,40,40,3.532008830022075,33,824,TRUE,-7
2022,MALE,Diego,DIEGO,42,39,3.443708609271523,55,658,TRUE,13
2022,MALE,Hudson,HUDSON,42,39,3.443708609271523,59,629,TRUE,17
2022,MALE,Ezekiel,EZEKIEL,44,38,3.355408388520971,25,916,TRUE,-19
2022,MALE,Jacob,JACOB,44,38,3.355408388520971,26,916,TRUE,-18
2022,MALE,Charles,CHARLES,46,37,3.2671081677704192,86,457,TRUE,40
2022,MALE,Gabriel,GABRIEL,47,36,3.1788079470198674,31,835,TRUE,-16
2022,MALE,Brooks,BROOKS,48,35,3.0905077262693155,97,402,TRUE,49
2022,MALE,Owen,OWEN,48,35,3.0905077262693155,78,515,TRUE,30
2022,MALE,Thiago,THIAGO,48,35,3.0905077262693155,71,553,TRUE,23
2022,MALE,Adrian,ADRIAN,51,34,3.0022075055187636,37,766,TRUE,-14
2022,MALE,Cooper,COOPER,51,34,3.0022075055187636,75,528,TRUE,24
2022,MALE,Damian,DAMIAN,51,34,3.0022075055187636,52,679,TRUE,1
2022,MALE,Isaac,ISAAC,51,34,3.0022075055187636,43,726,TRUE,-8
2022,MALE,Joshua,JOSHUA,51,34,3.0022075055187636,60,627,TRUE,9
2022,MALE,Max,MAX,51,34,3.0022075055187636,NA,NA,FALSE,NA
2022,MALE,Thomas,THOMAS,51,34,3.0022075055187636,73,533,TRUE,22
2022,MALE,Gael,GAEL,58,33,2.9139072847682117,34,815,TRUE,-24
2022,MALE,Juan,JUAN,58,33,2.9139072847682117,40,740,TRUE,-18
2022,MALE,August,AUGUST,60,32,2.8256070640176603,NA,NA,FALSE,NA
2022,MALE,Caleb,CALEB,60,32,2.8256070640176603,46,706,TRUE,-14
2022,MALE,Josiah,JOSIAH,60,32,2.8256070640176603,30,855,TRUE,-30
2022,MALE,Nicolas,NICOLAS,60,32,2.8256070640176603,NA,NA,FALSE,NA
2022,MALE,Roman,ROMAN,60,32,2.8256070640176603,76,525,TRUE,16
2022,MALE,Carlos,CARLOS,65,31,2.7373068432671084,65,597,TRUE,0
2022,MALE,Christian,CHRISTIAN,65,31,2.7373068432671084,53,678,TRUE,-12
2022,MALE,Christopher,CHRISTOPHER,67,30,2.6490066225165565,44,722,TRUE,-23
2022,MALE,Kai,KAI,67,30,2.6490066225165565,79,510,TRUE,12
2022,MALE,Aaron,AARON,69,29,2.5607064017660046,56,656,TRUE,-13
2022,MALE,Axel,AXEL,69,29,2.5607064017660046,47,702,TRUE,-22
2022,MALE,Carter,CARTER,69,29,2.5607064017660046,74,530,TRUE,5
2022,MALE,Luis,LUIS,69,29,2.5607064017660046,49,693,TRUE,-20
2022,MALE,Nathan,NATHAN,69,29,2.5607064017660046,45,717,TRUE,-24
2022,MALE,Ryan,RYAN,69,29,2.5607064017660046,88,436,TRUE,19
2022,MALE,Everett,EVERETT,75,28,2.4724061810154527,NA,NA,FALSE,NA
2022,MALE,Robert,ROBERT,75,28,2.4724061810154527,96,408,TRUE,21
2022,MALE,Asher,ASHER,77,27,2.384105960264901,41,737,TRUE,-36
2022,MALE,Harrison,HARRISON,77,27,2.384105960264901,NA,NA,FALSE,NA
2022,MALE,Theo,THEO,77,27,2.384105960264901,NA,NA,FALSE,NA
2022,MALE,Adriel,ADRIEL,80,26,2.295805739514349,64,598,TRUE,-16
2022,MALE,Jonathan,JONATHAN,80,26,2.295805739514349,69,567,TRUE,-11
2022,MALE,Matthew,MATTHEW,80,26,2.295805739514349,27,899,TRUE,-53
2022,MALE,Alan,ALAN,83,25,2.207505518763797,NA,NA,FALSE,NA
2022,MALE,Andrew,ANDREW,83,25,2.207505518763797,70,563,TRUE,-13
2022,MALE,Enzo,ENZO,83,25,2.207505518763797,NA,NA,FALSE,NA
2022,MALE,George,GEORGE,83,25,2.207505518763797,NA,NA,FALSE,NA
2022,MALE,Grayson,GRAYSON,83,25,2.207505518763797,58,652,TRUE,-25
2022,MALE,Jeremiah,JEREMIAH,83,25,2.207505518763797,72,540,TRUE,-11
2022,MALE,Jesus,JESUS,83,25,2.207505518763797,67,586,TRUE,-16
2022,MALE,Nolan,NOLAN,83,25,2.207505518763797,94,416,TRUE,11
2022,MALE,Cameron,CAMERON,91,24,2.119205298013245,NA,NA,FALSE,NA
2022,MALE,Mason,MASON,91,24,2.119205298013245,61,618,TRUE,-30
2022,MALE,Maverick,MAVERICK,91,24,2.119205298013245,66,587,TRUE,-25
2022,MALE,Rowan,ROWAN,91,24,2.119205298013245,NA,NA,FALSE,NA
2022,MALE,Weston,WESTON,91,24,2.119205298013245,NA,NA,FALSE,NA
2022,MALE,Evan,EVAN,96,23,2.0309050772626933,NA,NA,FALSE,NA
2022,MALE,Lincoln,LINCOLN,96,23,2.0309050772626933,91,430,TRUE,-5
2022,MALE,Andres,ANDRES,98,22,1.9426048565121412,93,425,TRUE,-5
2022,MALE,Eli,ELI,98,22,1.9426048565121412,80,505,TRUE,-18
2022,MALE,Jude,JUDE,98,22,1.9426048565121412,NA,NA,FALSE,NA
2022,MALE,Matias,MATIAS,98,22,1.9426048565121412,90,431,TRUE,-8
2022,MALE,Micah,MICAH,98,22,1.9426048565121412,81,493,TRUE,-17
2022,MALE,River,RIVER,98,22,1.9426048565121412,NA,NA,FALSE,NA
2022,MALE,Walker,WALKER,98,22,1.9426048565121412,100,392,TRUE,2
2022,MALE,Wesley,WESLEY,98,22,1.9426048565121412,NA,NA,FALSE,NA
2023,FEMALE,Mia,MIA,1,95,8.637148831711974,4,1583,TRUE,3
2023,FEMALE,Emma,EMMA,2,91,8.273479407218838,1,1805,TRUE,-1
2023,FEMALE,Sofia,SOFIA,3,81,7.3643058459859985,7,1217,TRUE,4
2023,FEMALE,Isabella,ISABELLA,4,80,7.273388489862715,5,1572,TRUE,1
2023,FEMALE,Olivia,OLIVIA,5,78,7.091553777616147,2,1763,TRUE,-3
2023,FEMALE,Camila,CAMILA,6,74,6.727884353123011,3,1639,TRUE,-3
2023,FEMALE,Sophia,SOPHIA,7,66,6.000545504136739,6,1338,TRUE,-1
2023,FEMALE,Zoe,ZOE,8,64,5.8187107918901715,19,694,TRUE,11
2023,FEMALE,Amelia,AMELIA,9,62,5.636876079643604,8,1178,TRUE,-1
2023,FEMALE,Charlotte,CHARLOTTE,10,56,5.0913719429039,9,989,TRUE,-1
2023,FEMALE,Evelyn,EVELYN,11,52,4.727702518410765,11,957,TRUE,0
2023,FEMALE,Ava,AVA,12,50,4.545867806164197,10,970,TRUE,-2
2023,FEMALE,Avery,AVERY,13,49,4.454950450040913,27,641,TRUE,14
2023,FEMALE,Luna,LUNA,13,49,4.454950450040913,12,917,TRUE,-1
2023,FEMALE,Lily,LILY,15,47,4.2731157377943445,36,566,TRUE,21
2023,FEMALE,Emily,EMILY,16,45,4.091281025547777,13,867,TRUE,-3
2023,FEMALE,Maya,MAYA,17,43,3.9094463133012094,55,406,TRUE,38
2023,FEMALE,Eleanor,ELEANOR,18,42,3.818528957177925,33,592,TRUE,15
2023,FEMALE,Elena,ELENA,18,42,3.818528957177925,17,741,TRUE,-1
2023,FEMALE,Penelope,PENELOPE,20,39,3.5457768888080734,29,607,TRUE,9
2023,FEMALE,Victoria,VICTORIA,21,38,3.4548595326847895,18,725,TRUE,-3
2023,FEMALE,Aurora,AURORA,22,37,3.3639421765615056,28,617,TRUE,6
2023,FEMALE,Chloe,CHLOE,23,36,3.2730248204382217,39,536,TRUE,16
2023,FEMALE,Lucy,LUCY,23,36,3.2730248204382217,64,353,TRUE,41
2023,FEMALE,Naomi,NAOMI,23,36,3.2730248204382217,50,422,TRUE,27
2023,FEMALE,Nora,NORA,23,36,3.2730248204382217,60,369,TRUE,37
2023,FEMALE,Violet,VIOLET,23,36,3.2730248204382217,25,655,TRUE,2
2023,FEMALE,Genesis,GENESIS,28,35,3.182107464314938,23,661,TRUE,-5
2023,FEMALE,Isla,ISLA,28,35,3.182107464314938,68,341,TRUE,40
2023,FEMALE,Mila,MILA,30,34,3.091190108191654,31,603,TRUE,1
2023,FEMALE,Emilia,EMILIA,31,33,3.0002727520683696,34,587,TRUE,3
2023,FEMALE,Lucia,LUCIA,31,33,3.0002727520683696,66,346,TRUE,35
2023,FEMALE,Elizabeth,ELIZABETH,33,32,2.9093553959450857,14,796,TRUE,-19
2023,FEMALE,Scarlett,SCARLETT,33,32,2.9093553959450857,20,685,TRUE,-13
2023,FEMALE,Aria,ARIA,35,31,2.818438039821802,22,662,TRUE,-13
2023,FEMALE,Valentina,VALENTINA,35,31,2.818438039821802,21,674,TRUE,-14
2023,FEMALE,Ella,ELLA,37,30,2.727520683698518,54,408,TRUE,17
2023,FEMALE,Madeline,MADELINE,37,30,2.727520683698518,87,297,TRUE,50
2023,FEMALE,Margot,MARGOT,37,30,2.727520683698518,NA,NA,FALSE,NA
2023,FEMALE,Harper,HARPER,40,29,2.636603327575234,26,650,TRUE,-14
2023,FEMALE,Leah,LEAH,40,29,2.636603327575234,43,502,TRUE,3
2023,FEMALE,Abigail,ABIGAIL,42,28,2.54568597145195,30,603,TRUE,-12
2023,FEMALE,Ellie,ELLIE,42,28,2.54568597145195,35,577,TRUE,-7
2023,FEMALE,Gianna,GIANNA,42,28,2.54568597145195,16,768,TRUE,-26
2023,FEMALE,Hazel,HAZEL,42,28,2.54568597145195,38,540,TRUE,-4
2023,FEMALE,Madison,MADISON,42,28,2.54568597145195,37,541,TRUE,-5
2023,FEMALE,Riley,RILEY,42,28,2.54568597145195,53,409,TRUE,11
2023,FEMALE,Julia,JULIA,48,27,2.4547686153286663,NA,NA,FALSE,NA
2023,FEMALE,Liliana,LILIANA,48,27,2.4547686153286663,59,370,TRUE,11
2023,FEMALE,Madelyn,MADELYN,48,27,2.4547686153286663,58,391,TRUE,10
2023,FEMALE,Maria,MARIA,48,27,2.4547686153286663,45,481,TRUE,-3
2023,FEMALE,Alice,ALICE,52,26,2.3638512592053824,80,313,TRUE,28
2023,FEMALE,Josephine,JOSEPHINE,52,26,2.3638512592053824,NA,NA,FALSE,NA
2023,FEMALE,Layla,LAYLA,52,26,2.3638512592053824,32,599,TRUE,-20
2023,FEMALE,Lillian,LILLIAN,52,26,2.3638512592053824,NA,NA,FALSE,NA
2023,FEMALE,Natalia,NATALIA,52,26,2.3638512592053824,40,533,TRUE,-12
2023,FEMALE,Leilani,LEILANI,57,25,2.2729339030820985,24,657,TRUE,-33
2023,FEMALE,Sarah,SARAH,57,25,2.2729339030820985,71,334,TRUE,14
2023,FEMALE,Adeline,ADELINE,59,24,2.1820165469588146,75,325,TRUE,16
2023,FEMALE,Eliana,ELIANA,59,24,2.1820165469588146,15,787,TRUE,-44
2023,FEMALE,Hannah,HANNAH,59,24,2.1820165469588146,48,449,TRUE,-11
2023,FEMALE,Caroline,CAROLINE,62,23,2.0910991908355303,72,331,TRUE,10
2023,FEMALE,Cora,CORA,62,23,2.0910991908355303,NA,NA,FALSE,NA
2023,FEMALE,Delilah,DELILAH,62,23,2.0910991908355303,41,527,TRUE,-21
2023,FEMALE,Georgia,GEORGIA,62,23,2.0910991908355303,NA,NA,FALSE,NA
2023,FEMALE,Jade,JADE,62,23,2.0910991908355303,65,351,TRUE,3
2023,FEMALE,Sadie,SADIE,62,23,2.0910991908355303,78,322,TRUE,16
2023,FEMALE,Ashley,ASHLEY,68,22,2.0001818347122464,70,338,TRUE,2
2023,FEMALE,Autumn,AUTUMN,68,22,2.0001818347122464,82,311,TRUE,14
2023,FEMALE,Eliza,ELIZA,68,22,2.0001818347122464,NA,NA,FALSE,NA
2023,FEMALE,Stella,STELLA,68,22,2.0001818347122464,62,362,TRUE,-6
2023,FEMALE,Diana,DIANA,72,21,1.9092644785889625,NA,NA,FALSE,NA
2023,FEMALE,Grace,GRACE,72,21,1.9092644785889625,47,452,TRUE,-25
2023,FEMALE,Juniper,JUNIPER,72,21,1.9092644785889625,NA,NA,FALSE,NA
2023,FEMALE,Katherine,KATHERINE,72,21,1.9092644785889625,93,284,TRUE,21
2023,FEMALE,Ruby,RUBY,72,21,1.9092644785889625,NA,NA,FALSE,NA
2023,FEMALE,Zoey,ZOEY,72,21,1.9092644785889625,67,343,TRUE,-5
2023,FEMALE,Amy,AMY,78,20,1.8183471224656786,NA,NA,FALSE,NA
2023,FEMALE,Andrea,ANDREA,78,20,1.8183471224656786,61,366,TRUE,-17
2023,FEMALE,Clara,CLARA,78,20,1.8183471224656786,NA,NA,FALSE,NA
2023,FEMALE,Eloise,ELOISE,78,20,1.8183471224656786,NA,NA,FALSE,NA
2023,FEMALE,Eva,EVA,78,20,1.8183471224656786,NA,NA,FALSE,NA
2023,FEMALE,Isabel,ISABEL,78,20,1.8183471224656786,NA,NA,FALSE,NA
2023,FEMALE,Melanie,MELANIE,78,20,1.8183471224656786,81,313,TRUE,3
2023,FEMALE,Nova,NOVA,78,20,1.8183471224656786,52,418,TRUE,-26
2023,FEMALE,Parker,PARKER,78,20,1.8183471224656786,NA,NA,FALSE,NA
2023,FEMALE,Rose,ROSE,78,20,1.8183471224656786,NA,NA,FALSE,NA
2023,FEMALE,Savannah,SAVANNAH,78,20,1.8183471224656786,97,280,TRUE,19
2023,FEMALE,Valeria,VALERIA,78,20,1.8183471224656786,63,360,TRUE,-15
2023,FEMALE,Ximena,XIMENA,78,20,1.8183471224656786,44,487,TRUE,-34
2023,FEMALE,Addison,ADDISON,91,19,1.7274297663423948,90,289,TRUE,-1
2023,FEMALE,Allison,ALLISON,91,19,1.7274297663423948,51,420,TRUE,-40
2023,FEMALE,Claire,CLAIRE,91,19,1.7274297663423948,NA,NA,FALSE,NA
2023,FEMALE,Eden,EDEN,91,19,1.7274297663423948,NA,NA,FALSE,NA
2023,FEMALE,Ivy,IVY,91,19,1.7274297663423948,46,462,TRUE,-45
2023,FEMALE,Margaret,MARGARET,91,19,1.7274297663423948,NA,NA,FALSE,NA
2023,FEMALE,Mary,MARY,91,19,1.7274297663423948,NA,NA,FALSE,NA
2023,FEMALE,Aaliyah,AALIYAH,98,18,1.6365124102191109,57,397,TRUE,-41
2023,FEMALE,Brianna,BRIANNA,98,18,1.6365124102191109,NA,NA,FALSE,NA
2023,FEMALE,Daisy,DAISY,98,18,1.6365124102191109,NA,NA,FALSE,NA
2023,FEMALE,Emery,EMERY,98,18,1.6365124102191109,49,423,TRUE,-49
2023,FEMALE,Lainey,LAINEY,98,18,1.6365124102191109,100,279,TRUE,2
2023,FEMALE,Natalie,NATALIE,98,18,1.6365124102191109,69,341,TRUE,-29
2023,MALE,Liam,LIAM,1,125,11.21780489993718,1,2774,TRUE,0
2023,MALE,Noah,NOAH,2,88,7.897334649555775,2,2235,TRUE,0
2023,MALE,Mateo,MATEO,3,85,7.628107331957283,3,2120,TRUE,0
2023,MALE,Oliver,OLIVER,4,83,7.448622453558288,7,1421,TRUE,3
2023,MALE,Theodore,THEODORE,5,77,6.910167818361303,37,775,TRUE,32
2023,MALE,Sebastian,SEBASTIAN,6,69,6.192228304765323,5,1565,TRUE,-1
2023,MALE,Jack,JACK,7,67,6.012743426366328,60,593,TRUE,53
2023,MALE,James,JAMES,7,67,6.012743426366328,17,998,TRUE,10
2023,MALE,Henry,HENRY,9,65,5.833258547967334,33,799,TRUE,24
2023,MALE,Lucas,LUCAS,10,63,5.653773669568339,9,1145,TRUE,-1
2023,MALE,Ethan,ETHAN,11,60,5.384546351969846,22,933,TRUE,11
2023,MALE,Santiago,SANTIAGO,11,60,5.384546351969846,4,1567,TRUE,-7
2023,MALE,Dylan,DYLAN,13,59,5.294803912770349,14,1030,TRUE,1
2023,MALE,Daniel,DANIEL,14,58,5.205061473570852,11,1070,TRUE,-3
2023,MALE,Elijah,ELIJAH,14,58,5.205061473570852,6,1473,TRUE,-8
2023,MALE,Luca,LUCA,14,58,5.205061473570852,40,746,TRUE,26
2023,MALE,Owen,OWEN,17,57,5.115319034371354,76,521,TRUE,59
2023,MALE,William,WILLIAM,18,56,5.025576595171857,23,911,TRUE,5
2023,MALE,Benjamin,BENJAMIN,19,55,4.935834155972359,18,975,TRUE,-1
2023,MALE,Julian,JULIAN,19,55,4.935834155972359,13,1053,TRUE,-6
2023,MALE,Alexander,ALEXANDER,21,54,4.846091716772862,20,942,TRUE,-1
2023,MALE,Asher,ASHER,22,53,4.7563492775733645,44,715,TRUE,22
2023,MALE,David,DAVID,22,53,4.7563492775733645,21,938,TRUE,-1
2023,MALE,Leo,LEO,22,53,4.7563492775733645,56,646,TRUE,34
2023,MALE,John,JOHN,25,51,4.57686439917437,27,819,TRUE,2
2023,MALE,Jose,JOSE,26,50,4.487121959974872,15,1026,TRUE,-11
2023,MALE,Matthew,MATTHEW,26,50,4.487121959974872,25,875,TRUE,-1
2023,MALE,Thiago,THIAGO,26,50,4.487121959974872,41,740,TRUE,15
2023,MALE,Samuel,SAMUEL,29,47,4.21789464237638,19,968,TRUE,-10
2023,MALE,Levi,LEVI,30,46,4.1281522031768825,10,1100,TRUE,-20
2023,MALE,Joseph,JOSEPH,31,45,4.038409763977385,50,672,TRUE,19
2023,MALE,Miles,MILES,31,45,4.038409763977385,78,502,TRUE,47
2023,MALE,Elias,ELIAS,33,43,3.85892488557839,12,1054,TRUE,-21
2023,MALE,Ezra,EZRA,33,43,3.85892488557839,8,1146,TRUE,-25
2023,MALE,Wyatt,WYATT,33,43,3.85892488557839,70,548,TRUE,37
2023,MALE,Ian,IAN,36,42,3.7691824463788928,53,663,TRUE,17
2023,MALE,Jackson,JACKSON,36,42,3.7691824463788928,73,537,TRUE,37
2023,MALE,Joshua,JOSHUA,38,41,3.6794400071793953,49,673,TRUE,11
2023,MALE,Caleb,CALEB,39,40,3.5896975679798975,45,695,TRUE,6
2023,MALE,Michael,MICHAEL,39,40,3.5896975679798975,32,804,TRUE,-7
2023,MALE,Anthony,ANTHONY,41,39,3.4999551287804,31,804,TRUE,-10
2023,MALE,Axel,AXEL,41,39,3.4999551287804,47,689,TRUE,6
2023,MALE,Leonardo,LEONARDO,43,38,3.4102126895809026,35,791,TRUE,-8
2023,MALE,Luke,LUKE,43,38,3.4102126895809026,24,880,TRUE,-19
2023,MALE,Charles,CHARLES,45,37,3.320470250381405,96,392,TRUE,51
2023,MALE,Christopher,CHRISTOPHER,45,37,3.320470250381405,51,669,TRUE,6
2023,MALE,Gael,GAEL,45,37,3.320470250381405,28,818,TRUE,-17
2023,MALE,Aaron,AARON,48,36,3.2307278111819078,52,664,TRUE,4
2023,MALE,Angel,ANGEL,48,36,3.2307278111819078,16,1011,TRUE,-32
2023,MALE,Diego,DIEGO,50,35,3.1409853719824103,64,581,TRUE,14
2023,MALE,Ezekiel,EZEKIEL,50,35,3.1409853719824103,26,834,TRUE,-24
2023,MALE,Jacob,JACOB,50,35,3.1409853719824103,34,797,TRUE,-16
2023,MALE,Aiden,AIDEN,53,34,3.051242932782913,38,774,TRUE,-15
2023,MALE,Isaac,ISAAC,53,34,3.051242932782913,42,739,TRUE,-11
2023,MALE,Nathan,NATHAN,53,34,3.051242932782913,46,693,TRUE,-7
2023,MALE,Roman,ROMAN,53,34,3.051242932782913,77,516,TRUE,24
2023,MALE,Nolan,NOLAN,57,33,2.9615004935834155,80,488,TRUE,23
2023,MALE,Thomas,THOMAS,57,33,2.9615004935834155,74,536,TRUE,17
2023,MALE,Emiliano,EMILIANO,59,32,2.871758054383918,72,544,TRUE,13
2023,MALE,Gabriel,GABRIEL,59,32,2.871758054383918,29,811,TRUE,-30
2023,MALE,Jayden,JAYDEN,59,32,2.871758054383918,39,759,TRUE,-20
2023,MALE,Josiah,JOSIAH,59,32,2.871758054383918,30,809,TRUE,-29
2023,MALE,Kai,KAI,59,32,2.871758054383918,79,500,TRUE,20
2023,MALE,Carlos,CARLOS,64,31,2.7820156151844206,59,619,TRUE,-5
2023,MALE,Damian,DAMIAN,64,31,2.7820156151844206,57,636,TRUE,-7
2023,MALE,Grayson,GRAYSON,64,31,2.7820156151844206,69,552,TRUE,5
2023,MALE,Logan,LOGAN,64,31,2.7820156151844206,63,584,TRUE,-1
2023,MALE,Adriel,ADRIEL,68,30,2.692273175984923,43,730,TRUE,-25
2023,MALE,Brooks,BROOKS,68,30,2.692273175984923,NA,NA,FALSE,NA
2023,MALE,Emilio,EMILIO,68,30,2.692273175984923,91,411,TRUE,23
2023,MALE,Enzo,ENZO,68,30,2.692273175984923,84,451,TRUE,16
2023,MALE,Hudson,HUDSON,68,30,2.692273175984923,54,654,TRUE,-14
2023,MALE,Cameron,CAMERON,73,29,2.602530736785426,NA,NA,FALSE,NA
2023,MALE,Theo,THEO,73,29,2.602530736785426,NA,NA,FALSE,NA
2023,MALE,Luis,LUIS,75,28,2.5127882975859284,48,685,TRUE,-27
2023,MALE,Parker,PARKER,75,28,2.5127882975859284,NA,NA,FALSE,NA
2023,MALE,Christian,CHRISTIAN,77,27,2.423045858386431,61,591,TRUE,-16
2023,MALE,Luka,LUKA,77,27,2.423045858386431,68,560,TRUE,-9
2023,MALE,Arthur,ARTHUR,79,26,2.3333034191869335,NA,NA,FALSE,NA
2023,MALE,August,AUGUST,79,26,2.3333034191869335,NA,NA,FALSE,NA
2023,MALE,Jesus,JESUS,79,26,2.3333034191869335,62,589,TRUE,-17
2023,MALE,Jonathan,JONATHAN,79,26,2.3333034191869335,67,562,TRUE,-12
2023,MALE,Matias,MATIAS,79,26,2.3333034191869335,85,450,TRUE,6
2023,MALE,Adrian,ADRIAN,84,25,2.243560979987436,36,784,TRUE,-48
2023,MALE,Andrew,ANDREW,84,25,2.243560979987436,71,544,TRUE,-13
2023,MALE,Lincoln,LINCOLN,84,25,2.243560979987436,NA,NA,FALSE,NA
2023,MALE,Mason,MASON,84,25,2.243560979987436,66,568,TRUE,-18
2023,MALE,Milo,MILO,84,25,2.243560979987436,NA,NA,FALSE,NA
2023,MALE,Adam,ADAM,89,24,2.1538185407879387,NA,NA,FALSE,NA
2023,MALE,Bennett,BENNETT,90,23,2.0640761015884412,NA,NA,FALSE,NA
2023,MALE,Cooper,COOPER,90,23,2.0640761015884412,82,484,TRUE,-8
2023,MALE,Juan,JUAN,90,23,2.0640761015884412,58,629,TRUE,-32
2023,MALE,Maverick,MAVERICK,90,23,2.0640761015884412,65,576,TRUE,-25
2023,MALE,Max,MAX,90,23,2.0640761015884412,NA,NA,FALSE,NA
2023,MALE,Robert,ROBERT,90,23,2.0640761015884412,NA,NA,FALSE,NA
2023,MALE,Ryan,RYAN,90,23,2.0640761015884412,89,415,TRUE,-1
2023,MALE,Austin,AUSTIN,97,22,1.9743336623889438,NA,NA,FALSE,NA
2023,MALE,Charlie,CHARLIE,97,22,1.9743336623889438,NA,NA,FALSE,NA
2023,MALE,Elliot,ELLIOT,97,22,1.9743336623889438,NA,NA,FALSE,NA
2023,MALE,Felix,FELIX,97,22,1.9743336623889438,NA,NA,FALSE,NA
2023,MALE,Leon,LEON,97,22,1.9743336623889438,NA,NA,FALSE,NA
2024,FEMALE,Emma,EMMA,1,86,7.516825452320601,2,1759,TRUE,1
2024,FEMALE,Olivia,OLIVIA,1,86,7.516825452320601,1,1765,TRUE,0
2024,FEMALE,Mia,MIA,3,82,7.167205663840574,3,1691,TRUE,0
2024,FEMALE,Isabella,ISABELLA,4,73,6.380561139760511,5,1561,TRUE,1
2024,FEMALE,Sophia,SOPHIA,5,71,6.205751245520497,6,1363,TRUE,1
2024,FEMALE,Camila,CAMILA,6,66,5.768726509920461,4,1628,TRUE,-2
2024,FEMALE,Charlotte,CHARLOTTE,6,66,5.768726509920461,9,1021,TRUE,3
2024,FEMALE,Sofia,SOFIA,8,63,5.5065116685604405,8,1234,TRUE,0
2024,FEMALE,Elena,ELENA,9,58,5.069486932960405,19,729,TRUE,10
2024,FEMALE,Amelia,AMELIA,10,56,4.894677038720392,7,1269,TRUE,-3
2024,FEMALE,Emily,EMILY,10,56,4.894677038720392,16,772,TRUE,6
2024,FEMALE,Elizabeth,ELIZABETH,12,55,4.807272091600384,15,815,TRUE,3
2024,FEMALE,Evelyn,EVELYN,13,50,4.370247356000349,11,955,TRUE,-2
2024,FEMALE,Luna,LUNA,13,50,4.370247356000349,12,924,TRUE,-1
2024,FEMALE,Penelope,PENELOPE,15,49,4.2828424088803425,35,559,TRUE,20
2024,FEMALE,Eleanor,ELEANOR,16,46,4.020627567520322,27,617,TRUE,11
2024,FEMALE,Lucia,LUCIA,17,45,3.9332226204003145,57,401,TRUE,40
2024,FEMALE,Zoe,ZOE,17,45,3.9332226204003145,18,734,TRUE,1
2024,FEMALE,Violet,VIOLET,19,44,3.8458176732803078,26,632,TRUE,7
2024,FEMALE,Lily,LILY,20,43,3.7584127261603006,28,607,TRUE,8
2024,FEMALE,Mila,MILA,21,42,3.6710077790402935,34,563,TRUE,13
2024,FEMALE,Scarlett,SCARLETT,21,42,3.6710077790402935,25,635,TRUE,4
2024,FEMALE,Naomi,NAOMI,23,40,3.4961978848002797,45,477,TRUE,22
2024,FEMALE,Gianna,GIANNA,24,39,3.4087929376802726,13,868,TRUE,-11
2024,FEMALE,Aria,ARIA,25,38,3.321387990560266,24,655,TRUE,-1
2024,FEMALE,Ella,ELLA,25,38,3.321387990560266,46,473,TRUE,21
2024,FEMALE,Maya,MAYA,25,38,3.321387990560266,68,367,TRUE,43
2024,FEMALE,Nora,NORA,25,38,3.321387990560266,65,373,TRUE,40
2024,FEMALE,Ava,AVA,29,37,3.2339830434402588,14,819,TRUE,-15
2024,FEMALE,Eliana,ELIANA,29,37,3.2339830434402588,10,999,TRUE,-19
2024,FEMALE,Emilia,EMILIA,29,37,3.2339830434402588,32,583,TRUE,3
2024,FEMALE,Harper,HARPER,29,37,3.2339830434402588,33,578,TRUE,4
2024,FEMALE,Aurora,AURORA,33,36,3.1465780963202516,20,727,TRUE,-13
2024,FEMALE,Josephine,JOSEPHINE,33,36,3.1465780963202516,NA,NA,FALSE,NA
2024,FEMALE,Avery,AVERY,35,35,3.0591731492002445,31,592,TRUE,-4
2024,FEMALE,Chloe,CHLOE,35,35,3.0591731492002445,36,550,TRUE,1
2024,FEMALE,Isla,ISLA,35,35,3.0591731492002445,74,352,TRUE,39
2024,FEMALE,Lucy,LUCY,35,35,3.0591731492002445,60,392,TRUE,25
2024,FEMALE,Victoria,VICTORIA,35,35,3.0591731492002445,21,683,TRUE,-14
2024,FEMALE,Ailany,AILANY,40,34,2.971768202080238,41,486,TRUE,1
2024,FEMALE,Ellie,ELLIE,40,34,2.971768202080238,23,664,TRUE,-17
2024,FEMALE,Madeline,MADELINE,40,34,2.971768202080238,77,333,TRUE,37
2024,FEMALE,Abigail,ABIGAIL,43,33,2.8843632549602307,30,605,TRUE,-13
2024,FEMALE,Hazel,HAZEL,43,33,2.8843632549602307,37,549,TRUE,-6
2024,FEMALE,Maria,MARIA,45,32,2.7969583078402236,49,457,TRUE,4
2024,FEMALE,Valeria,VALERIA,46,31,2.709553360720217,64,376,TRUE,18
2024,FEMALE,Ashley,ASHLEY,47,30,2.62214841360021,58,398,TRUE,11
2024,FEMALE,Delilah,DELILAH,47,30,2.62214841360021,39,509,TRUE,-8
2024,FEMALE,Catalina,CATALINA,49,29,2.5347434664802027,38,540,TRUE,-11
2024,FEMALE,Hannah,HANNAH,49,29,2.5347434664802027,48,466,TRUE,-1
2024,FEMALE,Margot,MARGOT,49,29,2.5347434664802027,NA,NA,FALSE,NA
2024,FEMALE,Genesis,GENESIS,52,28,2.447338519360196,22,681,TRUE,-30
2024,FEMALE,Grace,GRACE,52,28,2.447338519360196,53,425,TRUE,1
2024,FEMALE,Layla,LAYLA,52,28,2.447338519360196,40,506,TRUE,-12
2024,FEMALE,Valentina,VALENTINA,52,28,2.447338519360196,17,759,TRUE,-35
2024,FEMALE,Parker,PARKER,56,27,2.359933572240189,NA,NA,FALSE,NA
2024,FEMALE,Iris,IRIS,57,26,2.2725286251201817,88,306,TRUE,31
2024,FEMALE,Liliana,LILIANA,57,26,2.2725286251201817,62,385,TRUE,5
2024,FEMALE,Riley,RILEY,57,26,2.2725286251201817,71,357,TRUE,14
2024,FEMALE,Eloise,ELOISE,60,25,2.1851236780001746,NA,NA,FALSE,NA
2024,FEMALE,Leah,LEAH,60,25,2.1851236780001746,42,485,TRUE,-18
2024,FEMALE,Natalia,NATALIA,60,25,2.1851236780001746,43,480,TRUE,-17
2024,FEMALE,Sophie,SOPHIE,60,25,2.1851236780001746,99,286,TRUE,39
2024,FEMALE,Addison,ADDISON,64,24,2.097718730880168,85,316,TRUE,21
2024,FEMALE,Daisy,DAISY,64,24,2.097718730880168,92,300,TRUE,28
2024,FEMALE,Eden,EDEN,64,24,2.097718730880168,89,303,TRUE,25
2024,FEMALE,Ivy,IVY,64,24,2.097718730880168,44,477,TRUE,-20
2024,FEMALE,June,JUNE,64,24,2.097718730880168,NA,NA,FALSE,NA
2024,FEMALE,Alaia,ALAIA,69,23,2.010313783760161,78,331,TRUE,9
2024,FEMALE,Audrey,AUDREY,69,23,2.010313783760161,98,288,TRUE,29
2024,FEMALE,Charlie,CHARLIE,69,23,2.010313783760161,NA,NA,FALSE,NA
2024,FEMALE,Jade,JADE,69,23,2.010313783760161,70,359,TRUE,1
2024,FEMALE,Leilani,LEILANI,69,23,2.010313783760161,29,606,TRUE,-40
2024,FEMALE,Stella,STELLA,69,23,2.010313783760161,75,349,TRUE,6
2024,FEMALE,Ximena,XIMENA,69,23,2.010313783760161,54,424,TRUE,-15
2024,FEMALE,Alice,ALICE,76,22,1.9229088366401539,73,354,TRUE,-3
2024,FEMALE,Allison,ALLISON,76,22,1.9229088366401539,51,432,TRUE,-25
2024,FEMALE,Brooklyn,BROOKLYN,76,22,1.9229088366401539,NA,NA,FALSE,NA
2024,FEMALE,Caroline,CAROLINE,76,22,1.9229088366401539,93,297,TRUE,17
2024,FEMALE,Clara,CLARA,76,22,1.9229088366401539,NA,NA,FALSE,NA
2024,FEMALE,Juliette,JULIETTE,76,22,1.9229088366401539,59,395,TRUE,-17
2024,FEMALE,Madison,MADISON,76,22,1.9229088366401539,47,468,TRUE,-29
2024,FEMALE,Ruby,RUBY,76,22,1.9229088366401539,NA,NA,FALSE,NA
2024,FEMALE,Alana,ALANA,84,21,1.8355038895201468,95,293,TRUE,11
2024,FEMALE,Ariana,ARIANA,84,21,1.8355038895201468,55,419,TRUE,-29
2024,FEMALE,Daphne,DAPHNE,84,21,1.8355038895201468,NA,NA,FALSE,NA
2024,FEMALE,Georgia,GEORGIA,84,21,1.8355038895201468,NA,NA,FALSE,NA
2024,FEMALE,Kaia,KAIA,84,21,1.8355038895201468,NA,NA,FALSE,NA
2024,FEMALE,Sadie,SADIE,84,21,1.8355038895201468,80,325,TRUE,-4
2024,FEMALE,Sienna,SIENNA,84,21,1.8355038895201468,NA,NA,FALSE,NA
2024,FEMALE,Claire,CLAIRE,91,20,1.7480989424001399,NA,NA,FALSE,NA
2024,FEMALE,Madelyn,MADELYN,91,20,1.7480989424001399,67,368,TRUE,-24
2024,FEMALE,Olive,OLIVE,91,20,1.7480989424001399,NA,NA,FALSE,NA
2024,FEMALE,Aaliyah,AALIYAH,94,19,1.660693995280133,66,370,TRUE,-28
2024,FEMALE,Alexandra,ALEXANDRA,94,19,1.660693995280133,NA,NA,FALSE,NA
2024,FEMALE,Ana,ANA,94,19,1.660693995280133,82,320,TRUE,-12
2024,FEMALE,Andrea,ANDREA,94,19,1.660693995280133,69,362,TRUE,-25
2024,FEMALE,Athena,ATHENA,94,19,1.660693995280133,79,325,TRUE,-15
2024,FEMALE,Eva,EVA,94,19,1.660693995280133,NA,NA,FALSE,NA
2024,FEMALE,Everly,EVERLY,94,19,1.660693995280133,76,347,TRUE,-18
2024,FEMALE,Kimberly,KIMBERLY,94,19,1.660693995280133,NA,NA,FALSE,NA
2024,FEMALE,Lia,LIA,94,19,1.660693995280133,NA,NA,FALSE,NA
2024,FEMALE,Margaret,MARGARET,94,19,1.660693995280133,NA,NA,FALSE,NA
2024,FEMALE,Nova,NOVA,94,19,1.660693995280133,50,451,TRUE,-44
2024,FEMALE,Samantha,SAMANTHA,94,19,1.660693995280133,96,292,TRUE,2
2024,FEMALE,Vivian,VIVIAN,94,19,1.660693995280133,NA,NA,FALSE,NA
2024,MALE,Liam,LIAM,1,144,12.220996350674701,1,3090,TRUE,0
2024,MALE,Oliver,OLIVER,2,101,8.571671051514894,7,1318,TRUE,5
2024,MALE,Mateo,MATEO,3,98,8.317066960875838,3,2097,TRUE,0
2024,MALE,Noah,NOAH,4,94,7.977594840023763,2,2404,TRUE,-2
2024,MALE,Theodore,THEODORE,5,91,7.7229907493847065,30,833,TRUE,25
2024,MALE,Sebastian,SEBASTIAN,6,84,7.128914537893576,5,1565,TRUE,-1
2024,MALE,Santiago,SANTIAGO,7,76,6.449970296189425,4,1726,TRUE,-3
2024,MALE,Dylan,DYLAN,8,75,6.3651022659764065,13,1064,TRUE,5
2024,MALE,Henry,HENRY,9,70,5.940762114911313,29,842,TRUE,20
2024,MALE,James,JAMES,9,70,5.940762114911313,19,1010,TRUE,10
2024,MALE,William,WILLIAM,9,70,5.940762114911313,21,934,TRUE,12
2024,MALE,Luca,LUCA,12,67,5.686158024272257,32,791,TRUE,20
2024,MALE,Jack,JACK,13,66,5.601289994059238,63,592,TRUE,50
2024,MALE,Julian,JULIAN,13,66,5.601289994059238,12,1091,TRUE,-1
2024,MALE,John,JOHN,15,65,5.516421963846219,28,863,TRUE,13
2024,MALE,Lucas,LUCAS,16,62,5.261817873207163,11,1102,TRUE,-5
2024,MALE,Elijah,ELIJAH,17,61,5.176949842994144,6,1435,TRUE,-11
2024,MALE,Ethan,ETHAN,17,61,5.176949842994144,14,1045,TRUE,-3
2024,MALE,Benjamin,BENJAMIN,19,60,5.092081812781125,16,1018,TRUE,-3
2024,MALE,Jose,JOSE,19,60,5.092081812781125,18,1015,TRUE,-1
2024,MALE,David,DAVID,21,56,4.752609691929051,22,926,TRUE,1
2024,MALE,Alexander,ALEXANDER,22,55,4.667741661716032,24,888,TRUE,2
2024,MALE,Miles,MILES,22,55,4.667741661716032,69,558,TRUE,47
2024,MALE,Leo,LEO,24,54,4.582873631503013,51,661,TRUE,27
2024,MALE,Levi,LEVI,24,54,4.582873631503013,15,1045,TRUE,-9
2024,MALE,Owen,OWEN,26,53,4.498005601289994,75,544,TRUE,49
2024,MALE,Luke,LUKE,27,52,4.413137571076975,26,880,TRUE,-1
2024,MALE,Ezra,EZRA,28,51,4.328269540863957,9,1126,TRUE,-19
2024,MALE,Hudson,HUDSON,29,50,4.243401510650938,52,654,TRUE,23
2024,MALE,Ian,IAN,30,49,4.158533480437919,42,726,TRUE,12
2024,MALE,Michael,MICHAEL,30,49,4.158533480437919,25,884,TRUE,-5
2024,MALE,Anthony,ANTHONY,32,48,4.0736654502249,41,732,TRUE,9
2024,MALE,Angel,ANGEL,33,47,3.9887974200118816,17,1015,TRUE,-16
2024,MALE,Asher,ASHER,33,47,3.9887974200118816,44,697,TRUE,11
2024,MALE,Elias,ELIAS,33,47,3.9887974200118816,8,1153,TRUE,-25
2024,MALE,Jackson,JACKSON,33,47,3.9887974200118816,80,499,TRUE,47
2024,MALE,Samuel,SAMUEL,37,46,3.9039293897988627,20,978,TRUE,-17
2024,MALE,Thiago,THIAGO,37,46,3.9039293897988627,34,783,TRUE,-3
2024,MALE,Daniel,DANIEL,39,45,3.819061359585844,10,1119,TRUE,-29
2024,MALE,Isaac,ISAAC,39,45,3.819061359585844,33,786,TRUE,-6
2024,MALE,Caleb,CALEB,41,43,3.6493252991598064,46,690,TRUE,5
2024,MALE,Gabriel,GABRIEL,42,41,3.479589238733769,36,755,TRUE,-6
2024,MALE,Gael,GAEL,42,41,3.479589238733769,31,814,TRUE,-11
2024,MALE,Jacob,JACOB,42,41,3.479589238733769,43,722,TRUE,1
2024,MALE,Logan,LOGAN,42,41,3.479589238733769,71,556,TRUE,29
2024,MALE,Matthew,MATTHEW,46,40,3.39472120852075,23,914,TRUE,-23
2024,MALE,Thomas,THOMAS,46,40,3.39472120852075,67,570,TRUE,21
2024,MALE,Leonardo,LEONARDO,48,38,3.2249851480947127,35,762,TRUE,-13
2024,MALE,Nolan,NOLAN,48,38,3.2249851480947127,90,420,TRUE,42
2024,MALE,Wesley,WESLEY,48,38,3.2249851480947127,NA,NA,FALSE,NA
2024,MALE,Ezekiel,EZEKIEL,51,37,3.140117117881694,27,873,TRUE,-24
2024,MALE,Charles,CHARLES,52,36,3.0552490876686753,92,415,TRUE,40
2024,MALE,Damian,DAMIAN,52,36,3.0552490876686753,62,603,TRUE,10
2024,MALE,Joshua,JOSHUA,52,36,3.0552490876686753,55,644,TRUE,3
2024,MALE,Arthur,ARTHUR,55,34,2.885513027242638,NA,NA,FALSE,NA
2024,MALE,Maverick,MAVERICK,55,34,2.885513027242638,61,606,TRUE,6
2024,MALE,Aiden,AIDEN,57,33,2.800644997029619,40,732,TRUE,-17
2024,MALE,Bennett,BENNETT,57,33,2.800644997029619,NA,NA,FALSE,NA
2024,MALE,Brooks,BROOKS,57,33,2.800644997029619,99,401,TRUE,42
2024,MALE,Christian,CHRISTIAN,57,33,2.800644997029619,49,682,TRUE,-8
2024,MALE,Emiliano,EMILIANO,57,33,2.800644997029619,57,630,TRUE,0
2024,MALE,Joseph,JOSEPH,57,33,2.800644997029619,45,693,TRUE,-12
2024,MALE,Juan,JUAN,57,33,2.800644997029619,50,672,TRUE,-7
2024,MALE,Archer,ARCHER,64,32,2.7157769668166,NA,NA,FALSE,NA
2024,MALE,Enzo,ENZO,64,32,2.7157769668166,78,512,TRUE,14
2024,MALE,Everett,EVERETT,64,32,2.7157769668166,NA,NA,FALSE,NA
2024,MALE,Josiah,JOSIAH,64,32,2.7157769668166,37,754,TRUE,-27
2024,MALE,Adrian,ADRIAN,68,31,2.6309089366035816,38,746,TRUE,-30
2024,MALE,Andrew,ANDREW,68,31,2.6309089366035816,72,547,TRUE,4
2024,MALE,August,AUGUST,68,31,2.6309089366035816,NA,NA,FALSE,NA
2024,MALE,Christopher,CHRISTOPHER,68,31,2.6309089366035816,47,689,TRUE,-21
2024,MALE,Diego,DIEGO,68,31,2.6309089366035816,68,565,TRUE,0
2024,MALE,Jayden,JAYDEN,68,31,2.6309089366035816,53,651,TRUE,-15
2024,MALE,Mason,MASON,68,31,2.6309089366035816,81,475,TRUE,13
2024,MALE,Nathan,NATHAN,75,30,2.5460409063905627,58,630,TRUE,-17
2024,MALE,Roman,ROMAN,75,30,2.5460409063905627,70,558,TRUE,-5
2024,MALE,Austin,AUSTIN,77,29,2.4611728761775438,NA,NA,FALSE,NA
2024,MALE,Aaron,AARON,78,28,2.3763048459645253,56,637,TRUE,-22
2024,MALE,Isaiah,ISAIAH,78,28,2.3763048459645253,48,685,TRUE,-30
2024,MALE,Matias,MATIAS,78,28,2.3763048459645253,79,505,TRUE,1
2024,MALE,Cooper,COOPER,81,27,2.2914368157515064,82,471,TRUE,1
2024,MALE,Hayes,HAYES,81,27,2.2914368157515064,NA,NA,FALSE,NA
2024,MALE,Luis,LUIS,81,27,2.2914368157515064,54,647,TRUE,-27
2024,MALE,Axel,AXEL,84,26,2.2065687855384875,60,611,TRUE,-24
2024,MALE,Leon,LEON,84,26,2.2065687855384875,NA,NA,FALSE,NA
2024,MALE,Robert,ROBERT,84,26,2.2065687855384875,NA,NA,FALSE,NA
2024,MALE,Atlas,ATLAS,87,25,2.121700755325469,NA,NA,FALSE,NA
2024,MALE,Nicolas,NICOLAS,87,25,2.121700755325469,100,400,TRUE,13
2024,MALE,Jesus,JESUS,89,24,2.03683272511245,66,577,TRUE,-23
2024,MALE,Luka,LUKA,89,24,2.03683272511245,77,527,TRUE,-12
2024,MALE,Adriel,ADRIEL,91,23,1.9519646948994314,39,745,TRUE,-52
2024,MALE,Alan,ALAN,91,23,1.9519646948994314,94,406,TRUE,3
2024,MALE,Grayson,GRAYSON,91,23,1.9519646948994314,76,534,TRUE,-15
2024,MALE,Jonathan,JONATHAN,91,23,1.9519646948994314,74,546,TRUE,-17
2024,MALE,Kai,KAI,91,23,1.9519646948994314,87,435,TRUE,-4
2024,MALE,Milo,MILO,91,23,1.9519646948994314,NA,NA,FALSE,NA
2024,MALE,Silas,SILAS,91,23,1.9519646948994314,NA,NA,FALSE,NA
2024,MALE,Weston,WESTON,91,23,1.9519646948994314,NA,NA,FALSE,NA
2024,MALE,Beau,BEAU,99,22,1.8670966646864127,NA,NA,FALSE,NA
2024,MALE,Carlos,CARLOS,99,22,1.8670966646864127,59,613,TRUE,-40
2024,MALE,Carter,CARTER,99,22,1.8670966646864127,65,580,TRUE,-34
2024,MALE,Eithan,EITHAN,99,22,1.8670966646864127,NA,NA,FALSE,NA
2024,MALE,Eli,ELI,99,22,1.8670966646864127,NA,NA,FALSE,NA
2024,MALE,Jude,JUDE,99,22,1.8670966646864127,NA,NA,FALSE,NA
2024,MALE,Justin,JUSTIN,99,22,1.8670966646864127,NA,NA,FALSE,NA
