name_canon,name_raw,births
A'A NAYHIA,A'A NAYHIA,1
A'AMINAH,A'AMINAH,1
A'AMIRA,A'AMIRA,2
A'ARIAH,A'ARIAH,1
A'AYDEN,A'AYDEN,1
A'BRIELLA,A'BRIELLA,1
A'CARI,A'CARI,1
A'CEYION,A'CEYION,1
A'CHANTE,A'CHANTE,1
A'DORE,A'DORE,1
A'DREAM,A'DREAM,1
A'DRICK,A'DRICK,1
A'HAZI,A'HAZI,1
A'HRIA,A'HRIA,1
A'KADRIA,A'KADRIA,1
A'KAIYUS,A'KAIYUS,1
A'KARAI,A'KARAI,1
A'KARI,A'KARI,1
A'KIING,A'KIING,1
A'KING,A'KING,1
A'KIRA,A'KIRA,1
A'KOAH,A'KOAH,1
A'LABYRINTH,A'LABYRINTH,1
A'LAI,A'LAI,1
A'LAIA,A'LAIA,1
A'LAIJAH,A'LAIJAH,1
A'LAIYA,A'LAIYA,2
A'LAJAH,A'LAJAH,1
A'LANI,A'LANI,2
A'LAYA,A'LAYA,1
A'LAYAH,A'LAYAH,3
A'LAYZA,A'LAYZA,1
A'LE,A'LE,1
A'LEGACI,A'LEGACI,1
A'LERON,A'LERON,1
A'LIJAH,A'LIJAH,1
A'LISA,A'LISA,1
A'LLAYIAH,A'LLAYIAH,1
A'LON,A'LON,1
A'LONI,A'LONI,1
A'LONNEI,A'LONNEI,1
A'LYRIC,A'LYRIC,2
A'LYRIKA,A'LYRIKA,1
A'LYVIAH,A'LYVIAH,1
A'MANI,A'MANI,1
A'MARI,A'MARI,1
A'MARIA,A'MARIA,1
A'MARIE,A'MARIE,4
A'MARION,A'MARION,2
A'MAURY,A'MAURY,1
A'MAYA,A'MAYA,2
A'MAZEN,A'MAZEN,1
A'MIA,A'MIA,1
A'MIL,A'MIL,1
A'MILA,A'MILA,1
A'MILANI,A'MILANI,1
A'MILLIANNA,A'MILLIANNA,1
A'MIR,A'MIR,3
A'MIRA,A'MIRA,1
A'MIRACLE,A'MIRACLE,2
A'MIYAH,A'MIYAH,2
A'MORA,A'MORA,1
A'MORI,A'MORI,1
A'MOURA,A'MOURA,2
A'MYA,A'MYA,3
A'MYIS,A'MYIS,2
A'MYLAH,A'MYLAH,1
A'MYROH,A'MYROH,1
A'NAILAH,A'NAILAH,1
A'NARI,A'NARI,1
A'NIYAH,A'NIYAH,4
A'NNIYAH-MONAE,A'NNIYAH-MONAE,1
A'NYA,A'NYA,3
A'RI,A’RI,1
A'RIA,A'RIA,1
A'RIAH,A’RIAH,1
A'RION,A'RION,1
A'RIYAH,A'RIYAH,3
A'RMANI,A'RMANI,1
A'RYAH,A'RYAH,1
A'SAIAH,A'SAIAH,1
A'SAUN,A'SAUN,1
A'SIAUN,A'SIAUN,1
A'STORM,A'STORM,1
A'TREYUS,A'TREYUS,1
A'URORA,A'URORA,1
A'VEYA,A'VEYA,1
A'VIANA,A'VIANA,1
A'VYANA,A'VYANA,1
A'XAVIAN,A'XAVIAN,1
A'XIA,A'XIA,1
A'YANI,A'YANI,1
A'YANNA,A'YANNA,1
A'YAURI,A'YAURI,1
A'ZAILA,A'ZAILA,1
A'ZARIA,A'ZARIA,1
A'ZARIAH,A'ZARIAH,1
A'ZARIYAH,A'ZARIYAH,1
A'ZAVIER,A'ZAVIER,1
A'ZION,A'ZION,1
A'ZURII,A'ZURII,1
A'ZYAH,A'ZYAH,1
A'ZYLAH,A'ZYLAH,1
AA'RIYA,AA'RIYA,1
AABHA,AABHA,3
AADA,AADA,1
AADAVAN,AADAVAN,1
AADEN,AADEN,1
AADHAN,AADHAN,1
AADHANYA,AADHANYA,1
AADHAV,AADHAV,1
AADHAVAN,AADHAVAN,2
AADHI,AADHI,1
AADHIL,AADHIL,1
AADHIRA,AADHIRA,8
AADHIRAA,AADHIRAA,1
AADHIRAN,AADHIRAN,3
AADHIRRAN,AADHIRRAN,1
AADHISH,AADHISH,1
AADHISHA,AADHISHA,1
AADHISHARAN,AADHISHARAN,1
AADHITHRI REDDY,AADHITHRI REDDY,1
AADHITHYA,AADHITHYA,1
AADHITYAN,AADHITYAN,1
AADHVI,AADHVI,1
AADHVIK,AADHVIK,5
AADHVIKA,AADHVIKA,1
AADHYA,AADHYA,33
AADHYA PAARI,AADHYA PAARI,1
AADHYA REDDY,AADHYA REDDY,3
AADHYASRI,AADHYASRI,1
AADI,AADI,5
AADIDEV,AADIDEV,1
AADIL,AADIL,1
AADILA,AADILA,1
AADIN,AADIN,1
AADIR,AADIR,1
AADIRA,AADIRA,1
AADIT,AADIT,5
AADITH,AADITH,3
AADITRI,AADITRI,1
AADITYA,AADITYA,2
AADIYA,AADIYA,2
AADRITHI,AADRITHI,1
AADRITI,AADRITI,1
AADVEE,AADVEE,1
AADVIK,AADVIK,8
AADVIKA,AADVIKA,2
AADVIKA REDDY,AADVIKA REDDY,1
AADVITHA,AADVITHA,1
AADYA,AADYA,19
AADYAN,AADYAN,1
AADYN,AADYN,1
AAFIYAH ANUM,AAFIYAH ANUM,1
AAGAM,AAGAM,1
AAGAT,AAGAT,1
AAGNA,AAGNA,1
AAGRATHA,AAGRATHA,1
AAHAAN,AAHAAN,2
AAHAN,AAHAN,2
AAHANA,AAHANA,8
AAHID,AAHID,1
AAHIL,AAHIL,3
AAHNA,AAHNA,4
AAHREN,AAHREN,1
AAI'LANI,AAI'LANI,1
AAIDYN,AAIDYN,1
AAILYAH,AAILYAH,1
AAIMA,AAIMA,1
AAINA,AAINA,1
AAIRA,AAIRA,3
AAIRA PRASAD,AAIRA PRASAD,1
AAITANA,AAITANA,1
AAIZA,AAIZA,1
AAJAY,AAJAY,1
AAKARSH,AAKARSH,1
AAKASH,AAKASH,5
AALAYAH,AALAYAH,3
AALEEN,AALEEN,1
AALEEYA,AALEEYA,1
AALEIYAH,AALEIYAH,1
AALEK,AALEK,1
AALEYAH,AALEYAH,4
AALIA,AALIA,2
AALIAH,AALIAH,1
AALIJAH,AALIJAH,1
AALINA,AALINA,1
AALIYA,AALIYA,2
AALIYAH,AALIYAH,135
AALIYAH-NOOR,AALIYAH-NOOR,1
AALYA,AALYA,1
AALYAH,AALYAH,1
AAMAJIAH,AAMAJIAH,1
AAMAL,AAMAL,1
AAMARA,AAMARA,1
AAMARI,AAMARI,2
AAMARII,AAMARII,1
AAMARIS,AAMARIS,1
AAMBAL KANNAMA,AAMBAL KANNAMA,1
AAMENA,AAMENA,2
AAMIA,AAMIA,1
AAMINAH,AAMINAH,1
AAMIR,AAMIR,4
AAMIR-LASALLE,AAMIR-LASALLE,1
AAMIRAH,AAMIRAH,1
AAMIYAH,AAMIYAH,1
AAMNA,AAMNA,2
AANAV,AANAV,1
AANAYA,AANAYA,1
AANIKA,AANIKA,1
AANIYA,AANIYA,1
AANIYAH,AANIYAH,1
AANSHI,AANSHI,2
AANSHI CHANDRA,AANSHI CHANDRA,1
AANUEL,AANUEL,2
AANUOLUWATOMIWA,AANUOLUWATOMIWA,1
AANVI,AANVI,6
AANVI REDDY,AANVI REDDY,1
AANVIKA,AANVIKA,1
AANYA,AANYA,22
AANYA REDDY,AANYA REDDY,1
AAPTI,AAPTI,1
AARADH,AARADH,1
AARADHANA,AARADHANA,1
AARADHYA,AARADHYA,14
AARADHYA REDDY,AARADHYA REDDY,2
AARALYNN,AARALYNN,1
AARAM,AARAM,1
AARANAN,AARANAN,1
AARAV,AARAV,58
AARAV AUGUSTINE REDDY,AARAV AUGUSTINE REDDY,1
AARAV NANDAN,AARAV  NANDAN,1
AARAV REDDY,AARAV REDDY,2
AARAV SAI,AARAV SAI,1
AARAVI,AARAVI,1
AARCHI,AARCHI,2
AAREEV,AAREEV,1
AAREN,AAREN,3
AARI,AARI,1
AARIA,AARIA,4
AARIC,AARIC,1
AARIK,AARIK,1
AARIKA,AARIKA,2
AARIN,AARIN,4
AARINI,AARINI,1
AARINOLA,AARINOLA,1
AARION,AARION,1
AARIS,AARIS,1
AARISH,AARISH,1
AARIT,AARIT,4
AARIV,AARIV,19
AARIV REDDY,AARIV REDDY,1
AARIV SAI,AARIV SAI,1
AARIYA,AARIYA,1
AARIYAN,AARIYAN,1
AARIZ,AARIZ,3
AARMUND,AARMUND,1
AARNA,AARNA,21
AARNA NAIDU,AARNA NAIDU,1
AARNAV,AARNAV,1
AARNAVI,AARNAVI,5
AARNIK,AARNIK,3
AARNISH,AARNISH,1
AARO,AARO,2
AAROGYA,AAROGYA,1
AAROH,AAROH,1
AAROHI,AAROHI,7
AAROM,AAROM,1
AARON,AARON,244
AARON,AARÓN,21
AARON,AÁRON,2
AARON ALEXANDER,AARON ALEXANDER,1
AARON BERNARD,AARON BERNARD,1
AARON ETHAN,AARON ETHAN,1
AARON LEGRANG,AARON LEGRANG,1
AARON-JAHMIR,AARON-JAHMIR,1
AARSHITA,AARSHITA,1
AARSHVI PRASHASTH,AARSHVI PRASHASTH,1
AARSON,AARSON,1
AARTHAV,AARTHAV,1
AARTHI,AARTHI,1
AARTI,AARTI,1
AARUHI,AARUHI,2
AARUNYA,AARUNYA,2
AARUS,AARUS,1
AARUSH,AARUSH,21
AARUSH REDDY,AARUSH REDDY,1
AARUSHA,AARUSHA,1
AARUSHI,AARUSHI,3
AARUV,AARUV,2
AARVI,AARVI,3
AARVIK,AARVIK,3
AARVIKA,AARVIKA,1
AARVIN,AARVIN,1
AARYA,AARYA,36
AARYAMAN,AARYAMAN,1
AARYAN,AARYAN,13
AARYANA RACHEL,AARYANA RACHEL,1
AARYANSH,AARYANSH,2
AARYASH,AARYASH,1
AARYAV,AARYAV,3
AARYN,AARYN,4
AARYUSH,AARYUSH,1
AARZU,AARZU,1
AASHAY,AASHAY,2
AASHI,AASHI,1
AASHIL,AASHIL,1
AASHKA,AASHKA,1
AASHNA,AASHNA,1
AASHRA,AASHRA,2
AASHRIT,AASHRIT,1
AASHRITH,AASHRITH,6
AASHRITHA,AASHRITHA,2
AASHVI,AASHVI,18
AASHVIK,AASHVIK,1
AASIM,AASIM,1
AASIYA,AASIYA,3
AASIYAH,AASIYAH,1
AASVI,AASVI,1
AATHAV,AATHAV,1
AATHIRAN,AATHIRAN,1
AAVA,AAVA,2
AAVAR,AAVAR,1
AAVAS,AAVAS,1
AAVI,AAVI,1
AAVYA,AAVYA,9
AAVYAN,AAVYAN,2
AAYAAN,AAYAAN,1
AAYAANSH,AAYAANSH,1
AAYAN,AAYAN,14
AAYANA,AAYANA,1
AAYANSH,AAYANSH,5
AAYAT,AAYAT,1
AAYATI,AAYATI,1
AAYCIN,AAYCIN,1
AAYDEN,AAYDEN,1
AAYDIN,AAYDIN,1
AAYIRESS,AAYIRESS,1
AAYLA,AAYLA,1
AAYLIAH,AAYLIAH,1
AAYRA,AAYRA,4
AAYUSH,AAYUSH,1
AAZIAH,AAZIAH,1
AAZIL,AAZIL,1
ABA,ABA,1
ABACAR,ABACAR,1
ABAGAIL,ABAGAIL,1
ABAID,ABAID,1
ABANTIKA,ABANTIKA,1
ABAS,ABAS,1
ABASEEN,ABASEEN,1
ABAVANA,ABAVANA,1
ABBAS,ABBAS,3
ABBASIN,ABBASIN,1
ABBEY,ABBEY,2
ABBIE,ABBIE,6
ABBIGAIL,ABBIGAIL,2
ABBOTT,ABBOTT,2
ABBY,ABBY,23
ABBY BELLA,ABBY BELLA,1
ABD ARRAQEEB,ABD ARRAQEEB,1
ABDALA,ABDALA,1
ABDALLA,ABDALLA,1
ABDALLAH,ABDALLAH,1
ABDEL,ABDEL,2
ABDEL KAREEM,ABDEL KAREEM,1
ABDEL-RAHMAN,ABDEL-RAHMAN,1
ABDELAH,ABDELAH,1
ABDELAZIZ,ABDELAZIZ,1
ABDELKARIM,ABDELKARIM,1
ABDI,ABDI,1
ABDIAS,ABDIAS,3
ABDIAS,ABDÍAS,1
ABDIEL,ABDIEL,22
ABDIRAHMAAN,ABDIRAHMAAN,1
ABDOU,ABDOU,1
ABDOULAYE,ABDOULAYE,1
ABDUL,ABDUL,7
ABDUL AHAD,ABDUL AHAD,2
ABDUL HAADI,ABDUL HAADI,1
ABDUL HADI,ABDUL HADI,1
ABDUL MATEEN,ABDUL MATEEN,1
ABDUL MOIZ,ABDUL MOIZ,1
ABDUL MUQTADIR,ABDUL MUQTADIR,1
ABDUL WAHAB,ABDUL WAHAB,1
ABDUL-JALIL,ABDUL-JALIL,1
ABDULAZIZ,ABDULAZIZ,2
ABDULLAH,ABDULLAH,17
ABDULRAHMAN,ABDULRAHMAN,4
ABDULRAZAK,ABDULRAZAK,1
ABDULSALAM,ABDULSALAM,1
ABDUMALIK,ABDUMALIK,1
ABEER,ABEER,4
ABEERA,ABEERA,1
ABEEZAR,ABEEZAR,1
ABEL,ABEL,89
ABELARDO,ABELARDO,3
ABELINO,ABELINO,1
ABELLA,ABELLA,2
ABENEZER,ABENEZER,2
ABHAY,ABHAY,10
ABHAY RAM,ABHAY RAM,1
ABHAYA,ABHAYA,2
ABHAYVEER,ABHAYVEER,1
ABHERDEEN,ABHERDEEN,1
ABHIGNA,ABHIGNA,1
ABHIGNA SREE,ABHIGNA SREE,1
ABHIGNYAN,ABHIGNYAN,1
ABHIK REDDY,ABHIK REDDY,1
ABHIMANYU,ABHIMANYU,3
ABHINAV,ABHINAV,5
ABHINAV SAI,ABHINAV SAI,1
ABHINAY,ABHINAY,2
ABHIR,ABHIR,2
ABHIRA,ABHIRA,1
ABHIRAAM,ABHIRAAM,1
ABHIRAM,ABHIRAM,14
ABHIRAMI,ABHIRAMI,2
ABHIRAV,ABHIRAV,1
ABHISAAC,ABHISAAC,1
ABHYANT,ABHYANT,2
ABI,ABI,1
ABIA,ABIA,1
ABID,ABID,1
ABIEL,ABIEL,2
ABIGAEL,ABIGAEL,2
ABIGAIL,ABIGAIL,328
ABIGAIL HEAVEN,ABIGAIL HEAVEN,1
ABIGAIL MARI,ABIGAIL MARI,1
ABIGAIL MEKDELA,ABIGAIL MEKDELA,1
ABIGAIL ROSE,ABIGAIL ROSE,1
ABIGAIL-MALIKA,ABIGAIL-MALIKA,1
ABIGALE,ABIGALE,2
ABIGAYL,ABIGAYL,1
ABIGAYLE,ABIGAYLE,2
ABIJAH,ABIJAH II,1
ABILENE,ABILENE,4
ABIMAEL,ABIMAEL,1
ABIMBOLA,ABIMBOLA,1
ABINAB,ABINAB,1
ABIR,ABIR,5
ABIRAL,ABIRAL,1
ABISAI,ABISAI,4
ABISHAI,ABISHAI,1
ABISOLA,ABISOLA,1
ABIYAAN,ABIYAAN,1
ABIYAH,ABIYAH,1
ABLAKAT,ABLAKAT,2
ABLE,ABLE,2
ABNER,ABNER,11
ABOLAJI,ABOLAJI,1
ABOLFAZL,ABOLFAZL,1
ABOUBAKR,ABOUBAKR,1
ABRA,ABRA,2
ABRAHAM,ABRAHAM,108
ABRAHEM,ABRAHEM,1
ABRAHM,ABRAHM,1
ABRAM,ABRAM,8
ABRAR,ABRAR,1
ABREE,ABREE,1
ABREY,ABREY,1
ABRIAM,ABRIAM,1
ABRIANA,ABRIANA,1
ABRIANE,ABRIANE,1
ABRIANNA,ABRIANNA,2
ABRIEL,ABRIEL,2
ABRIELLA,ABRIELLA,3
ABRIELLE,ABRIELLE,6
ABRIL,ABRIL,26
ABRIZ,ABRIZ,1
ABRYELLE,ABRYELLE,1
ABU BAKR,ABU BAKR,1
ABU-BAKR,ABU-BAKR,1
ABUBAKAR,ABUBAKAR,1
ABUBAKR,ABUBAKR,1
ABUNDANCE,ABUNDANCE,2
ABUNDANTLY,ABUNDANTLY,1
ABY,ABY,4
ABYAN,ABYAN,1
ABYGAIL,ABYGAIL,2
ABYNA,ABYNA,1
ACACIA,ACACIA,1
ACADIA,ACADIA,2
ACASIA,ACASIA,1
ACE,ACE,92
ACE HIRO,ACE HIRO,1
ACE'CIEON,ACE'CIEON,1
ACE'ZEON,ACE'ZEON,1
ACEE,ACEE,1
ACELY,ACELY,1
ACELYN,ACELYN,1
ACELYNN,ACELYNN,1
ACEN,ACEN,1
ACER,ACER,2
ACESON,ACESON,1
ACEYN,ACEYN,1
ACHAL,ACHAL,1
ACHER,ACHER,1
ACHILLES,ACHILLES,6
ACHILLIES,ACHILLIES,1
ACHOL,ACHOL,1
ACHYUT,ACHYUT,1
ACHYUTHAN,ACHYUTHAN,1
ACIS,ACIS,1
ACSA,ACSA,4
ACTION,ACTION,1
ACURA,ACURA,1
ACXEL,ACXEL,1
ACZA,ACZA,1
ADA,ADA,88
ADA MARCELINA,ADA MARCELINA,1
ADA ROSE,ADA ROSE,1
ADA-MARIE,ADA-MARIE,1
ADABELLE,ADABELLE,1
ADACHI,ADACHI,1
ADAEL,ADAEL,3
ADAEZE,ADAEZE,2
ADAEZE ELIZABETH,ADAEZE ELIZABETH,1
ADAGIO,ADAGIO,1
ADAH,ADAH,3
ADAIA,ADAIA,4
ADAIAH,ADAIAH,1
ADAIR,ADAIR,1
ADAIRA,ADAIRA,1
ADALAYAH,ADALAYAH,1
ADALBERTO,ADALBERTO,1
ADALEA,ADALEA,1
ADALEAH,ADALEAH,1
ADALEE,ADALEE,8
ADALEEN,ADALEEN,1
ADALEENA,ADALEENA,1
ADALEIAH,ADALEIAH,1
ADALEIGH,ADALEIGH,6
ADALET,ADALET,1
ADALETH,ADALETH,1
ADALEY,ADALEY,1
ADALEYA,ADALEYA,1
ADALEYZA,ADALEYZA,1
ADALI,ADALI,3
ADALIA,ADALIA,5
ADALIAH,ADALIAH,1
ADALICIA,ADALICIA,1
ADALID,ADALID,1
ADALIDA,ADALIDA,1
ADALIE,ADALIE,8
ADALIN,ADALIN,2
ADALINA,ADALINA,9
ADALIND,ADALIND,4
ADALINE,ADALINE,37
ADALINN,ADALINN,1
ADALLYN,ADALLYN,1
ADALMIRO,ADALMIRO,1
ADALY,ADALY,7
ADALYN,ADALYN,66
ADALYNAH,ADALYNAH,1
ADALYNE,ADALYNE,1
ADALYNN,ADALYNN,82
ADALYNN JANE,ADALYNN JANE,1
ADALYNNE,ADALYNNE,1
ADAM,ADAM,164
ADAM,ADAM  II,1
ADAM AMINE,ADAM AMINE,1
ADAMA,ADAMA,1
ADAMARI,ADAMARI,4
ADAMARIS,ADAMARIS,5
ADAMARY,ADAMARY,3
ADAMAURI,ADAMAURI,1
ADAMS,ADAMS,1
ADAN,ADAN,47
ADAN,ADÁN,6
ADANELI,ADANELI,1
ADANELY,ADANELY,2
ADANNA,ADANNA,4
ADAORA,ADAORA,1
ADARA,ADARA,10
ADARA,ADARÁ,1
ADARIANA,ADARIANA,1
ADAROSE,ADAROSE,1
ADARREN,ADARREN,1
ADASHA,ADASHA,1
ADAYA,ADAYA,2
ADAYANI,ADAYANI,1
ADDALYN,ADDALYN,6
ADDALYNN,ADDALYNN,3
ADDELAIDE,ADDELAIDE,1
ADDELYN,ADDELYN,5
ADDELYNN,ADDELYNN,1
ADDEY,ADDEY,1
ADDIE,ADDIE,5
ADDIELYN,ADDIELYN,1
ADDILEN,ADDILEN,1
ADDILYN,ADDILYN,16
ADDILYNA,ADDILYNA,1
ADDILYNN,ADDILYNN,8
ADDIS,ADDIS,1
ADDISON,ADDISON,179
ADDISONLOU,ADDISONLOU,1
ADDISYN,ADDISYN,4
ADDLEY,ADDLEY,2
ADDY,ADDY,2
ADDYSON,ADDYSON,9
ADEBARE,ADEBARE,1
ADEBUSAYO,ADEBUSAYO,1
ADECYN,ADECYN,1
ADEDEJI,ADEDEJI,1
ADEEL,ADEEL,2
ADEEM,ADEEM,1
ADEEN,ADEEN,1
ADEENA,ADEENA,1
ADEERA,ADEERA,1
ADEL,ADEL,2
ADELA,ADELA,21
ADELADE,ADELADE,1
ADELAI,ADELAI,2
ADELAIA,ADELAIA,1
ADELAIDA,ADELAIDA,4
ADELAIDE,ADELAIDE,59
ADELAILAH,ADELAILAH,2
ADELAINE,ADELAINE,1
ADELANI,ADELANI,1
ADELANY,ADELANY,1
ADELAYDA,ADELAYDA,3
ADELAYDE,ADELAYDE,1
ADELAYNE,ADELAYNE,1
ADELAYZA,ADELAYZA,2
ADELE,ADELE,10
ADELEAH,ADELEAH,1
ADELEE,ADELEE,1
ADELEIA,ADELEIA,1
ADELEIGH,ADELEIGH,1
ADELEINE,ADELEINE,2
ADELENA,ADELENA,1
ADELENE,ADELENE,1
ADELEYNA,ADELEYNA,1
ADELEYZA,ADELEYZA,1
ADELHEID,ADELHEID,1
ADELIA,ADELIA,3
ADELIE,ADELIE,2
ADELIN,ADELIN,4
ADELINA,ADELINA,41
ADELIND,ADELIND,1
ADELINE,ADELINE,146
ADELINE COSETTE,ADELINE COSETTE,1
ADELINNE,ADELINNE,1
ADELISA,ADELISA,1
ADELISE,ADELISE,1
ADELITA,ADELITA,3
ADELLA,ADELLA,2
ADELLE,ADELLE,2
ADELLY,ADELLY,1
ADELSO,ADELSO,1
ADELY,ADELY,2
ADELYA,ADELYA,1
ADELYN,ADELYN,69
ADELYNA,ADELYNA,1
ADELYNE,ADELYNE,6
ADELYNN,ADELYNN,29
ADELYNNE,ADELYNNE,2
ADEMARA,ADEMARA,1
ADEMIDE,ADEMIDE,1
ADEMIR,ADEMIR,1
ADEN,ADEN,15
ADENG,ADENG,1
ADENIYI,ADENIYI,1
ADERYAN,ADERYAN,1
ADESZA,ADESZA,1
ADETORE,ADETORE,1
ADEYA,ADEYA,1
ADEZA,ADÉZA,1
ADHAM,ADHAM,1
ADHANA,ADHANA,1
ADHARA,ADHARA,18
ADHARA ERELIN,ADHARA ERELIN,1
ADHARV,ADHARV,5
ADHARVA,ADHARVA,1
ADHEERA,ADHEERA,1
ADHIRA,ADHIRA,4
ADHIRATH REDDY,ADHIRATH REDDY,1
ADHIRATHREDDY,ADHIRATHREDDY,1
ADHISHA,ADHISHA,2
ADHITHYA,ADHITHYA,1
ADHOKSH,ADHOKSH,1
ADHRIT,ADHRIT,3
ADHRITH,ADHRITH,2
ADHVAITH,ADHVAITH,2
ADHVIK,ADHVIK,5
ADHVIK REDDY,ADHVIK REDDY,1
ADHVIKA,ADHVIKA,2
ADHVIN,ADHVIN,1
ADHVY,ADHVY,1
ADHYA,ADHYA,9
ADHYAN,ADHYAN,1
ADI,ADI,3
ADIA,ADIA,2
ADIAM,ADIAM,1
ADIAN,ADIAN,2
ADIANEZ,ADIANEZ,1
ADIANNA,ADIANNA,1
ADIBULLAH,ADIBULLAH,1
ADID,ADID,1
ADIDEB,ADIDEB,1
ADIDEL,ADIDEL,1
ADIEL,ADIEL,15
ADIELINE,ADIELINE,1
ADIL,ADIL,1
ADIL AHMED,ADIL AHMED,1
ADILE,ADILE,1
ADILEIGH,ADILEIGH,1
ADILENE,ADILENE,16
ADILENY,ADILENY,1
ADILEYA,ADILEYA,1
ADILYN,ADILYN,5
ADILYNN,ADILYNN,7
ADIN,ADIN,2
ADINA,ADINA,5
ADIRA,ADIRA,12
ADISON,ADISON,4
ADISYN,ADISYN,1
ADITH,ADITH,5
ADITHI,ADITHI,5
ADITHRI,ADITHRI,1
ADITHYA,ADITHYA,6
ADITI,ADITI,12
ADITYA,ADITYA,20
ADIYIAH,ADIYIAH,1
ADJA,ADJA,1
ADLEE,ADLEE,1
ADLEIGH,ADLEIGH,2
ADLER,ADLER,6
ADLEY,ADLEY,13
ADLI,ADLI,1
ADLIE,ADLIE,1
ADLIN,ADLIN,1
ADMONISH,ADMONISH,1
ADN,ADN,1
ADNACHIEL,ADNACHIEL,1
ADNAN,ADNAN,1
ADOLFO,ADOLFO,3
ADOLYN,ADOLYN,1
ADONA,ADONA,1
ADONAI,ADONAI,5
ADONAI,ADONAÏ,1
ADONAY,ADONAY,2
ADONAYA,ADONAYA,1
ADONELLA,ADONELLA,1
ADONIA,ADONIA,1
ADONIAS,ADONIAS,1
ADONIS,ADONIS,64
ADONIS AQUILA,ADONIS AQUILA,1
ADONNIS,ADONNIS,2
ADONY,ADONY,1
ADONYS,ADONYS,2
ADORA,ADORA,2
ADORAIM,ADORAIM,1
ADORE,ADORE,3
ADOREE,ADOREE,1
ADORIAN,ADORIAN,1
ADRA,ADRA,1
ADREYN,ADREYN,1
ADRIA,ADRIA,2
ADRIADNE,ADRIADNE,1
ADRIAN,ADRIAN,262
ADRIAN,ADRIÁN,9
ADRIAN ISMAEL,ADRIAN ISMAEL,1
ADRIAN MASON,ADRIAN MASON,1
ADRIANA,ADRIANA,65
ADRIANCE,ADRIANCE,1
ADRIANNA,ADRIANNA,13
ADRIANO,ADRIANO,1
ADRIANY,ADRIANY,1
ADRIC,ADRIC,1
ADRIEANA,ADRIEANA,1
ADRIEL,ADRIEL,155
ADRIELLA,ADRIELLA,1
ADRIELLE,ADRIELLE,1
ADRIELYS,ADRIELYS,1
ADRIEN,ADRIEN,7
ADRIENE,ADRIENE,1
ADRIENNE,ADRIENNE,10
ADRIJA,ADRIJA,3
ADRIJAN,ADRIJAN,1
ADRIT,ADRIT,2
ADRITI,ADRITI,2
ADRYAN,ADRYAN,3
ADRYANA,ADRYANA,1
ADRYANNA,ADRYANNA,1
ADRYEL,ADRYEL,1
ADVA,ADVA,1
ADVAIT,ADVAIT,10
ADVAITH,ADVAITH,19
ADVAITH REDDY,ADVAITH REDDY,1
ADVAITHA,ADVAITHA,1
ADVAY,ADVAY,10
ADVI,ADVI,1
ADVIK,ADVIK,14
ADVIKA,ADVIKA,6
ADVIN,ADVIN,1
ADVIT,ADVIT,2
ADVIT RAM,ADVIT RAM,1
ADVITEYA,ADVITEYA,1
ADVITH,ADVITH,4
ADVITH KAIRAV,ADVITH KAIRAV,1
ADVITH SAI,ADVITH SAI,1
ADVITHA,ADVITHA,1
ADVITHI,ADVITHI,1
ADWAIT,ADWAIT,1
ADWIKA,ADWIKA,1
ADYA,ADYA,1
ADYAN,ADYAN,1
ADYANTH,ADYANTH,1
ADYLEE,ADYLEE,1
ADYLETH,ADYLETH,1
ADYLIA,ADYLIA,1
ADYLIN,ADYLIN,1
ADYLINE,ADYLINE,1
ADYLYN,ADYLYN,1
ADYNN,ADYNN,1
ADYRA,ADYRA,1
ADYSEN,ADYSEN,1
ADYSON,ADYSON,1
AE-CHA,AE-CHA,1
AEDAN,AEDAN,7
AEDEN,AEDEN,2
AEDRA,AEDRA,1
AEDYN,AEDYN,2
AEIKO,AEIKO,1
AEILA,AEILA,1
AEL,AEL,2
AELA,AELA,3
AELA,AËLA,1
AELIA,AELIA,1
AELIANA,AELIANA,3
AELIANNA,AELIANNA,1
AELICIA,AELICIA,1
AELIN,AELIN,2
AELLA,AELLA,1
AELYN,AELYN,2
AEMA,AEMA,1
AEMILIA,AEMILIA,3
AEMILIUS,AEMILIUS,1
AEMON,AEMON,1
AENEAS,AENEAS,2
AEON,AEON,1
AERA,AERA,1
AERALEA,AERALEA,1
AERALYN,AERALYN,2
AERALYNN,AERALYNN,1
AERICA,AERICA,1
AERIE,AERIE,1
AERILYN,AERILYN,1
AERILYNN,AERILYNN,2
AERIN,AERIN,1
AERIS,AERIS,6
AERISS,AERISS,1
AERITH,AERITH,3
AERMIAS,AERMIAS,1
AERO,AERO,4
AERO ANGELO,AERO ANGELO,1
AERYN,AERYN,1
AESCH,AESCH,1
AESHA,AESHA,2
AESIR,AESIR,1
AESON,AESON,2
AESOP,AESOP,1
AEVAH,AEVAH,1
AEVAN,AEVAN,1
AEVE,AEVE,1
AEVUM,AEVUM,1
AFAAN,AFAAN,1
AFANWI,AFANWI,1
AFFAN,AFFAN,3
AFFAN ZAHIDI,AFFAN ZAHIDI,1
AFHAAM,AFHAAM,1
AFIFA,AFIFA,1
AFIYAH,AFIYAH,2
AFNAN,AFNAN,1
AFRAH,AFRAH,2
AFRAZ,AFRAZ,1
AFTON,AFTON,4
AFUA,AFUA,1
AGAM,AGAM,1
AGAPITO,AGAPITO,1
AGASTHYA,AGASTHYA,3
AGASTHYA EESWAR,AGASTHYA EESWAR,1
AGASTHYA NANDAK,AGASTHYA NANDAK,1
AGASTYA,AGASTYA,21
AGASTYA NANDAN,AGASTYA NANDAN,1
AGASTYA VED,AGASTYA VED,1
AGASYA,AGASYA,1
AGATA,AGATA,1
AGATHA,AGATHA,3
AGBO,AGBO,1
AGER,AGER,1
AGHILES,AGHILES,1
AGILAN,AGILAN,1
AGNAR,AGNAR,1
AGNES,AGNES,11
AGNEYA,AGNEYA,1
AGNI,AGNI,1
AGNIIA,AGNIIA,1
AGNIV,AGNIV,2
AGOSTINO,AGOSTINO,1
AGREEM,AGREEM,1
AGUEK,AGUEK,1
AGUSTIN,AGUSTIN,17
AGUSTIN,AGUSTÍN,5
AGUSTINA,AGUSTINA,3
AGUSTUS,AGUSTUS,1
AH'DON,AH'DON,1
AH'KEEM,AH'KEEM,1
AH'KHIL,AH'KHIL,1
AH'KILLIAN,AH'KILLIAN,1
AH'LAHNAH,AH'LAHNAH,1
AH'LANI,AH'LANI,1
AH'LIJAH,AH'LIJAH,1
AH'LYND,AH'LYND,1
AH'MONII,AH'MONII,1
AH'SIAH,AH'SIAH,1
AH'ZYRIE,AH'ZYRIE,1
AHAAN,AHAAN,15
AHAANA,AHAANA,5
AHAD,AHAD,4
AHALYA,AHALYA,1
AHAMMAD,AHAMMAD,1
AHAN,AHAN,1
AHANA,AHANA,13
AHANU,AHANU,1
AHANYAN,AHANYAN,1
AHAREE,AHAREE,1
AHARON,AHARON,1
AHAROWN,AHAROWN,1
AHAVA,AHAVA,1
AHD,AHD,1
AHEIRLYN,AHEIRLYN,1
AHIANNA,AHIANNA,1
AHIAS,AHIAS,1
AHIDANA,AHIDANA,1
AHILYA,AHILYA,2
AHILYN,AHILYN,1
AHINOA,AHINOA,1
AHISVARA,AHISVARA,1
AHLAM,AHLAM,1
AHLANA,AHLANA,1
AHLANI,AHLANI,2
AHLANIE,AHLANIE,3
AHLAYAH,AHLAYAH,1
AHLAYLA,AHLAYLA,1
AHLIZE,AHLIZE,1
AHLIZSA,AHLIZSA,1
AHLORA,AHLORA,1
AHLYV,AHLYV,1
AHMAAD,AHMAAD,1
AHMAD,AHMAD,11
AHMAD TAHHAN,AHMAD TAHHAN,1
AHMAD-ALI,AHMAD-ALI,1
AHMADRAZA,AHMADRAZA,1
AHMADULAH,AHMADULAH,1
AHMADWALID,AHMADWALID,1
AHMARII,AHMARII,1
AHMAUD,AHMAUD,1
AHMED,AHMED,15
AHMED ADO,AHMED ADO,1
AHMIAS,AHMIAS,1
AHMILLIE,AHMILLIE,1
AHMINAH,AHMINAH,1
AHMIR,AHMIR,5
AHMIRACLE,AHMIRACLE,1
AHMON,AHMON,1
AHNA,AHNA,2
AHNAF,AHNAF,1
AHNAY,AHNAY,1
AHNESTI,AHNESTI,1
AHNESTY,AHNESTY,1
AHNYX,AHNYX,1
AHRAR,AHRAR,1
AHREN,AHREN,2
AHRI,AHRI,3
AHRON,AHRON,2
AHRYN,AHRYN,1
AHSOKA,AHSOKA,2
AHTWA,AHTWA,1
AHTZIRI,AHTZIRI,1
AHUNEST,AHUNEST,1
AHVA,AHVA,1
AHVI,AHVI,1
AHYAN,AHYAN,1
AHYSU,AHYSU,1
AHYTANA,AHYTANA,1
AI,AI,1
AI'RII,AI'RII,1
AIAH,AIAH,1
AIAM,AIAM,1
AIAN,AIAN,1
AIBEK,AIBEK,1
AIBEL,AIBEL,1
AIBHILIN,AIBHILIN,1
AICELYNN,AICELYNN,1
AICHA,AICHA,1
AIDA,AIDA,10
AIDALYN,AIDALYN,1
AIDAN,AIDAN,71
AIDAN-OSHAE,AIDAN-OSHAE,1
AIDANA,AIDANA,1
AIDANN,AIDANN,1
AIDE,AIDE,1
AIDEEN,AIDEEN,1
AIDEL,AIDEL,1
AIDELINE,AIDELINE,1
AIDELY,AIDELY,1
AIDEN,AIDEN,337
AIDEN JINHUAN,AIDEN JINHUAN,1
AIDEN-JAMES,AIDEN-JAMES,1
AIDENG,AIDENG,1
AIDENN,AIDENN,1
AIDER,AIDER,1
AIDETTE,AIDETTE,1
AIDEYAMILET,AIDEYAMILET,1
AIDRIC,AIDRIC,1
AIDRIEN,AIDRIEN,1
AIDRIENNE,AIDRIENNE,1
AIDYN,AIDYN,3
AIELO,AIELO,1
AIESHA,AIESHA,1
AIFA,AIFA,1
AIHNOA,AIHNOA,1
AIIME,AIIME,1
AIJA,AIJA,1
AIKA,AIKA,2
AIKER,AIKER,1
AIKIDO,AIKIDO,1
AIKO,AIKO,4
AILA,AILA,15
AILAGH,AILAGH,1
AILAH,AILAH,1
AILAN,AILAN,2
AILANA,AILANA,4
AILANATHIL,AILANATHIL,1
AILANI,AILANI,39
AILANNA,AILANNA,1
AILANNI,AILANNI,1
AILANNY,AILANNY,1
AILANY,AILANY,51
AILBHE,AILBHE,1
AILE,AILE,1
AILEA,AILEA,1
AILEANA,AILEANA,1
AILED,AILED,1
AILEE,AILEE,3
AILEEN,AILEEN,33
AILEEN-MARIE,AILEEN-MARIE,1
AILEMA,AILEMA,1
AILEN,AILÉN,4
AILEN,AILEN,2
AILENI,AILENI,1
AILEY,AILEY,1
AILI,AILI,1
AILIANA,AILIANA,3
AILIIN,AILIIN,1
AILIN,AILIN,6
AILISE,AILISE,1
AILSIE,AILSIE,1
AILUN,AILUN,1
AILYN,AILYN,16
AILYNN,AILYNN,3
AILYNNE,AILYNNE,1
AIMA,AIMA,2
AIMAN,AIMAN,1
AIMAR,AIMAR,1
AIMEE,AIMEE,10
AIMY,AIMY,1
AINA,AINA,2
AINARA,AINARA,14
AINAZ,AINAZ,1
AINE,AINE,1
AINHARA,AINHARA,2
AINHOA,AINHOA,21
AINITI,AINITI,1
AINOAH,AINOAH,2
AINOHA,AINOHA,2
AINSLEE,AINSLEE,2
AINSLEY,AINSLEY,37
AINSLIE,AINSLIE,1
AION,AION,1
AIRA,AIRA,20
AIRA ADITYA,AIRA ADITYA,1
AIRAA,AIRAA,1
AIRABELLA,AIRABELLA,1
AIRALYN,AIRALYN,1
AIRAM,AIRAM,4
AIRANA,AIRANA,1
AIRAV,AIRAV,1
AIRAV REDDY,AIRAV REDDY,1
AIRIAN,AIRIAN,1
AIRMIESS,AIRMIESS,1
AIROS,AIROS,1
AIRTON,AIRTON,1
AISHA,AISHA,33
AISHA,AÍSHA,1
AISHANI,AISHANI,2
AISHELL,AISHELL,2
AISHLA,AISHLA,1
AISHVI,AISHVI,3
AISHWARYA,AISHWARYA,3
AISLAND,AISLAND,1
AISLIN,AISLIN,2
AISLING,AISLING,5
AISLINN,AISLINN,25
AISLYANNA,AISLYANNA,1
AISLYN,AISLYN,4
AISLYNN,AISLYNN,7
AISOSA,AISOSA,1
AISSA,AÍSSA,1
AISSATA,AISSATA,2
AISSATOU,AÏSSATOU,1
AISTON PHILLIP,AISTON PHILLIP,1
AISYLN,AISYLN,1
AITANA,AITANA,80
AITANNA,AITANNA,1
AITHANA,AITHANA,5
AITOR,AITOR,1
AIUNII,AIUNII,1
AIVAH,AIVAH,1
AIVERY,AIVERY,1
AIVIK,AIVIK,1
AIVION,AIVION,1
AIVLAN,AIVLAN,1
AIVY,AIVY,2
AIXEL,AIXEL,1
AIYANA,AIYANA,10
AIYANNA,AIYANNA,3
AIYANNI,AIYANNI,1
AIYAZ,AIYAZ,1
AIYDEN,AIYDEN,4
AIYLA,AIYLA,5
AIYLANA,AIYLANA,1
AIYZEN,AIYZEN,1
AIZA,AIZA,5
AIZAH,AIZAH,4
AIZAL,AIZAL,2
AIZALIYAH,AIZALIYAH,1
AIZEK,AIZEK,1
AIZEL,AIZEL,3
AIZEN,AIZEN,9
AIZEN,AIZÉN,1
AIZLINN,AIZLINN,1
AIZLYN,AIZLYN,1
AIZZA,AIZZA,1
AIZZAH,AIZZAH,1
AJA,AJA,1
AJAHNI,AJAHNI,1
AJANI,AJANI,2
AJAX,AJAX,1
AJAY,AJAY,9
AJE,AJE,1
AJIAH,AJIAH,1
AJLA,AJLA,1
AJRAN,AJRAN,1
AJREYAN,AJREYAN,1
AJUNI,AJUNI,1
AJWA,AJWA,1
AK,AK,1
AKAAY,AKAAY,1
AKACHI,AKACHI,1
AKAIS,AKAIS,1
AKALEI,AKALEI,1
AKALYA,AKALYA,1
AKAMAI,AKAMAI,1
AKANO,AKANO,1
AKANSHA,AKANSHA,1
AKARI,AKARI,2
AKARSH,AKARSH,1
AKARSON,AKARSON,1
AKASH,AKASH,7
AKASHA,AKASHA,4
AKAYA,AKAYA,1
AKAYDIA,AKAYDIA,1
AKAYLA,AKAYLA,1
AKE,AKE,1
AKEEM,AKEEM,3
AKEMI,AKEMI,2
AKEWON,AKEWON,1
AKEYMIYOUN,AKEYMIYOUN,1
AKHANYA,AKHANYA,1
AKHIL,AKHIL,1
AKHILESH,AKHILESH,1
AKHIRA,AKHIRA,2
AKI,AKI,2
AKIA,AKIA,1
AKIKO,AKIKO,1
AKIM,AKIM,1
AKIN,AKIN,2
AKINA,AKINA,1
AKINDIWEI,AKINDIWEI,1
AKINSHE,AKINSHE,1
AKIRA,AKIRA,19
AKIRA SAI VED,AKIRA SAI VED,1
AKISA,AKISA,1
AKITO,AKITO,1
AKITTUS,AKITTUS,1
AKIVA,AKIVA,2
AKIYA,AKIYA,1
AKLILU,AKLILU,1
AKON,AKON,3
AKOSUA,AKOSUA,1
AKOYA,AKOYA,1
AKRAM,AKRAM,2
AKRISH,AKRISH,1
AKSEL,AKSEL,7
AKSELI,AKSELI,1
AKSH,AKSH,1
AKSHA,AKSHA,2
AKSHAJ,AKSHAJ,3
AKSHAR,AKSHAR,2
AKSHARA,AKSHARA,13
AKSHARA VEERADHYA,AKSHARA VEERADHYA,1
AKSHAT,AKSHAT,3
AKSHATA,AKSHATA,1
AKSHATHA,AKSHATHA,1
AKSHATHAA,AKSHATHAA,1
AKSHAY,AKSHAY,7
AKSHAYA,AKSHAYA,7
AKSHAYA DHRITI,AKSHAYA DHRITI,1
AKSHAYTUN,AKSHAYTUN,1
AKSHITA,AKSHITA,2
AKSHOBHYA,AKSHOBHYA,2
AKSHVI,AKSHVI,1
AKSIL,AKSIL,3
AKUABATA,AKUABATA,1
AKUCHI,AKUCHI,1
AKUCHINYELU,AKUCHINYELU,1
AKVIRA,AKVIRA,1
AKYLAH,AKYLAH,1
AL,AL,2
ALA,ALA,1
ALADDIN,ALADDIN,1
ALADINO,ALADINO,1
ALAEYA,ALAEYA,1
ALAGU DEIVANAI,ALAGU DEIVANAI,1
ALAHANA,ALAHANA,1
ALAHI,ALAHI,1
ALAHIA,ALAHIA,1
ALAHINA,ALAHINA,1
ALAHNI,ALAHNI,1
ALAHYA,ALAHYA,1
ALAIA,ALAIA,71
ALAIA,ALAÏA,21
ALAIA,ALAÍA,1
ALAIA,ALÁIA,1
ALAIA BELLE,ALAIA BELLE,1
ALAIAH,ALAIAH,1
ALAIIA,ALAIIA,1
ALAIN,ALAIN,4
ALAINA,ALAINA,58
ALAINE,ALAINE,1
ALAINNA,ALAINNA,1
ALAIYA,ALAIYA,4
ALAIYAH,ALAIYAH,6
ALAIZHA,ALAIZHA,1
ALAJANIS,ALAJANIS,1
ALAKAI,ALAKAI,1
ALAKAY,ALAKAY,1
ALAM,ALAM,1
ALAN,ALAN,170
ALAN JIYASH,ALAN JIYASH,1
ALANA,ALANA,70
ALANA JO,ALANA JO,1
ALANAH,ALANAH,6
ALANEE,ALANEE,1
ALANEY,ALANEY,1
ALANHIE,ALANHIE,1
ALANHY,ALANHY,1
ALANI,ALANI,40
ALANI,ALANÍ,1
ALANIA,ALANIA,1
ALANIAH,ALANIAH,1
ALANIE,ALANIE,1
ALANII,ALANII,1
ALANIS,ALANIS,2
ALANN,ALANN,1
ALANNA,ALANNA,23
ALANNAH,ALANNAH,8
ALANNHA,ALANNHA,1
ALANNI,ALANNI,1
ALANNY,ALANNY,2
ALANTIS,ALANTIS,1
ALANY,ALANY,3
ALANZO,ALANZO,1
ALARA,ALARA,5
ALARIA,ALARIA,2
ALARIAH,ALARIAH,1
ALARIC,ALARIC,5
ALARIC,ALARÍC,1
ALARICK,ALARICK,1
ALARIK,ALARIK,1
ALASDAIR,ALASDAIR,1
ALASKA,ALASKA,2
ALASSANE,ALASSANE,1
ALASTAIR,ALASTAIR,2
ALASTAR,ALASTAR,1
ALAUNIE,ALAUNIE,1
ALAYA,ALAYA,26
ALAYAH,ALAYAH,20
ALAYDUH,ALAYDUH,1
ALAYIAH,ALAYIAH,1
ALAYISHA,ALAYISHA,1
ALAYKH,ALAYKH,1
ALAYLA,ALAYLA,2
ALAYLAH,ALAYLAH,1
ALAYNA,ALAYNA,38
ALAYNNA,ALAYNNA,2
ALAYSIA,ALAYSIA,1
ALAYZA,ALAYZA,1
ALAYZIAH,ALAYZIAH,1
ALAZAAY,ALAZAAY,1
ALAZAE,ALAZAE,1
ALAZANDRA,ALAZANDRA,1
ALAZAY,ALAZAY,3
ALBA,ALBA,10
ALBAN,ALBAN,1
ALBAN MARIE NICOLAS MICHEL,ALBAN MARIE NICOLAS MICHEL,1
ALBANI,ALBANI,1
ALBANY,ALBANY,1
ALBERT,ALBERT,29
ALBERTA,ALBERTA,1
ALBERTINA,ALBERTINA,1
ALBERTO,ALBERTO,30
ALBI,ALBI,2
ALBIE,ALBIE,2
ALBINA,ALBINA,1
ALBINO,ALBINO,1
ALBUS,ALBUS,1
ALCHEMY,ALCHEMY,1
ALCIDES,ALCIDES,1
ALCIEL,ALCIEL,1
ALDAHIR,ALDAHIR,1
ALDAIR,ALDAIR,3
ALDEBARON,ALDEBARON,1
ALDEN,ALDEN,25
ALDER,ALDER,2
ALDO,ALDO,15
ALDOUS,ALDOUS,1
ALDRE,ALDRE,1
ALDRETT,ALDRETT,1
ALDRICH,ALDRICH,3
ALDRICH ANTHONY,ALDRICH ANTHONY,1
ALDRICK,ALDRICK,1
ALDRIN,ALDRIN,1
ALDUVINA,ALDUVINA,1
ALE,ALE,1
ALE'SHAY,ALE'SHAY,1
ALEA,ALEA,3
ALEAH,ALEAH,18
ALEAHANA,ALEAHANA,1
ALEAHNA,ALEAHNA,1
ALEC,ALEC,22
ALEC-JOHN,ALEC-JOHN,1
ALECC,ALECC,1
ALECK,ALECK,1
ALECXAVIER,ALECXAVIER,1
ALEE,ALEE,1
ALEEAH,ALEEAH,4
ALEEANAH,ALEEANAH,1
ALEECE,ALEECE,1
ALEEHA,ALEEHA,1
ALEEIAH,ALEEIAH,1
ALEEMAH,ALEEMAH,1
ALEEN,ALEEN,4
ALEENA,ALEENA,20
ALEESIO,ALEESIO,1
ALEEYA,ALEEYA,1
ALEEYAH,ALEEYAH,1
ALEEZA,ALEEZA,4
ALEFTAV,ALEFTAV,1
ALEHANI,ALEHANI,1
ALEHIA,ALEHIA,1
ALEIA,ALEIA,9
ALEIA,ALEÏA,1
ALEIAH,ALEIAH,1
ALEIDA,ALEIDA,11
ALEILA,ALEILA,1
ALEINA,ALEINA,2
ALEINAD,ALEINAD,1
ALEINNA,ALEINNA,2
ALEIRA,ALEIRA,1
ALEISHA,ALEISHA,1
ALEISSA,ALEISSA,4
ALEIYAH,ALEIYAH,1
ALEIYEA,ALEIYEA,1
ALEIZA,ALEIZA,1
ALEJANDRA,ALEJANDRA,60
ALEJANDRA,ALÉJANDRA,1
ALEJANDRO,ALEJANDRO,147
ALEJO,ALEJO,1
ALEJOS,ALEJOS,1
ALEK,ALEK,5
ALEKS,ALEKS,2
ALEKSANDER,ALEKSANDER,9
ALEKSANDR,ALEKSANDR,3
ALEKSANDRA,ALEKSANDRA,3
ALEKSEJ,ALEKSEJ,1
ALEKSEY,ALEKSEY,2
ALEKXI,ALEKXI,1
ALELI,ALELÍ,1
ALEMI,ALEMI,1
ALEN,ALEN,2
ALENA,ALENA,16
ALENA JADE,ALENA JADE,1
ALENA LIELLE,ALENA LIELLE,1
ALENAH,ALENAH,1
ALENE,ALENE,1
ALENI,ALENI,1
ALENY,ALENY,1
ALERA,ALERA,1
ALERIE,ALERIE,1
ALERO,ALERO,1
ALESE,ALESE,2
ALESHA,ALESHA,2
ALESIO,ALESIO,2
ALESKA,ALESKA,1
ALESSA,ALESSA,5
ALESSANDRA,ALESSANDRA,51
ALESSANDRIA,ALESSANDRIA,1
ALESSANDRO,ALESSANDRO,30
ALESSANDRO,ALÉSSANDRO,1
ALESSI,ALESSI,1
ALESSIA,ALESSIA,25
ALESSIO,ALESSIO,1
ALESSO,ALESSO,1
ALESTAIR,ALESTAIR,1
ALESYA,ALESYA,2
ALETHEIA,ALETHEIA,2
ALETHIA,ALETHIA,1
ALETTE,ALETTE,1
ALEX,ALEX,103
ALEX RAFAEL,ALEX RAFAEL,1
ALEXA,ALEXA,76
ALEXALIZ,ALEXALIZ,1
ALEXANDER,ALEXANDER,480
ALEXANDER EDMARK,ALEXANDER EDMARK,1
ALEXANDER VICTOR,ALEXANDER VICTOR,1
ALEXANDRA,ALEXANDRA,119
ALEXANDRE,ALEXANDRE,6
ALEXANDREA,ALEXANDREA,2
ALEXANDRIA,ALEXANDRIA,34
ALEXANDRIA,ALEXANDRÍA,1
ALEXANDRIAH,ALEXANDRIAH,1
ALEXANDRO,ALEXANDRO,3
ALEXCIANA,ALEXCIANA,1
ALEXEI,ALEXEI,2
ALEXI,ALEXI,5
ALEXIA,ALEXIA,29
ALEXIA,ALEXÍA,1
ALEXIANA,ALEXIANA,1
ALEXIE,ALEXIE,1
ALEXINE,ALEXINE,1
ALEXION,ALEXION,1
ALEXIS,ALEXIS,96
ALEXIX,ALEXIX,1
ALEXSANDRA,ALEXSANDRA,2
ALEXSIS,ALEXSIS,1
ALEXUS,ALEXUS,1
ALEXYANA,ALEXYANA,1
ALEXZANDER,ALEXZANDER,4
ALEXZANDRA,ALEXZANDRA,1
ALEYA,ALEYA,4
ALEYAH,ALEYAH,4
ALEYDA,ALEYDA,1
ALEYIAH,ALEYIAH,1
ALEYKHA,ALEYKHA,1
ALEYNA,ALEYNA,11
ALEYNNA,ALEYNNA,1
ALEYSSA,ALEYSSA,2
ALEZANDRA,ALEZANDRA,1
ALEZIAH,ALEZIAH,1
ALFAAZ,ALFAAZ,1
ALFIE,ALFIE,4
ALFONSO,ALFONSO,9
ALFONZO,ALFONZO,2
ALFORD,ALFORD,1
ALFRAID,ALFRAID,1
ALFRED,ALFRED,21
ALFREDO,ALFREDO,22
ALGASIM,ALGASIM,1
ALGERY,ALGERY,1
ALHAN,ALHAN,1
ALI,ALI,37
ALI HADI,ALI HADI,1
ALI HAMZA,ALI HAMZA,1
ALI MAHDI,ALI MAHDI,1
ALI REZA,ALI REZA,1
ALI-SAMAD,ALI-SAMAD,1
ALIA,ALIA,22
ALIA,ALÍA,1
ALIAH,ALIAH,11
ALIAM,ALIAM,1
ALIAN,ALIAN,2
ALIANA,ALIANA,30
ALIANNA,ALIANNA,13
ALIANNA LEAH,ALIANNA LEAH,1
ALIANNIS,ALIANNIS,1
ALIANY,ALIANY,2
ALIAS,ALIAS,4
ALICE,ALICE,176
ALICE,ALICË,1
ALICEN,ALICEN,1
ALICESTER,ALICESTER,1
ALICI,ALICI,1
ALICIA,ALICIA,39
ALICIA-MARIE,ALICIA-MARIE,1
ALICIANA,ALICIANA,1
ALICJA,ALICJA,1
ALIDA,ALIDA,2
ALIELLA,ALIELLA,1
ALIEN,ALIEN,1
ALIERA,ALIERA,1
ALIIA,ALIIA,1
ALIJAH,ALIJAH,26
ALIK,ALIK,1
ALIKA,ALIKA,1
ALIKAI,ALIKAI,1
ALILAH,ALILAH,1
ALILET,ALILET,1
ALILIANA,ALILIANA,1
ALILLIANA,ALILLIANA,1
ALILLYONNA,ALILLYONNA,1
ALIN,ALIN,3
ALINA,ALINA,101
ALINAH,ALINAH,1
ALINALUZ,ALINALUZ,1
ALINE,ALINE,4
ALINEA,ALINEA,1
ALINITY,ALINITY,1
ALINNA,ALINNA,2
ALINSON,ALINSON,2
ALIONA,ALIONA,1
ALIOU,ALIOU,1
ALIRA,ALIRA,2
ALIRAZA,ALIRAZA,1
ALIROSE,ALIROSE,1
ALIS,ALIS,5
ALISA,ALISA,5
ALISABETH,ALISABETH,1
ALISANDRO,ALISANDRO,1
ALISANNE,ALISANNE,1
ALISE,ALISE,3
ALISEY,ALISEY,1
ALISHA,ALISHA,8
ALISHBA,ALISHBA,1
ALISHER,ALISHER,1
ALISHKA,ALISHKA,1
ALISIA,ALISIA,1
ALISINA,ALISINA,1
ALISIYA,ALISIYA,1
ALISON,ALISON,51
ALISSA,ALISSA,9
ALISSANDRA,ALISSANDRA,1
ALISSANDRO,ALISSANDRO,1
ALISSON,ALISSON,26
ALISTAIR,ALISTAIR,13
ALISTER,ALISTER,8
ALITA,ALITA,5
ALITZA,ALITZA,1
ALITZEL,ALITZEL,11
ALIVA,ALIVA,1
ALIVIA,ALIVIA,22
ALIVIAH,ALIVIAH,2
ALIXON,ALIXON,1
ALIYA,ALIYA,9
ALIYAH,ALIYAH,52
ALIYAN,ALIYAN,2
ALIYANA,ALIYANA,5
ALIYANAH,ALIYANAH,1
ALIYANNA,ALIYANNA,7
ALIYHAN,ALIYHAN,1
ALIYYAH,ALIYYAH,1
ALIYYUN,ALIYYUN,1
ALIZA,ALIZA,17
ALIZAE,ALIZAE,2
ALIZAH,ALIZAH,1
ALIZAY,ALIZAY,4
ALIZE,ALIZE,4
ALIZE,ALIZÉ,2
ALIZEAH,ALIZEAH,1
ALIZEE,ALIZÉE,2
ALIZET,ALIZET,1
ALIZETI,ALIZETI,2
ALIZEY,ALIZEY,1
ALIZIANNA,ALIZIANNA,1
ALIZON,ALIZON,2
ALIZZON,ALIZZON,1
ALKOZAI,ALKOZAI,1
ALLA,ALLA,1
ALLAN,ALLAN,17
ALLANA,ALLANA,2
ALLANAH,ALLANAH,1
ALLANI,ALLANI,3
ALLARYCE,ALLARYCE,1
ALLEGRA,ALLEGRA,1
ALLEIAH,ALLEIAH,1
ALLEIGH,ALLEIGH,1
ALLEN,ALLEN,28
ALLEY,ALLEY,1
ALLIA,ALLIA,1
ALLIANA,ALLIANA,1
ALLICER,ALLICER,1
ALLIE,ALLIE,24
ALLILETT,ALLILETT,1
ALLINSON,ALLINSON,1
ALLISON,ALLISON,194
ALLISSON,ALLISSON,8
ALLISTER,ALLISTER,5
ALLO,ALLO,1
ALLON,ALLON,2
ALLORA,ALLORA,1
ALLURA,ALLURA,1
ALLY,ALLY,4
ALLYANNA,ALLYANNA,1
ALLYS,ALLYS,1
ALLYSON,ALLYSON,27
ALLYSSON,ALLYSSON,2
ALMA,ALMA,47
ALMA MIMI,ALMA MIMI,1
ALMA PEARL,ALMA PEARL,1
ALMA ROSA,ALMA ROSA,1
ALMA SEONA,ALMA SEONA,1
ALMAN,ALMAN,1
ALMARON,ALMARON,1
ALMAS,ALMAS,2
ALMER,ALMER,1
ALMIR,ALMIR,1
ALMUDENA,ALMUDENA,1
ALMY,ALMY,1
ALNORA,ALNORA,1
ALO,ALO,1
ALO-CIEL,ALO-CIEL,1
ALOE,ALOE,1
ALOHA,ALOHA,1
ALOHI,ALOHI,1
ALON,ALON,2
ALONA,ALONA,2
ALONAH,ALONAH,1
ALONDRA,ALONDRA,64
ALONIAB,ALONIAB,1
ALONIS,ALONIS,1
ALONSO,ALONSO,23
ALONZO,ALONZO,26
ALORA,ALORA,42
ALORA-BELLE,ALORA-BELLE,1
ALORENEI,ALORENEI,1
ALOUISE,ALOUISE,1
ALOURA,ALOURA,1
ALOYSIUS,ALOYSIUS,1
ALP,ALP,2
ALPHA,ALPHA,5
ALPHONSE,ALPHONSE,1
ALPHONSO,ALPHONSO,1
ALREK,ALREK,1
ALSA,ALSA,1
ALSENY,ALSENY,1
ALSTON,ALSTON,1
ALTA,ALTA,1
ALTAF,ALTAF,1
ALTAIR,ALTAIR,2
ALTAN,ALTAN,1
ALTHEA,ALTHEA,4
ALTON,ALTON,6
ALUCARD,ALUCARD,2
ALUDRA,ALUDRA,1
ALUNA,ALUNA,1
ALURA,ALURA,1
ALVA,ALVA,3
ALVAR,ALVAR,1
ALVARA,ALVARA,1
ALVARO,ALVARO,20
ALVARO,ÁLVARO,3
ALVERTRICK,ALVERTRICK,1
ALVIE,ALVIE,1
ALVIN,ALVIN,7
ALVINA,ALVINA,1
ALVIS,ALVIS,2
ALY,ALY,2
ALYA,ALYA,8
ALYAAN,ALYAAN,1
ALYAANAH,ALYAANAH,1
ALYAH,ALYAH,2
ALYAHU,ALYAHU,1
ALYANA,ALYANA,5
ALYANNA,ALYANNA,4
ALYCE,ALYCE,2
ALYCIA,ALYCIA,2
ALYEA,ALYEA,1
ALYEENA,ALYEENA,1
ALYIA,ALYIA,1
ALYLA,ALYLA,1
ALYN,ALYN,1
ALYNA,ALYNA,3
ALYNNA,ALYNNA,3
ALYS,ALYS,2
ALYSANDRA,ALYSANDRA,1
ALYSE,ALYSE,1
ALYSHA,ALYSHA,2
ALYSIAH,ALYSIAH,1
ALYSON,ALYSON,11
ALYSSA,ALYSSA,48
ALYSSAH,ALYSSAH,1
ALYSSIA,ALYSSIA,1
ALYSSON,ALYSSON,3
ALYVIA,ALYVIA,1
ALYXANDER,ALYXANDER,1
ALYXANDRIA,ALYXANDRIA,1
ALYXZANDRIA,ALYXZANDRIA,1
ALYZA,ALYZA,2
ALYZAE,ALYZAE,2
ALYZAH,ALYZAH,1
ALYZAY,ALYZAY,1
ALYZEAH,ALYZEAH,1
AM'UNIQUE,AM'UNIQUE,1
AMAAL,AMAAL,1
AMAAN,AMAAN,3
AMAAR,AMAAR,2
AMAAYA,AMAAYA,1
AMABEL,AMABEL,1
AMABELL,AMABELL,1
AMADA,AMADA,6
AMADALEIA,AMADALEIA,1
AMADEO,AMADEO,2
AMADEUS,AMADEUS,6
AMADO,AMADO,15
AMADORE,AMADORE,1
AMAHD,AMAHD,1
AMAHLI,AMAHLI,1
AMAHRI,AMAHRI,1
AMAIA,AMAIA,30
AMAIRA,AMAIRA,3
AMAIRANI,AMAIRANI,5
AMAIRANY,AMAIRANY,1
AMAIS,AMAIS,1
AMAIUS,AMAIUS,1
AMAIYA,AMAIYA,1
AMAIYAH-ROSE,AMAIYAH-ROSE,1
AMAL,AMAL,14
AMALA,AMALA,2
AMALAH,AMALAH,1
AMALEIGH,AMALEIGH,1
AMALI,AMALI,2
AMALIA,AMALIA,28
AMALIYA,AMALIYA,1
AMALYA,AMALYA,1
AMAN,AMAN,6
AMANCIO,AMANCIO,1
AMANDA,AMANDA,40
AMANDI,AMANDI,1
AMANDO,AMANDO,1
AMANHLE,AMANHLE,1
AMANI,AMANI,23
AMANI-LEI'ARA,AMANI-LEI'ARA,1
AMANITA,AMANITA,1
AMANUEL,AMANUEL,2
AMANULLAH,AMANULLAH,1
AMAR,AMAR,10
AMAR'E,AMAR'E,2
AMAR'IAH,AMAR'IAH,1
AMARA,AMARA,76
AMARA FAITH,AMARA FAITH,1
AMARACHI,AMARACHI,8
AMARACHUKWU,AMARACHUKWU,1
AMARAH,AMARAH,4
AMARE,AMARÉ,1
AMAREA,AMAREA,1
AMAREE,AMAREE,3
AMARELLA,AMARELLA,1
AMARES,AMARES,1
AMARI,AMARI,88
AMARI,AMARÍ,2
AMARI CADE,AMARI  CADE,1
AMARI JEORGINE,AMARI JEORGINE,1
AMARI THOMAS,AMARI THOMAS,1
AMARIA,AMARIA,3
AMARIAH,AMARIAH,7
AMARIAN,AMARIAN,1
AMARIANNA,AMARIANNA,1
AMARIE,AMARIE,4
AMARII,AMARII,1
AMARINA,AMARINA,1
AMARION,AMARION,1
AMARIS,AMARIS,22
AMARISA,AMARISA,1
AMARISE,AMARISE,1
AMARISSA,AMARISSA,1
AMARIZ,AMARIZ,1
AMARO,AMARO,1
AMARRA,AMARRA,2
AMARRI,AMARRI,2
AMARTYA,AMARTYA,1
AMARU,AMARU,2
AMARYAH,AMARYAH,1
AMARYE,AMARYE,1
AMARYLLIS,AMARYLLIS,3
AMARYN,AMARYN,1
AMARYS,AMARYS,1
AMATHEIA,AMATHEIA,1
AMAUNI,AMAUNI,1
AMAURI,AMAURI,1
AMAURY,AMAURY,2
AMAV,AMAV,1
AMAY,AMAY,3
AMAYA,AMAYA,60
AMAYAH,AMAYAH,3
AMAYALI,AMAYALI,1
AMAYARIE,AMAYARIE,1
AMAYAS,AMAYAS,2
AMAYLA,AMAYLA,1
AMAYLEEN,AMAYLEEN,1
AMAYRA KAUR,AMAYRA KAUR,1
AMAYRANI,AMAYRANI,1
AMAZIAH,AMAZIAH,2
AMAZIGH,AMAZIGH,1
AMBAR,AMBAR,2
AMBELLINA,AMBELLINA,1
AMBER,AMBER,24
AMBER'NIQUE,AMBER'NIQUE,1
AMBERLE,AMBERLE,1
AMBERLEY,AMBERLEY,6
AMBERLIE,AMBERLIE,1
AMBERLY,AMBERLY,7
AMBIKA,AMBIKA,1
AMBREEN,AMBREEN,1
AMBRIE,AMBRIE,1
AMBRIELLE,AMBRIELLE,1
AMBROSE,AMBROSE,10
AMBROSIO,AMBROSIO,2
AMBROSIUS,AMBROSIUS,2
AMBUNGA,AMBUNGA,2
AMEANAH,AMEANAH,1
AMEDE,AMEDÉ,1
AMEELIA,AMEELIA,2
AMEEN,AMEEN,3
AMEER,AMEER,6
AMEERA,AMEERA,6
AMEERAH,AMEERAH,5
AMEI,AMEI,1
AMELENA,AMELENA,1
AMELI,AMELI,1
AMELIA,AMELIA,455
AMELIA,AMÉLIA,1
AMELIA JANE,AMELIA JANE,1
AMELIA REESE,AMELIA REESE,1
AMELIAH,AMELIAH,1
AMELIANA,AMELIANA,1
AMELIE,AMELIE,24
AMELIE,AMÉLIE,4
AMELINE,AMELINE,2
AMELL,AMELL,1
AMELLIA,AMELLIA,2
AMELY,AMELY,2
AMELYN,AMELYN,1
AMEN,AMEN,8
AMEN LUNA,AMEN  LUNA,1
AMENAAH,AMÉNAAH,1
AMENADIEL,AMENADIEL,1
AMER,AMER,2
AMERAH,AMERAH,1
AMERE,AMERE,1
AMERI,AMERI,1
AMERICA,AMERICA,10
AMERICO,AMERICO,1
AMERICUS,AMERICUS,2
AMERIE,AMERIE,2
AMERIS,AMERIS,2
AMERISS,AMERISS,1
AMERSON,AMERSON,1
AMERY,AMERY,2
AMES,AMES,7
AMETHYST,AMETHYST,7
AMEY,AMEY,1
AMEYA,AMEYA,7
AMEYAA DHRITI,AMEYAA DHRITI,1
AMEYALLI,AMEYALLI,1
AMGED,AMGED,1
AMI,AMI,2
AMIA,AMIA,7
AMIAH,AMIAH,3
AMIAS,AMIAS,5
AMIE,AMIE,1
AMIEL,AMIEL,4
AMIERIA,AMIERIA,1
AMIEYAH,AMIEYAH,1
AMIIN,AMIIN,1
AMIIR,AMIIR,1
AMIIRA,AMIIRA,1
AMIL,AMIL,1
AMILA,AMILA,3
AMILCAR,AMILCAR,1
AMILEO,AMILEO,1
AMILIA,AMILIA,4
AMILIAH,AMILIAH,1
AMILIYAH,AMILIYAH,1
AMILLAH,AMILLAH,1
AMILLE,AMILLE,1
AMILLIA,AMILLIA,1
AMILLIAN,AMILLIAN,1
AMILLIANA,AMILLIANA,1
AMILLIANO,AMILLIANO,1
AMILYA,AMILYA,2
AMIN,AMIN,2
AMINA,AMINA,25
AMINAH,AMINAH,4
AMINAH FATHIMA,AMINAH FATHIMA,1
AMINE,AMINE,2
AMIOLA,AMIOLA,1
AMIR,AMIR,82
AMIR,AMÍR,1
AMIR JOSEPH,AMIR JOSEPH,1
AMIRA,AMIRA,47
AMIRAH,AMIRAH,13
AMIREE,AMIREÉ,1
AMIRETTE,AMIRETTE,1
AMIRI,AMIRI,9
AMIRIION,AMIRIION,1
AMIRION,AMIRION,1
AMIRIYON,AMIRIYON,1
AMIRRA,AMIRRA,1
AMISADAI,AMISADAÍ,1
AMIT,AMIT,1
AMITHYST,AMITHYST,1
AMITIEL,AMITIEL,1
AMITTY,AMITTY,1
AMITVIKRAM,AMITVIKRAM,1
AMITY,AMITY,3
AMIYA,AMIYA,1
AMIYAH,AMIYAH,11
AMIYAH-MAE,AMIYAH-MAE,1
AMJAD,AMJAD,1
AMJED,AMJED,1
AMMA,AMMA,1
AMMAAR,AMMAAR,2
AMMANUEL,AMMANUEL,1
AMMAR,AMMAR,7
AMMARA,AMMARA,1
AMMERYN,AMMERYN,1
AMMI,AMMI,1
AMMIEL,AMMIEL,1
AMMIRE,AMMIRE,1
AMMON,AMMON,1
AMMY,AMMY,4
AMNA,AMNA,1
AMNEN,AMNEN,1
AMOGH,AMOGH,1
AMOGHA,AMOGHA,1
AMOHA,AMOHA,2
AMON,AMON,2
AMONI,AMONI,2
AMONTE,AMONTE,1
AMOOR,AMOOR,1
AMOR,AMOR,4
AMORA,AMORA,19
AMORE,AMORE,1
AMORE,AMORË,1
AMORE-AMIR,AMORE-AMIR,1
AMOREE,AMOREE,1
AMOREE',AMOREE',1
AMOREENA,AMOREENA,1
AMORETTE,AMORETTE,4
AMOREY,AMOREY,1
AMORI,AMORI,3
AMORIE,AMORIE,1
AMORINA,AMORINA,1
AMORIYE,AMORIYÉ,1
AMORY,AMORY,3
AMOS,AMOS,26
AMOURA,AMOURA,3
AMOY'BELLA,AMOY'BELLA,1
AMPARO,AMPARO,2
AMPELIO,AMPELIO,1
AMRAJ,AMRAJ,1
AMRAM,AMRAM,1
AMRAN,AMRAN,1
AMREE,AMREE,1
AMREEN,AMREEN,1
AMREET,AMREET,1
AMRI,AMRI,1
AMRIELLE,AMRIELLE,1
AMRIN,AMRIN,1
AMRIS,AMRIS,1
AMRITA,AMRITA,1
AMRO,AMRO,1
AMROU,AMROU,1
AMRUTHA,AMRUTHA,1
AMRUTHA SAI,AMRUTHA SAI,1
AMRYN,AMRYN,1
AMULYA,AMULYA,5
AMURA,AMURA,1
AMVAR,AMVAR,1
AMVRI,AMVRI,1
AMY,AMY,113
AMYAR,AMYAR,1
AMYNAH,AMYNAH,1
AMYR,AMYR,1
AMYRA,AMYRA,12
AMYRAH,AMYRAH,3
AMYRI,AMYRI,1
AMYTHEST,AMYTHEST,1
AMZI,AMZI,1
AN,AN,5
AN HUY,AN HUY,1
AN NHIEN,AN NHIEN,1
AN'DREYA,AN'DREYA,1
AN'TONY,AN'TONY,1
ANA,ANA,98
ANA BRENDA,ANA BRENDA,1
ANA CAMILA,ANA CAMILA,1
ANA ISABEL,ANA ISABEL,1
ANA ISABELLA,ANA ISABELLA,1
ANA LUCIA,ANA LUCIA,1
ANA LUISA,ANA LUISA,3
ANA MARIA,ANA MARIA,1
ANA SABINE,ANA SABINE,1
ANA'MICAELA,ANA'MICAELA,1
ANA-NANDI,ANA-NANDI,1
ANA-STAYSIA,ANA-STAYSIA,1
ANAAH,ANAAH,1
ANAALIYAH,ANAALIYAH,1
ANABEL,ANABEL,2
ANABELLA,ANABELLA,7
ANABELLE,ANABELLE,5
ANABETH,ANABETH,1
ANABIA,ANABIA,1
ANABIYA,ANABIYA,3
ANACAMILA,ANACAMILA,1
ANACELIA,ANACELIA,1
ANAEL,ANAEL,1
ANAELLE,ANAELLE,1
ANAGHA,ANAGHA,10
ANAHI,ANAHI,41
ANAHI,ANAHÍ,6
ANAHIE,ANAHIE,1
ANAHIS,ANAHIS,1
ANAHITA,ANAHITA,2
ANAHLI,ANAHLI,1
ANAHY,ANAHY,2
ANAIA,ANAIA,1
ANAIAH,ANAIAH,6
ANAIHYA,ANAIHYA,1
ANAIK,ANAIK,1
ANAIKA,ANAIKA,2
ANAIKA TANVI,ANAIKA TANVI,1
ANAIRA,ANAIRA,7
ANAIS,ANAIS,16
ANAIS,ANAÍS,1
ANAIS,ANAÏS,1
ANAISA,ANAISA,1
ANAISE,ANAISE,1
ANAISHA,ANAISHA,7
ANAIYA,ANAIYA,4
ANAIYAH,ANAIYAH,3
ANAIZA,ANAIZA,1
ANAJULIA,ANAJULIA,1
ANAKA,ANAKA,1
ANAKIN,ANAKIN,6
ANALAYA,ANALAYA,4
ANALEA,ANALEA,1
ANALEAH,ANALEAH,7
ANALEAN,ANALEAN,1
ANALEE,ANALEE,2
ANALEIA,ANALEIA,2
ANALEIGH,ANALEIGH,2
ANALEIGHA,ANALEIGHA,1
ANALEYA,ANALEYA,3
ANALI,ANALI,7
ANALIA,ANALIA,25
ANALIA,ANALÍA,3
ANALIAH,ANALIAH,1
ANALICIA,ANALICIA,5
ANALIE,ANALIE,1
ANALIESE,ANALIESE,1
ANALILIA,ANALILIA,1
ANALIS,ANALIS,2
ANALISA,ANALISA,5
ANALISE,ANALISE,6
ANALISE,ANALÍSE,1
ANALISSA,ANALISSA,1
ANALISSE,ANALISSE,2
ANALIYA,ANALIYA,1
ANALIYAH,ANALIYAH,6
ANALIZ,ANALIZ,1
ANALU,ANALU,1
ANALUCIA,ANALUCIA,2
ANALUISA,ANALUISA,1
ANALY,ANALY,8
ANALYN,ANALYN,1
ANALYSSA,ANALYSSA,2
ANAM,ANAM,1
ANAMARI,ANAMARI,2
ANAMARIA,ANAMARIA,1
ANAMARIS,ANAMARIS,1
ANAMI,ANAMI,1
ANAMTA,ANAMTA,1
ANAN,ANAN,1
ANAND,ANAND,3
ANANDAH,ANANDAH,1
ANANDI,ANANDI,1
ANANIAS,ANANIAS,2
ANANTA,ANANTA,1
ANANTAJIT,ANANTAJIT,1
ANANTH,ANANTH,2
ANANYA,ANANYA,26
ANANYA PARNIKA,ANANYA PARNIKA,1
ANANYA POORVAJA,ANANYA POORVAJA,1
ANANYAA,ANANYAA,1
ANAPAULA,ANAPAULA,2
ANARGHYA,ANARGHYA,1
ANARI,ANARI,1
ANARID,ANARID,1
ANARIE ROSE,ANARIE ROSE,1
ANARIS,ANARIS,1
ANARISSA,ANARISSA,1
ANARRI,ANARRI,1
ANAS,ANAS,2
ANASOPHIA,ANASOPHIA,2
ANASTACIA,ANASTACIA,5
ANASTACIAH,ANASTACIAH,1
ANASTACIO,ANASTACIO,1
ANASTASIA,ANASTASIA,65
ANASTASIE,ANASTASIE,1
ANASTASIJA,ANASTASIJA,1
ANASTASIS,ANASTASIS,1
ANASTASSIA,ANASTASSIA,1
ANASTAZIA,ANASTAZIA,2
ANASTYN,ANASTYN,1
ANATOLIO,ANATOLIO,1
ANAURA,ANAURA,1
ANAV,ANAV,1
ANAVALERIA,ANAVALERIA,1
ANAVEAA,ANAVEAA,1
ANAVI,ANAVI,4
ANAY,ANAY,8
ANAYA,ANAYA,38
ANAYA ROSE,ANAYA ROSE,1
ANAYAH,ANAYAH,5
ANAYANCI,ANAYANCI,2
ANAYARETZI,ANAYARETZI,1
ANAYAT,ANAYAT,1
ANAYELI,ANAYELI,7
ANAYELI,AÑAYELI,1
ANAYENSI,ANAYENSI,1
ANAYIAH,ANAYIAH,1
ANAYII,ANAYII,1
ANAYKA,ANAYKA,1
ANAYRA,ANAYRA,5
ANAYSE,ANAYSE,1
ANAYSHA,ANAYSHA,1
ANCELMO,ANCELMO,1
ANCHOR,ANCHOR,1
ANDALUCIA,ANDALUCIA,2
ANDEER,ANDEER,1
ANDELYN,ANDELYN,1
ANDER,ANDER,27
ANDERS,ANDERS,12
ANDERSEN,ANDERSEN,2
ANDERSON,ANDERSON,82
ANDERSYN,ANDERSYN,1
ANDI,ANDI,16
ANDIE,ANDIE,12
ANDILYN,ANDILYN,1
ANDIS,ANDIS,2
ANDITREA,ANDITREA,1
ANDONI,ANDONI,2
ANDONIO,ANDONIO,1
ANDONIS,ANDONIS,1
ANDONY,ANDONY,1
ANDOR,ANDOR,1
ANDRA,ANDRA,1
ANDRE,ANDRE,41
ANDRE,ANDRÉ,13
ANDRE ALONZO,ANDRE ALONZO,1
ANDRE'S,ANDRE'S,1
ANDREA,ANDREA,160
ANDREA,AÑDREA,1
ANDREA ROSE,ANDREA ROSE,1
ANDREA',ANDREA',1
ANDREAS,ANDREAS,8
ANDREI,ANDREI,5
ANDRES,ANDRES,97
ANDRES,ANDRÉS,19
ANDRES,ANDRÈS,1
ANDREW,ANDREW,255
ANDREW RAE,ANDREW RAE,1
ANDREY,ANDREY,1
ANDREYI,ANDREYI,1
ANDRIA,ANDRIA,1
ANDRICK,ANDRICK,1
ANDRID,ANDRID,1
ANDRIK,ANDRIK,1
ANDROMEDA,ANDROMEDA,3
ANDRUS,ANDRUS,1
ANDRY,ANDRY,2
ANDY,ANDY,32
ANE,ANE,1
ANEEKSHA,ANEEKSHA,1
ANEES,ANEES,1
ANEESA,ANEESA,1
ANEESH,ANEESH,3
ANEIRA,ANEIRA,2
ANEIZSHA,ANEIZSHA,1
ANEL,ANEL,1
ANELLY,ANELLY,1
ANERES,ANERES,1
ANERI,ANERI,1
ANESIA,ANESIA,1
ANETA,ANETA,1
ANETTE,ANETTE,3
ANETZY,ANETZY,1
ANEVAY,ANEVAY,2
ANFERNY,ANFERNY,1
ANGAD,ANGAD,6
ANGE BLESSING,ANGE BLESSING,1
ANGEL,ANGEL,329
ANGEL,ÁNGEL,8
ANGEL,ANGÈL,1
ANGEL,ANGÉL,1
ANGEL BABY ANGEL,ANGEL BABY ANGEL,1
ANGEL'LEE,ANGEL'LEE,1
ANGELA,ANGELA,76
ANGELES,ANGELES,1
ANGELET,ANGELET,1
ANGELETTE,ANGELETTE,2
ANGELI,ANGELI,1
ANGELIA,ANGELIA,3
ANGELIC,ANGELIC,2
ANGELICA,ANGELICA,26
ANGELICA,ANGÉLICA,1
ANGELIE,ANGELIE,3
ANGELIKA,ANGELIKA,1
ANGELIKI,ANGELIKI,1
ANGELIN,ANGELIN,1
ANGELINA,ANGELINA,53
ANGELINE,ANGELINE,16
ANGELIQUE,ANGELIQUE,18
ANGELISE,ANGELISE,3
ANGELITA,ANGELITA,2
ANGELIZE,ANGELIZE,1
ANGELLEE,ANGELLEE,1
ANGELLI,ANGELLI,2
ANGELLY,ANGELLY,1
ANGELO,ANGELO,35
ANGELO NOUMEDEM,ANGELO NOUMEDEM,1
ANGELUS,ANGELUS,1
ANGELVIN,ANGELVIN,1
ANGELY,ANGELY,8
ANGELYZ,ANGELYZ,1
ANGGY,ANGGY,1
ANGHEL,ANGHEL,1
ANGHELA,ANGHELA,1
ANGHELIE,ANGHELIE,1
ANGHELO,ANGHELO,1
ANGI,ANGI,1
ANGIE,ANGIE,27
ANGIELINE,ANGIELINE,1
ANGUEL,ANGUEL,1
ANGUS,ANGUS,7
ANH,ANH,1
ANH MINH,ANH MINH,1
ANH-TAM,ANH-TAM,1
ANHAD,ANHAD,1
ANHELI,ANHELÍ,1
ANI,ANI,1
ANIA,ANIA,5
ANIA VEDANSH,ANIA VEDANSH,1
ANIAH,ANIAH,4
ANIB,ANIB,1
ANIBAL,ANIBAL,3
ANIDU,ANIDU,1
ANIEL,ANIEL,2
ANIELIS,ANIELIS,1
ANIER,ANIER,1
ANIJA,ANIJA,1
ANIJAH,ANIJAH,1
ANIK,ANIK,6
ANIKA,ANIKA,37
ANIKE,ANIKE,1
ANIKETH SHOURYANSH,ANIKETH SHOURYANSH,1
ANIKIN,ANIKIN,2
ANIKKA,ANIKKA,1
ANIKO,ANIKO,2
ANILEYAH,ANILEYAH,1
ANILINA,ANILINA,1
ANIR,ANIR,1
ANIRA,ANIRA,1
ANIRUD,ANIRUD,1
ANIRUDH,ANIRUDH,7
ANIRUDH VISHNU,ANIRUDH VISHNU,1
ANIRVED,ANIRVED,1
ANIRVIN,ANIRVIN,1
ANIS,ANIS,1
ANISA,ANISA,2
ANISE,ANISE,2
ANISH,ANISH,3
ANISHA,ANISHA,2
ANISHKA,ANISHKA,2
ANISIA,ANISIA,1
ANISLEY,ANISLEY,1
ANISSA,ANISSA,7
ANISSIA,ANISSIA,1
ANISTON,ANISTON,1
ANISTYN,ANISTYN,1
ANITA,ANITA,9
ANITA MARIE,ANITA MARIE,1
ANIYA,ANIYA,8
ANIYAH,ANIYAH,35
ANIYAH DEI,ANIYAH DEI,1
ANIYAHLEEA,ANIYAHLEEA,1
ANIYLAA,ANIYLAA,1
ANIYLAH,ANIYLAH,1
ANIYUS,ANIYUS,1
ANJA,ANJA,3
ANJALI,ANJALI,10
ANJALI SWARA,ANJALI SWARA,1
ANJALIE,ANJALIE,1
ANJANA,ANJANA,2
ANJANAY,ANJANAY,1
ANJANI,ANJANI,1
ANJAY,ANJAY,1
ANJEL,ANJEL,2
ANJELICA,ANJELICA,1
ANJOLAOLUWA,ANJOLAOLUWA,1
ANJOLI,ANJOLI,1
ANJOLINA,ANJOLINA,1
ANJULY,ANJULY,1
ANLLELI,ANLLELI,1
ANMAR,ANMAR,1
ANMAY,ANMAY,1
ANMESH,ANMESH,1
ANMOL,ANMOL,2
ANMY,ANMY,1
ANN,ANN,12
ANN LUCIA,ANN LUCIA,1
ANN MARIE,ANN MARIE,1
ANN MAXWELL,ANN MAXWELL,1
ANNA,ANNA,119
ANNA ANH,ANNA ANH,1
ANNA KATE,ANNA KATE,1
ANNA LEAH,ANNA LEAH,1
ANNA LYNN,ANNA LYNN,1
ANNA MARIE,ANNA MARIE,1
ANNA SOPHIA,ANNA SOPHIA,1
ANNA'LIAH,ANNA'LIAH,1
ANNA'LISA,ANNA'LISA,1
ANNA'LYA,ANNA'LYA,1
ANNA'MARIE,ANNA'MARIE,1
ANNA-MARIE,ANNA-MARIE,1
ANNA-SOPHIA,ANNA-SOPHIA,1
ANNA-VICHELLE,ANNA-VICHELLE,1
ANNABEL,ANNABEL,14
ANNABELL,ANNABELL,1
ANNABELLA,ANNABELLA,15
ANNABELLA GRACE,ANNABELLA GRACE,1
ANNABELLE,ANNABELLE,56
ANNABETH,ANNABETH,5
ANNAE,ANNAE,1
ANNAEL,ANNAEL,1
ANNAELLE,ANNAELLE,1
ANNAH,ANNAH,1
ANNAI,ANNAI,1
ANNAIS,ANNAIS,1
ANNAIS,ANNAÍS,1
ANNAKAT,ANNAKAT,1
ANNALEAH,ANNALEAH,7
ANNALEE,ANNALEE,10
ANNALEIGH,ANNALEIGH,2
ANNALEISA,ANNALEISA,1
ANNALIA,ANNALIA,6
ANNALIE,ANNALIE,1
ANNALISA,ANNALISA,8
ANNALISABELLE,ANNALISABELLE,1
ANNALISE,ANNALISE,25
ANNALISS,ANNALISS,1
ANNALIYAH,ANNALIYAH,1
ANNALIZ,ANNALIZ,1
ANNALIZA,ANNALIZA,1
ANNALUCIA,ANNALUCIA,1
ANNALY,ANNALY,1
ANNALYN,ANNALYN,2
ANNALYNE,ANNALYNE,1
ANNALYNN,ANNALYNN,3
ANNALYSE,ANNALYSE,1
ANNALYSIA,ANNALYSIA,1
ANNALYSSA,ANNALYSSA,1
ANNAROSE,ANNAROSE,1
ANNASOPHIA,ANNASOPHIA,2
ANNASTASIA,ANNASTASIA,3
ANNAYA,ANNAYA,1
ANNAYELI,ANNAYELI,1
ANNE,ANNE,30
ANNE ELIZABETH,ANNE ELIZABETH,1
ANNE JEMMA,ANNE JEMMA,1
ANNELI,ANNELI,1
ANNELIES,ANNELIES,1
ANNELIESE,ANNELIESE,2
ANNELISE,ANNELISE,9
ANNELY,ANNELY,1
ANNEMARIE,ANNEMARIE,1
ANNER,ANNER,4
ANNERIS,ANNERIS,1
ANNESLEY,ANNESLEY,1
ANNETTE,ANNETTE,9
ANNEYVA,ANNEYVA,1
ANNHI,ANNHI,1
ANNIAH,ANNIAH,1
ANNIALIA,ANNIALIA,1
ANNIE,ANNIE,89
ANNIEL,ANNIEL,1
ANNIKA,ANNIKA,15
ANNIKA FAYE,ANNIKA FAYE,1
ANNING,ANNING,1
ANNISH,ANNISH,1
ANNISSA,ANNISSA,1
ANNISTON,ANNISTON,3
ANNISTYN,ANNISTYN,1
ANNMARIE,ANNMARIE,4
ANNORA,ANNORA,4
ANNORAH,ANNORAH,1
ANNY,ANNY,6
ANNYA,ANNYA,1
ANNYLA,ANNYLA,1
ANNZLEE,ANNZLEE,1
ANOHA,ANOHA,1
ANORA,ANORA,3
ANORE,ANORÉ,1
ANOUAR,ANOUAR,1
ANOUSHKA,ANOUSHKA,1
ANQA,ANQA,1
ANQI,ANQI,1
ANQUAIL,ANQUAIL,1
ANSAR,ANSAR,1
ANSEL,ANSEL,7
ANSELMO,ANSELMO,1
ANSH,ANSH,12
ANSHA,ANSHA,1
ANSHARAH,ANSHARAH,1
ANSHI,ANSHI,1
ANSHU,ANSHU,1
ANSHUL,ANSHUL,1
ANSLEE,ANSLEE,1
ANSLEY,ANSLEY,3
ANSON,ANSON,15
ANSU,ANSU,1
ANTANIQUE,ANTANIQUE,1
ANTELMO,ANTELMO,1
ANTHANI,ANTHANI,1
ANTHARA,ANTHARA,1
ANTHEM,ANTHEM,2
ANTHONELLA,ANTHONELLA,2
ANTHONI,ANTHONI,2
ANTHONNY,ANTHONNY,1
ANTHONY,ANTHONY,340
ANTHONY JAY,ANTHONY JAY,1
ANTHONY PHILLIPS,ANTHONY PHILLIPS,1
ANTHUAN,ANTHUAN,2
ANTHUVAN,ANTHUVAN,1
ANTOANETTE,ANTOANETTE,1
ANTOINE,ANTOINE,4
ANTOINETTE,ANTOINETTE,4
ANTON,ANTON,10
ANTONE,ANTONE,2
ANTONEITTE,ANTONEITTE,1
ANTONELA,ANTONELA,2
ANTONELLA,ANTONELLA,30
ANTONI,ANTONI,1
ANTONIA,ANTONIA,5
ANTONIE,ANTONIE,1
ANTONINA,ANTONINA,1
ANTONIO,ANTONIO,115
ANTONIO,ANTONIO JR,1
ANTONIOUS,ANTONIOUS,1
ANTONY,ANTONY,6
ANTONY DAVID,ANTONY DAVID,1
ANTUAN,ANTUAN,2
ANTUHAN,ANTUHAN,1
ANTWAIN,ANTWAIN,1
ANTWAN,ANTWAN,1
ANTWON,ANTWON,1
ANU,ANU,2
ANUAR,ANUAR,1
ANUBIS,ANUBIS,1
ANUDIYA,ANUDIYA,1
ANUEL,ANUEL,4
ANUHEA,ANUHEA,2
ANUHYA,ANUHYA,1
ANUJ,ANUJ,1
ANUKRITI,ANUKRITI,1
ANUM,ANUM,3
ANURA,ANURA,1
ANURUP,ANURUP,1
ANUSHA,ANUSHA,1
ANUSHKA,ANUSHKA,4
ANUSKA,ANUSKA,1
ANUZAY,ANUZAY,1
ANVAY,ANVAY,1
ANVEER,ANVEER,1
ANVI,ANVI,16
ANVIA,ANVIA,1
ANVIKA,ANVIKA,11
ANVIKA REDDY,ANVIKA REDDY,1
ANVIT,ANVIT,2
ANVITA,ANVITA,1
ANVITH,ANVITH,2
ANVITH REDDY,ANVITH REDDY,1
ANWEN,ANWEN,1
ANWITA,ANWITA,1
ANWYLL,ANWYLL,1
ANXELA,ANXELA,1
ANYA,ANYA,41
ANYA SHANAIA,ANYA SHANAIA,1
ANYALIA,ANYALIA,1
ANYELENIS,ANYELENIS,1
ANYELI,ANYELI,2
ANYELIN,ANYELIN,6
ANYELINE,ANYELINE,2
ANYELITH,ANYELITH,1
ANYELO,ANYELO,1
ANYI,ANYI,1
ANYIA,ANYIA,1
ANYILIET,ANYILIET,1
ANYLA,ANYLA,1
ANYLAH,ANYLAH,1
ANYR,ANYR,1
ANYSIA,ANYSIA,1
ANZAR,ANZAR,3
ANZEL,ANZEL,1
ANZIK,ANZIK,1
ANZISH,ANZISH,1
AO,AO,1
AODAN,AODAN,1
AOIFE,AOIFE,9
AOLANI,AOLANI,2
AOLANIS,AOLANIS,1
AORION,AORION,1
APARNA,APARNA,1
APHAEA,APHAEA,1
APHEK,APHEK,1
APOLLO,APOLLO,51
APOLLONIA,APOLLONIA,3
APOLO,APOLO,2
APOLOT,APOLOT,1
APPHIA,APPHIA,1
APRAMEYA,APRAMEYA,1
APRICITY AFENI,APRICITY AFENI,1
APRIL,APRIL,35
APSARA,APSARA,1
AQSA,AQSA,1
AQUETZALLI,AQUETZALLI,1
AQUILES,AQUILES,2
AQUILEZ,AQUILEZ,1
AR'CAIDEN,AR'CAIDEN,1
AR'DONIS,AR'DONIS,1
AR'KHAURI,AR'KHAURI,1
AR'MARION,AR'MARION,1
AR'MELL,AR'MELL,1
AR'MIRI,AR'MIRI,1
AR'MONET,AR'MONET,1
AR'VEIGHA,AR'VEIGHA,1
ARA,ARA,2
ARAATRIKA,ARAATRIKA,1
ARABELLA,ARABELLA,58
ARABELLE,ARABELLE,6
ARABIYA,ARABIYA,1
ARACELI,ARACELI,33
ARACELIA,ARACELIA,2
ARACELLI,ARACELLI,1
ARACELY,ARACELY,11
ARAD,ARAD,3
ARADAYHA,ARADAYHA,1
ARADHYA,ARADHYA,2
ARADIA,ARADIA,1
ARADYA,ARADYA,1
ARAFAH,ARAFAH,1
ARAHANT,ARAHANT,1
ARAIYA,ARAIYA,2
ARAIYAH,ARAIYAH,1
ARAKEL,ARAKEL,1
ARALEE,ARALEE,1
ARALY,ARALY,2
ARALYN,ARALYN,4
ARALYNN,ARALYNN,1
ARAM,ARAM,4
ARAMARI,ARAMARI,1
ARAMBHA,ARAMBHA,1
ARAMEN,ARAMEN,1
ARAMIE,ARAMIE,1
ARAMINTA,ARAMINTA,1
ARAMIZ,ARAMIZ,1
ARAN,ARAN,4
ARANTZA,ARANTZA,3
ARANYA,ARANYA,1
ARANZA,ARANZA,24
ARANZHA,ARANZHA,1
ARAOLUWA,ARAOLUWA,2
ARAS,ARAS,1
ARASH,ARASH,3
ARATH,ARATH,3
ARATRAYA,ARATRAYA,1
ARAV,ARAV,5
ARAVEN,ARAVEN,1
ARAVIEL,ARAVIEL,1
ARAXIE,ARAXIE,1
ARAYA,ARAYA,4
ARAYAH,ARAYAH,1
ARAYELI,ARAYELI,1
ARAZELY,ARAZELY,1
ARBOR,ARBOR,5
ARBRIANNA,ARBRIANNA,1
ARCADIA,ARCADIA,2
ARCADIUS,ARCADIUS,1
ARCANGEL,ARCANGEL,1
ARCEUS,ARCEUS,1
ARCH,ARCH,5
ARCHANGEL,ARCHANGEL,1
ARCHER,ARCHER,148
ARCHER-MAC,ARCHER-MAC,1
ARCHI,ARCHI,1
ARCHIBALD,ARCHIBALD,13
ARCHIE,ARCHIE,34
ARCHILLES,ARCHILLES,1
ARCHIVALDO,ARCHIVALDO,1
ARDALAH,ARDALAH,1
ARDELIA,ARDELIA,1
ARDEN,ARDEN,30
ARDIAN,ARDIAN,1
ARDON,ARDON,1
ARDUS,ARDUS,1
ARDYN,ARDYN,1
AREEB,AREEB,1
AREEN,AREEN,1
AREESHA,AREESHA,2
AREIA,AREIA,1
AREIGH,AREIGH,1
AREIL,AREIL,1
AREILLIA,AREILLIA,1
AREK,AREK,1
ARELAYNA,ARELAYNA,1
ARELEA,ARELEA,1
ARELI,ARELI,12
ARELI,ÁRELI,1
ARELINE,ARELINE,1
ARELIS,ARELIS,1
ARELLY,ARELLY,1
ARELLYNN,ARELLYNN,1
ARELLYS,ARELLYS,1
ARELY,ARELY,20
ARELYN,ARELYN,1
ARELYNN,ARELYNN,1
ARELYS,ARELYS,1
AREMI,AREMI,3
AREN,AREN,5
AREONA,AREONA,1
ARES,ARES,41
ARES,ARÉS,1
AREZIAH,AREZIAH,1
AREZOO,AREZOO,1
ARFA,ARFA,2
ARGELY,ARGELY,1
ARGENTINA,ARGENTINA,1
ARGUS,ARGUS,2
ARGY,ARGY,1
ARHA,ARHA,15
ARHA REDDY,ARHA REDDY,1
ARHAA,ARHAA,1
ARHAAN,ARHAAN,7
ARHAM,ARHAM,8
ARHAN,ARHAN,1
ARHANSH,ARHANSH,1
ARHANTH,ARHANTH,1
ARI,ARI,88
ARI,ARÍ,1
ARI'ELLA,ARI'ELLA,3
ARI'ELLE,ARI'ELLE,1
ARI'ONNA,ARI'ONNA,1
ARI'ROSE,ARI'ROSE,1
ARI'YA,ARI'YA,1
ARIA,ARIA,274
ARIA,ARÍA,1
ARIA-NAOMI,ARIA-NAOMI,1
ARIA-REIGN,ARIA-REIGN,1
ARIAAN,ARIAAN,1
ARIADNA,ARIADNA,15
ARIADNE,ARIADNE,13
ARIADNI,ARIADNI,1
ARIADNIE,ARIADNIE,1
ARIAH,ARIAH,19
ARIALINDA,ARIALINDA,1
ARIALLA,ARIALLA,1
ARIAM,ARIAM,5
ARIAN,ARIAN,9
ARIANA,ARIANA,152
ARIANA JO,ARIANA JO,1
ARIANE,ARIANE,1
ARIANE-ANDREA,ARIANE-ANDREA,1
ARIANELLY,ARIANELLY,4
ARIANELY,ARIANELY,1
ARIANEZ,ARIANEZ,1
ARIANHIE,ARIANHIE,1
ARIANI,ARIANI,1
ARIANI,ARIANÍ,1
ARIANINA,ARIANINA,1
ARIANIS,ARIANIS,1
ARIANN,ARIANN,1
ARIANNA,ARIANNA,86
ARIANNE,ARIANNE,1
ARIANNY,ARIANNY,3
ARIANY,ARIANY,3
ARIBELLA,ARIBELLA,5
ARIBETH,ARIBETH,1
ARIC,ARIC,1
ARICA,ARICA,1
ARICELLA,ARICELLA,1
ARICK,ARICK,1
ARIDAI,ARIDAI,1
ARIDAILIN,ARIDAILIN,1
ARIDUNNU,ARIDUNNU,1
ARIE,ARIE,4
ARIE'YANA,ARIE'YANA,1
ARIEANA,ARIEANA,1
ARIEBELLA,ARIEBELLA,1
ARIEE,ARIEE,1
ARIEL,ARIEL,89
ARIELA,ARIELA,11
ARIELENA,ARIELENA,1
ARIELLA,ARIELLA,63
ARIELLA,ARIELLÁ,1
ARIELLE,ARIELLE,39
ARIELLEH,ARIELLEH,1
ARIELLEN,ARIELLEN,1
ARIELY,ARIELY,1
ARIELYS,ARIELYS,1
ARIEN,ARIEN,1
ARIES,ARIES,14
ARIETTA,ARIETTA,2
ARIETTE,ARIETTE,1
ARIEZ,ARIEZ,1
ARIGBETH,ARIGBETH,1
ARIHA,ARIHA,1
ARIJEET,ARIJEET,1
ARIK,ARIK,3
ARIKA,ARIKA,4
ARILEYZA,ARILEYZA,1
ARILYNN,ARILYNN,1
ARIMY,ARIMY,1
ARIN,ARIN,6
ARINA,ARINA,3
ARINAN,ARINAN,1
ARINAS,ARINAS,1
ARINAYED,ARINAYED,1
ARINJAY,ARINJAY,1
ARINZE,ARINZE,1
ARIO,ARIO,2
ARIS,ARIS,6
ARISA,ARISA,2
ARISAI,ARISAI,1
ARISBE,ARISBE,1
ARISBELLA,ARISBELLA,1
ARISBETH,ARISBETH,10
ARISH,ARISH,2
ARISHA,ARISHA,4
ARISMENDY,ARISMENDY,1
ARISSA,ARISSA,3
ARIST,ARIST,1
ARISTA,ARISTA,1
ARISTEO,ARISTEO,1
ARISTIDES,ARISTIDES,1
ARISTON,ARISTON,1
ARISTOTLE,ARISTOTLE,1
ARISU,ARISU,1
ARITRA,ARITRA,1
ARITZEL,ARITZEL,3
ARITZY,ARITZY,1
ARIUS,ARIUS,4
ARIV,ARIV,2
ARIVA,ARIVA,1
ARIYA,ARIYA,21
ARIYAH,ARIYAH,25
ARIYAN,ARIYAN,3
ARIYANA,ARIYANA,3
ARIYEL,ARIYEL,1
ARIYON,ARIYON,3
ARIZ,ARIZ,1
ARIZBEL,ARIZBEL,1
ARIZBETH,ARIZBETH,11
ARIZDEL,ARIZDEL,1
ARIZHA,ARIZHA,1
ARIZMEL,ARIZMEL,1
ARIZONA,ARIZONA,2
ARIZONAA,ARIZONAA,1
ARJAN,ARJAN,1
ARJEN,ARJEN,4
ARJIT,ARJIT,1
ARJOHN REJOICE,ARJOHN REJOICE,1
ARJUN,ARJUN,81
ARJUN DEV REDDY,ARJUN DEV REDDY,1
ARJUN DHRUVADHEER,ARJUN DHRUVADHEER,1
ARJUN RAJ,ARJUN RAJ,1
ARJUN RAM,ARJUN RAM,1
ARJUN REDDY,ARJUN REDDY,4
ARJUNA,ARJUNA,2
ARK,ARK,1
ARKA,ARKA,1
ARKA NANDAN,ARKA NANDAN,1
ARKIN,ARKIN,1
ARKISHA MAISIE,ARKISHA  MAISIE,1
ARKIZIA BIEN,ARKIZIA BIEN,1
ARKLAN,ARKLAN,1
ARKYN,ARKYN,1
ARLAN,ARLAN,1
ARLANDO,ARLANDO,1
ARLEAN MYAH,ARLEAN MYAH,1
ARLEANA,ARLEANA,1
ARLEE,ARLEE,1
ARLEIGH,ARLEIGH,1
ARLEN,ARLEN,3
ARLENE,ARLENE,9
ARLENNY,ARLENNY,1
ARLENY,ARLENY,1
ARLES,ARLES,1
ARLET,ARLET,26
ARLETH,ARLETH,36
ARLETH LUNA,ARLETH LUNA,2
ARLETT,ARLETT,11
ARLETTE,ARLETTE,31
ARLEX,ARLEX,1
ARLEY,ARLEY,3
ARLI,ARLI,1
ARLIAN,ARLIAN,1
ARLIE,ARLIE,1
ARLIN,ARLIN,1
ARLIZETH,ARLIZETH,1
ARLO,ARLO,127
ARLO NOEL,ARLO NOEL,1
ARLOH,ARLOH,1
ARLY,ARLY,2
ARLYN,ARLYN,2
ARLYNN,ARLYNN,1
ARLYSON,ARLYSON,1
ARLYSS,ARLYSS,1
ARMAAN,ARMAAN,6
ARMAN,ARMAN,4
ARMAND,ARMAND,2
ARMANDO,ARMANDO,51
ARMANI,ARMANI,42
ARMANNI,ARMANNI,1
ARMANY,ARMANY,2
ARMARIS,ARMARIS,1
ARMELIA,ARMELIA,1
ARMELLE,ARMELLE,1
ARMIAS,ARMIAS,1
ARMIN,ARMIN,2
ARMINA,ARMINA,1
ARMIS,ARMIS,1
ARMITA,ARMITA,1
ARMONI,ARMONI,2
ARMOUR,ARMOUR,1
ARMY,ARMY,1
ARNA,ARNA,2
ARNAV,ARNAV,3
ARNAV KRISHNA,ARNAV KRISHNA,1
ARNETT,ARNETT,1
ARNEZ,ARNEZ,1
ARNIK,ARNIK,1
ARNIKA,ARNIKA,2
ARNOL,ARNOL,1
ARNOLD,ARNOLD,12
ARNOLDO,ARNOLDO,1
ARNUIFU,ARNUIFU,1
AROHI,AROHI,1
AROMISE,AROMISE,1
ARON,ARON,15
AROOSHA,AROOSHA,1
AROOSHAY,AROOSHAY,1
AROWEN,AROWEN,1
ARPIT,ARPIT,1
ARQUIRA,ARQUIRA,1
ARRACELLI,ARRACELLI,1
ARRAM,ARRAM,1
ARREYON,ARREYON,1
ARRIANNA,ARRIANNA,1
ARRIANY,ARRIANY,1
ARRICK,ARRICK,1
ARRINGTON,ARRINGTON,1
ARRIYAH,ARRIYAH,1
ARRON,ARRON,2
ARRONN,ARRONN,1
ARROW,ARROW,8
ARRYN,ARRYN,1
ARSAL,ARSAL,1
ARSALAN,ARSALAN,3
ARSAM,ARSAM,1
ARSEMA,ARSEMA,2
ARSEN,ARSEN,1
ARSHA,ARSHA,1
ARSHAB,ARSHAB,1
ARSHI,ARSHI,1
ARSHIA,ARSHIA,1
ARSHIK,ARSHIK,1
ARSHYA,ARSHYA,1
ARSIN,ARSIN,1
ART,ART,1
ARTAVIO,ARTAVIO,1
ARTAVIOUS,ARTAVIOUS,1
ARTEM,ARTËM,1
ARTEMI,ARTEMI,1
ARTEMIA,ARTEMIA,1
ARTEMIO,ARTEMIO,3
ARTEMIS,ARTEMIS,23
ARTEMISA,ARTEMISA,2
ARTEMISIA,ARTEMISIA,2
ARTEMUS,ARTEMUS,1
ARTHA,ARTHA,1
ARTHUR,ARTHUR,165
ARTIE,ARTIE,1
ARTIN,ARTIN,1
ARTIS,ARTIS,2
ARTORIAS,ARTORIAS,1
ARTUR,ARTUR,1
ARTURO,ARTURO,33
ARUDRA,ARUDRA,1
ARUN,ARUN,1
ARUNA,ARUNA,3
ARUSH,ARUSH,2
ARUSHI,ARUSHI,1
ARUTJOTHI,ARUTJOTHI,1
ARVAAN,ARVAAN,1
ARVAERAH,ARVAERAH,1
ARVAN,ARVAN,1
ARVED,ARVED,1
ARVIK,ARVIK,1
ARVIN,ARVIN,3
ARVIND,ARVIND,3
ARVINDER,ARVINDER,1
ARWA,ARWA,3
ARWEN,ARWEN,7
ARWIN,ARWIN,1
ARWYN,ARWYN,1
ARY,ARY,4
ARYA,ARYA,139
ARYA ARVINDA,ARYA ARVINDA,1
ARYA NATASHA,ARYA NATASHA,1
ARYA REDDY,ARYA REDDY,1
ARYA SOL,ARYA SOL,1
ARYA SOLENNE,ARYA SOLENNE,1
ARYA VED,ARYA VED,1
ARYA VIRAT,ARYA VIRAT,1
ARYAAN,ARYAAN,1
ARYAH,ARYAH,6
ARYAHI,ARYAHI,2
ARYAKA,ARYAKA,1
ARYAMAN,ARYAMAN,2
ARYAN,ARYAN,16
ARYAN REDDY,ARYAN REDDY,1
ARYAN RUDRA,ARYAN RUDRA,1
ARYANA,ARYANA,8
ARYANI,ARYANI,1
ARYANIZ,ARYANIZ,1
ARYANNA,ARYANNA,7
ARYANSH,ARYANSH,1
ARYANSHI,ARYANSHI,1
ARYAPRATAP,ARYAPRATAP,1
ARYAS,ARYAS,1
ARYASA,ARYASA,1
ARYASH,ARYASH,2
ARYASRI,ARYASRI,1
ARYAV,ARYAV,4
ARYAVEER,ARYAVEER,1
ARYEAL,ARYEAL,1
ARYEN,ARYEN,1
ARYIA,ARYIA,2
ARYIAH,ARYIAH,1
ARYLIA,ARYLIA,1
ARYN,ARYN,2
ARYNN,ARYNN,1
ARYSS,ARYSS,1
ARYSSA,ARYSSA,1
ARZAAN,ARZAAN,4
ARZINOR,ARZINOR,1
ARZO,ARZO,1
ARZOYI,ARZOYI,1
ARZU,ARZU,1
ASA,ASA,31
ASA CASSIEL,ASA CASSIEL,1
ASAD,ASAD,2
ASADULLAH,ASADULLAH,1
ASAEL,ASAEL,2
ASAF,ASAF,1
ASAHEL,ASAHEL,1
ASAHI,ASAHI,3
ASAI,ASAI,1
ASAIAH,ASAIAH,9
ASAIYAH,ASAIYAH,1
ASAL,ASAL,2
ASALI,ASALI,1
ASALIA,ASALIA,1
ASAMI,ASAMI,1
ASAN,ASAN,1
ASANDA,ASANDA,1
ASANI,ASANI,2
ASANNAH,ASANNAH,1
ASANTE,ASANTE,1
ASANTI,ASANTI,1
ASAYA,ASAYA,1
ASCE,ASCE,1
ASEDA,ASEDA,1
ASEEL,ASEEL,2
ASEEM,ASEEM,1
ASENATH,ASENATH,1
ASENCION,ASENCION,1
ASER,ASER,2
ASH,ASH,12
ASHA,ASHA,8
ASHAH,ASHAH,1
ASHANKA,ASHANKA,1
ASHANTI,ASHANTI,2
ASHAR,ASHAR,1
ASHARI,ASHARI,1
ASHBY,ASHBY,2
ASHE,ASHE,3
ASHEIR,ASHEIR,1
ASHER,ASHER,322
ASHER-SHILOH,ASHER-SHILOH,1
ASHERAH,ASHERAH,1
ASHERT,ASHERT,1
ASHETON,ASHETON,1
ASHHTON,ASHHTON,1
ASHIKA,ASHIKA,1
ASHISH,ASHISH,1
ASHKII,ASHKII,1
ASHLEE,ASHLEE,3
ASHLEIGH,ASHLEIGH,2
ASHLENY,ASHLENY,1
ASHLER,ASHLER,1
ASHLEY,ASHLEY,158
ASHLEY BEATRIZ,ASHLEY BEATRIZ,1
ASHLEY NICOLE,ASHLEY NICOLE,1
ASHLEY SOFIA,ASHLEY SOFIA,1
ASHLEYN,ASHLEYN,1
ASHLIN,ASHLIN,2
ASHLY,ASHLY,11
ASHLYN,ASHLYN,19
ASHLYNE,ASHLYNE,1
ASHLYNN,ASHLYNN,6
ASHLYNNE,ASHLYNNE,1
ASHMI,ASHMI,3
ASHNA,ASHNA,1
ASHRAF,ASHRAF,1
ASHRIT SAI,ASHRIT SAI,1
ASHRITH,ASHRITH,1
ASHRRITH,ASHRRITH,1
ASHRUTH,ASHRUTH,1
ASHTEN,ASHTEN,3
ASHTIN,ASHTIN,3
ASHTON,ASHTON,100
ASHTON ALCHIMIST,ASHTON ALCHIMIST,1
ASHTYN,ASHTYN,5
ASHUR,ASHUR,4
ASHURA,ASHURA,1
ASHVATH MAHESH,ASHVATH MAHESH,1
ASHVI,ASHVI,5
ASHVIK,ASHVIK,5
ASHVIK REDDY,ASHVIK REDDY,1
ASHVIKA,ASHVIKA,3
ASHWAT,ASHWAT,1
ASHWATH,ASHWATH,1
ASHWATH REDDY,ASHWATH REDDY,1
ASHWIN,ASHWIN,6
ASHWINI,ASHWINI,1
ASHYA,ASHYA,1
ASIA,ASIA,13
ASIA'LEE,ASIA'LEE,1
ASIA'NAE,ASIA'NAE,1
ASIAH,ASIAH,5
ASIEL,ASIEL,1
ASIER,ASIER,1
ASIF,ASIF,1
ASIIYAH,ASIIYAH,1
ASIL,ASIL,1
ASILIA,ASILIA,1
ASIYA,ASIYA,5
ASIYAH,ASIYAH,3
ASKARI,ASKARI,1
ASLAN,ASLAN,8
ASLI,ASLI,3
ASLIN,ASLIN,1
ASLYN,ASLYN,1
ASMA,ASMA,6
ASMAA,ASMAA,2
ASMITA,ASMITA,1
ASNA,ASNA,1
ASNAT,ASNAT,1
ASONYA,ASONYA,1
ASPEN,ASPEN,50
ASPYN,ASPYN,5
ASRA,ASRA,5
ASRIEL,ASRIEL,1
ASSADULLAH,ASSADULLAH,1
ASSAJDAH,ASSAJDAH,1
ASSAL,ASSAL,1
ASSER,ASSER,1
ASSIAH,ASSIAH,1
ASSIER,ASSIER,1
ASSIL,ASSIL,1
ASSINAT,ASSINAT,1
ASTALA,ASTALA,1
ASTELLA,ASTELLA,2
ASTER,ASTER,6
ASTERIA,ASTERIA,1
ASTHRA,ASTHRA,1
ASTON,ASTON,5
ASTOR,ASTOR,2
ASTORIA,ASTORIA,2
ASTOU,ASTOU,1
ASTRA,ASTRA,6
ASTRAEA,ASTRAEA,4
ASTRAIOS,ASTRAIOS,1
ASTRID,ASTRID,32
ASTRO,ASTRO,4
ASTRUM,ASTRUM,1
ASUN,ASUN,1
ASWA,ASWA,1
ASWAA,ASWAA,1
ASY,ASY,1
ASYA,ASYA,3
ATALA,ATALA,1
ATALAYAH,ATALAYAH,1
ATALIA,ATALIA,3
ATALIE,ATALIE,2
ATARAH,ATARAH,1
ATEEB,ATEEB,1
ATEKA,ATEKA,1
ATELAINY,ATELAINY,1
ATEM,ATEM,1
ATENA,ATENA,2
ATENEA,ATENEA,1
ATERRION,ATERRION,1
ATHALIA,ATHALIA,3
ATHAN,ATHAN,4
ATHANASIUS,ATHANASIUS,1
ATHAR,ATHAR,1
ATHARV,ATHARV,31
ATHARV MAHAA,ATHARV MAHAA,1
ATHARV SINGH,ATHARV SINGH,1
ATHARV SKANDA,ATHARV SKANDA,1
ATHARVA,ATHARVA,4
ATHEENA,ATHEENA,1
ATHEER,ATHEER,1
ATHELIAH,ATHELIAH,1
ATHEN,ATHEN,1
ATHENA,ATHENA,124
ATHENEA,ATHENEA,1
ATHEREAL,ATHEREAL,1
ATHIA,ATHIA,1
ATHIER,ATHIER,1
ATHIRA,ATHIRA,2
ATHIRAN,ATHIRAN,2
ATHIRAN ADHIT,ATHIRAN ADHIT,1
ATHIUS,ATHIUS,1
ATHONIS,ATHONIS,1
ATHOS,ATHOS,1
ATHREYA,ATHREYA,1
ATHUL,ATHUL,2
ATHULAN,ATHULAN,1
ATHYR,ATHYR,1
ATHZMIRY,ATHZMIRY,1
ATIANA,ATIANA,1
ATIKSH,ATIKSH,1
ATILANO,ATILANO,1
ATIYA,ATIYA,1
ATLANNY,ATLANNY,1
ATLANTIS,ATLANTIS,2
ATLAS,ATLAS,130
ATLAS RIVER,ATLAS RIVER,1
ATLEE,ATLEE,3
ATLER,ATLER,1
ATLEY,ATLEY,3
ATOM,ATOM,4
ATON,ATON,1
ATREUS,ATREUS,13
ATREYU,ATREYU,3
ATTALIA,ATTALIA,1
ATTEN,ATTEN,1
ATTHI VARADHAN,ATTHI VARADHAN,1
ATTICA,ATTICA,1
ATTICUS,ATTICUS,56
ATTICUS FAYE,ATTICUS FAYE,1
ATTIE,ATTIE,1
ATTILA,ATTILA,1
ATTILIA,ATTILIA,1
ATTLEY,ATTLEY,1
ATTY,ATTY,1
ATUL,ATUL,1
ATULA,ATULA,1
ATULYA,ATULYA,1
ATZEL,ATZEL,2
ATZHIRY,ATZHIRY,1
ATZI,ATZI,2
ATZIRI,ATZIRI,2
ATZIRY,ATZIRY,2
ATZMIRY,ATZMIRY,1
AU'BRIYELLE,AU'BRIYELLE,1
AUBONNIE,AUBONNIE,1
AUBRE,AUBRE,1
AUBREE,AUBREE,41
AUBREEANN,AUBREEANN,1
AUBREEY,AUBREEY,1
AUBREIGH,AUBREIGH,3
AUBREY,AUBREY,125
AUBRI,AUBRI,2
AUBRIANNA,AUBRIANNA,1
AUBRIE,AUBRIE,8
AUBRIEE,AUBRIEE,2
AUBRIELLA,AUBRIELLA,10
AUBRIELLE,AUBRIELLE,13
AUBRION,AUBRION,1
AUBRYN,AUBRYN,1
AUBURN,AUBURN,1
AUDACITY,AUDACITY,1
AUDELIA,AUDELIA,2
AUDELINA,AUDELINA,1
AUDEN,AUDEN,7
AUDI,AUDI,1
AUDIE,AUDIE,4
AUDIEL,AUDIEL,1
AUDRA,AUDRA,8
AUDRE,AUDRE,1
AUDREANNA,AUDREANNA,1
AUDREE,AUDREE,5
AUDREY,AUDREY,180
AUDREYANA,AUDREYANA,1
AUDRI,AUDRI,1
AUDRIANA,AUDRIANA,5
AUDRIANNA,AUDRIANNA,2
AUDRIC,AUDRIC,1
AUDRIE,AUDRIE,1
AUDRINA,AUDRINA,7
AUDRITA,AUDRITA,1
AUDRIYANA,AUDRIYANA,1
AUDRY,AUDRY,1
AUDRYANA,AUDRYANA,1
AUDYSSEY,AUDYSSEY,1
AUGEN,AUGEN,1
AUGEY,AUGEY,1
AUGGI,AUGGI,1
AUGGIE,AUGGIE,2
AUGIE,AUGIE,3
AUGIN,AUGIN,1
AUGUST,AUGUST,208
AUGUSTA,AUGUSTA,5
AUGUSTE,AUGUSTE,1
AUGUSTIN,AUGUSTIN,3
AUGUSTINA,AUGUSTINA,1
AUGUSTINE,AUGUSTINE,29
AUGUSTO,AUGUSTO,3
AUGUSTO JOHN,AUGUSTO JOHN,1
AUGUSTUS,AUGUSTUS,53
AULANI,AULANI,2
AULORA,AULORA,1
AULSTON,AULSTON,1
AUM,AUM,1
AUMERE,AUMERE,1
AUMIELLE,AUMIELLE,1
AUMRI,AUMRI,1
AUN,AUN,1
AUNDREA,AUNDREA,1
AUNER,AUNER,2
AUNESTY,AUNESTY,1
AUNNALISE,AUNNALISE,1
AUNNI,AUNNI,1
AUNUSTI,AUNUSTI,1
AUNYSTI,AUNYSTI,1
AUNYX,AUNYX,1
AURA,AURA,12
AURA JANE,AURA JANE,1
AURANGZEB,AURANGZEB,1
AUREAH,AUREAH,1
AUREANA,AUREANA,1
AURELIA,AURELIA,38
AURELIAN,AURELÌAN,1
AURELIANO,AURELIANO,1
AURELIE,AURELIE,3
AURELIO,AURELIO,26
AURELIUS,AURELIUS,6
AURI,AURI,2
AURIA,AURIA,2
AURIANA,AURIANA,1
AURIANNA,AURIANNA,2
AURIAS,AURIAS,1
AURIC,AURIC,1
AURIE,AURIE,2
AURIE'MARIE,AURIE'MARIE,1
AURIEL,AURIEL,1
AURIELLE,AURIELLE,1
AURION,AURION,1
AURLIANNA,AURLIANNA,1
AURMANI,AURMANI,1
AUROCHS,AUROCHS,1
AURON,AURON,3
AURORA,AURORA,226
AURORA JANE,AURORA JANE,1
AURORA MARIE,AURORA MARIE,1
AURORA-JOELLE,AURORA-JOELLE,1
AURORRA,AURORRA,1
AURUM,AURUM,1
AURY,AURY,1
AURYELLE,AURYELLE,1
AURYN,AURYN,1
AUSAR,AUSAR,3
AUSET,AUSET,1
AUSHA,AUSHA,1
AUSHEN,AUSHEN,1
AUSITN,AUSITN,1
AUSLYNN,AUSLYNN,1
AUSTEN,AUSTEN,11
AUSTIN,AUSTIN,238
AUSTINA,AUSTINA,1
AUSTYN,AUSTYN,12
AUSWYN,AUSWYN,1
AUTRY,AUTRY,1
AUTTOM,AUTTOM,1
AUTUMN,AUTUMN,114
AUXENCE,AUXENCE,1
AUZINEE,AUZINEE,1
AUZTYEN,AUZTYEN,1
AV'RELL,AV'RELL,1
AV'RIE,AV'RIE,1
AVA,AVA,441
AVA CORALINE,AVA CORALINE,1
AVA LEE,AVA LEE,1
AVA MONICA,AVA MONICA,1
AVA ROSE,AVA ROSE,1
AVA VIOLET,AVA VIOLET,1
AVA-RENEE,AVA-RENEE,1
AVAA,AVAA,1
AVAANYAA,AVAANYAA,1
AVADH,AVADH,2
AVAE',AVAE',1
AVAGRACE,AVAGRACE,1
AVAH,AVAH,12
AVAIAH,AVAIAH,2
AVAIYAH,AVAIYAH,2
AVALEE,AVALEE,3
AVALEIGH,AVALEIGH,2
AVALENE,AVALENE,1
AVALIE,AVALIE,1
AVALINA,AVALINA,1
AVALON,AVALON,9
AVALYN,AVALYN,8
AVALYNN,AVALYNN,8
AVAN,AVAN,6
AVANDIA,AVANDIA,1
AVANGALEEN,AVANGALEEN,1
AVANI,AVANI,21
AVANI SHREE,AVANI SHREE,1
AVANTHI,AVANTHI,1
AVANTI,AVANTI,3
AVANTIKA,AVANTIKA,1
AVANYA,AVANYA,2
AVARIE,AVARIE,1
AVARY,AVARY,2
AVAY,AVAY,1
AVAYA,AVAYA,3
AVAYAH,AVAYAH,5
AVE,AVE,4
AVEA,AVEA,1
AVEEN,AVEEN,1
AVEER,AVEER,3
AVEER RAJ,AVEER RAJ,1
AVEERA,AVEERA,1
AVEERAH,AVEERAH,1
AVELI,AVELI,1
AVELIA,AVELIA,1
AVELINA,AVELINA,3
AVELINE,AVELINE,4
AVELLI,AVELLI,1
AVELY,AVELY,1
AVELYN,AVELYN,4
AVELYNE,AVELYNE,1
AVEN,AVEN,3
AVEON,AVEON,1
AVERETT,AVERETT,1
AVEREY,AVEREY,1
AVERI,AVERI,10
AVERIANNA,AVERIANNA,2
AVERIE,AVERIE,12
AVERIELLE,AVERIELLE,1
AVERLEE,AVERLEE,1
AVERLEIGH,AVERLEIGH,2
AVERLY,AVERLY,2
AVERROES,AVERROES,1
AVERY,AVERY,382
AVERY ROSE,AVERY ROSE,1
AVERY'ON,AVERY'ON,1
AVESTA,AVESTA,1
AVETT,AVETT,3
AVEY,AVEY,1
AVEYA,AVEYA,3
AVEYAH,AVEYAH,1
AVI,AVI,20
AVIA,AVIA,4
AVIAN,AVIAN,2
AVIANA,AVIANA,22
AVIANA-ANN,AVIANA-ANN,1
AVIANAH,AVIANAH,2
AVIANNA,AVIANNA,33
AVIANNA JUNE,AVIANNA JUNE,1
AVIANNAH,AVIANNAH,3
AVIANNI,AVIANNI,1
AVID,AVID,1
AVIE,AVIE,2
AVIEL,AVIEL,5
AVIELLA,AVIELLA,4
AVIELLE,AVIELLE,1
AVIERRE,AVIERRE,1
AVIGAIL,AVIGAIL,5
AVIGAYIL,AVIGAYIL,1
AVIIANA,AVIIANA,1
AVIJAY,AVIJAY,1
AVIK,AVIK,7
AVIK REDDY,AVIK REDDY,1
AVIKA,AVIKA,4
AVIKSHA,AVIKSHA,1
AVILA,AVILA,2
AVILEY,AVILEY,1
AVILYN,AVILYN,1
AVIN,AVIN,3
AVIN REDDY,AVIN REDDY,1
AVINA,AVINA,4
AVINAH,AVINAH,2
AVINLEY,AVINLEY,1
AVINNA,AVINNA,1
AVION,AVÍON,1
AVIONA,AVIONA,1
AVIONNA,AVIONNA,1
AVIR,AVIR,7
AVIRA,AVIRA,6
AVIRAAJ,AVIRAAJ,1
AVIRAJ,AVIRAJ,2
AVISHAI,AVISHAI,1
AVITAL,AVITAL,1
AVIV,AVIV,3
AVIVA,AVIVA,6
AVIYA,AVIYA,1
AVIYAN,AVIYAN,1
AVIYANA,AVIYANA,1
AVIYANNA,AVIYANNA,1
AVLEEN,AVLEEN,1
AVNI,AVNI,14
AVNOOR,AVNOOR,1
AVONDR'E,AVONDR'E,1
AVONDRAE,AVONDRAE,1
AVONLEA,AVONLEA,3
AVORI,AVORI,1
AVORY,AVORY,2
AVRA,AVRA,2
AVRAHAM,AVRAHAM,1
AVRETT,AVRETT,1
AVREY,AVREY,1
AVRI,AVRI,4
AVRIL,AVRIL,2
AVRY,AVRY,3
AVRYL,AVRYL,1
AVRYLEE,AVRYLEE,1
AVY,AVY,1
AVYA,AVYA,3
AVYAAN,AVYAAN,43
AVYAAN RAM,AVYAAN RAM,1
AVYAAN SAI,AVYAAN SAI,1
AVYAN,AVYAN,16
AVYANA,AVYANA,4
AVYANAH,AVYANAH,1
AVYANNA,AVYANNA,3
AVYAY,AVYAY,5
AVYUKT,AVYUKT,9
AVYUKTA,AVYUKTA,2
AVYUKTH,AVYUKTH,12
AVYUKTH RAM,AVYUKTH RAM,1
AWDREX,AWDREX,1
AWE,AWE,1
AWN,AWN,1
AWNGLAWT,AWNGLAWT,1
AXARA,AXARA,1
AXAVIER,AXAVIER,1
AXCEL,AXCEL,3
AXE,AXE,2
AXEL,AXEL,257
AXEL ARIEL,AXEL ARIEL,1
AXEL EMMANUEL,AXEL EMMANUEL,1
AXEL JACOB GABRIEL,AXEL JACOB GABRIEL,1
AXELL,AXELL,2
AXELL-JAMES,AXELL-JAMES,1
AXELYN,AXELYN,1
AXFORD,AXFORD,1
AXIEL,AXIEL,1
AXL,AXL,8
AXLE,AXLE,3
AXSOUL,AXSOUL,1
AXTEN,AXTEN,1
AXTON,AXTON,11
AXTYN,AXTYN,1
AXYL,AXYL,2
AXYLE,AXYLE,1
AXZEL,AXZEL,1
AXZIEL,AXZIEL,1
AY'LANI,AY'LANI,1
AYA,AYA,18
AYAAN,AYAAN,45
AYAAN RAM,AYAAN RAM,1
AYAAN REDDY,AYAAN REDDY,2
AYAAN SAI,AYAAN SAI,1
AYAANSH,AYAANSH,9
AYAH,AYAH,11
AYAHNA,AYAHNA,1
AYALA,AYALA,1
AYAN,AYAN,28
AYANA,AYANA,6
AYANAH,AYANAH,1
AYANE,AYANÉ,1
AYANI,AYANI,2
AYANIS,AYANIS,1
AYANNA,AYANNA,6
AYANNAH,AYANNAH,1
AYANSH,AYANSH,14
AYANSH GOUD,AYANSH GOUD,1
AYANSH RAJ,AYANSH RAJ,1
AYANSHI,AYANSHI,1
AYAT,AYAT,2
AYBAK,AYBAK,1
AYBRIANAH,AYBRIANAH,1
AYCE,AYCE,5
AYCHA,AYCHA,1
AYDA,AYDA,2
AYDAH,AYDAH,1
AYDALEYA,AYDALEYA,1
AYDAN,AYDAN,4
AYDE,AYDE,1
AYDEEN,AYDEEN,1
AYDEN,AYDEN,122
AYDEN CAEL,AYDEN CAEL,1
AYDEN EMMANUEL,AYDEN EMMANUEL,1
AYDEN LEE,AYDEN LEE,1
AYDENN,AYDENN,1
AYDIAN,AYDIAN,1
AYDIN,AYDIN,10
AYDON,AYDON,2
AYDRIEL,AYDRIEL,1
AYELEN,AYELEN,3
AYELET,AYELET,2
AYELI,AYELI,1
AYERA,AYERA,1
AYESHA,AYESHA,9
AYESHA RAHIMA,AYESHA RAHIMA,1
AYESON',AYESON',1
AYEZA,AYEZA,3
AYILA,AYILA,1
AYILE OXAI,AYILE OXAI,1
AYINI,AYINI,1
AYISHA,AYISHA,1
AYLA,AYLA,92
AYLA-CAYDE,AYLA-CAYDE,1
AYLAH,AYLAH,4
AYLAN,AYLAN,5
AYLANEE,AYLANEE,1
AYLANI,AYLANI,16
AYLANIS,AYLANIS,1
AYLAR,AYLAR,1
AYLEE,AYLEE,1
AYLEEN,AYLEEN,27
AYLEM,AYLEM,1
AYLEN,AYLEN,12
AYLENE,AYLENE,1
AYLENI,AYLENI,1
AYLER,AYLER,1
AYLETH,AYLETH,1
AYLI,AYLI,1
AYLIANA,AYLIANA,1
AYLIN,AYLIN,88
AYLINN,AYLINN,5
AYLINNE,AYLINNE,1
AYLIRIA,AYLIRIA,1
AYLISH,AYLISH,1
AYLLA,AYLLA,1
AYMAN,AYMAN,5
AYMAR,AYMAR,1
AYMEN,AYMEN,2
AYMIR,AYMIR,1
AYNA,AYNA,1
AYNARA,AYNARA,3
AYNHOA,AYNHOA,1
AYNOHA,AYNOHA,1
AYO,AYO,1
AYO'OLUWA,AYO'OLUWA,1
AYODEJI,AYODEJI,1
AYODOLA,AYODOLA,1
AYOMIDE,AYOMIDE,2
AYOMIPOSI,AYOMIPOSI,1
AYONII,AYONII,1
AYOTUNDE,AYOTUNDE,1
AYOTZIN,AYOTZIN,1
AYOUB,AYOUB,1
AYOWANDE,AYOWANDE,1
AYRA,AYRA,27
AYRA SHIVA,AYRA SHIVA,1
AYRAD,AYRAD,1
AYREBELLA,AYREBELLA,1
AYREEN,AYREEN,1
AYRELLE,AYRELLE,1
AYREN,AYREN,1
AYRENN,AYRENN,1
AYRES,AYRES,1
AYRIN,AYRIN,1
AYRIS,AYRIS,1
AYRN,AYRN,1
AYRO,AYRO,1
AYRTON,AYRTON,2
AYSE,AYSE,2
AYSEL,AYSEL,9
AYSHA,AYSHA,4
AYSHER,AYSHER,1
AYSIA,AYSIA,2
AYSLIN,AYSLIN,1
AYSON,AYSON,2
AYTANA,AYTANA,2
AYTANNA,AYTANNA,1
AYTZEL,AYTZEL,2
AYUKTA,AYUKTA,1
AYUSH,AYUSH,3
AYUSHI,AYUSHI,1
AYUSHMA,AYUSHMA,1
AYUSHMAN,AYUSHMAN,1
AYV,AYV,1
AYVA,AYVA,11
AYVAH,AYVAH,5
AYVAN,AYVAN,1
AYVEN,AYVEN,5
AYVIANA,AYVIANA,1
AYZA,AYZA,1
AYZAL,AYZAL,6
AYZAL FARRHEEN,AYZAL FARRHEEN,1
AYZEE,AYZEE,1
AYZEL,AYZEL,1
AYZIEL,AYZIEL,1
AYZIN,AYZIN,1
AYZLEE,AYZLEE,1
AZA,AZA,2
AZA'LIYHA,AZA'LIYHA,1
AZA'RIAH,AZA'RIAH,1
AZAAD,AZAAD,1
AZAAN,AZAAN,1
AZAD,AZAD,1
AZAEA SOL,AZAEA SOL,1
AZAEL,AZAEL,17
AZAELIA,AZAELIA,1
AZAELIAH,AZAELIAH,1
AZAHARA,AZAHARA,1
AZAI,AZAI,2
AZAIAH,AZAIAH,4
AZAILIA,AZAILIA,1
AZAIO,AZAIO,1
AZAIR,AZAIR,1
AZALAYA,AZALAYA,1
AZALEA,AZALEA,41
AZALEAH,AZALEAH,1
AZALEUS,AZALEUS,1
AZALEYA,AZALEYA,1
AZALIA,AZALIA,4
AZALYNN,AZALYNN,1
AZAN,AZAN,2
AZANI,AZANI,1
AZANIAH,AZANIAH,2
AZAR,AZAR,1
AZARA,AZARA,3
AZARAE,AZARAE,1
AZARAH,AZARAH,1
AZARI,AZARI,13
AZARIA,AZARIA,6
AZARIAH,AZARIAH,28
AZARIAS,AZARIAS,2
AZARIE,AZARIE,1
AZARIEL,AZARIEL,1
AZARIUS,AZARIUS,1
AZARIYAH,AZARIYAH,1
AZAYAH,AZAYAH,1
AZAYE,AZAYÉ,1
AZAYIA,AZAYIA,1
AZAYLA,AZAYLA,1
AZAYLEA,AZAYLEA,1
AZAYLI,AZAYLI,1
AZAYLIA,AZAYLIA,1
AZAZEL,AZAZEL,1
AZBAH,AZBAH,1
AZDINE,AZDINE,1
AZEAH,AZEAH,1
AZEEZ,AZEEZ,1
AZEIL,AZEIL,2
AZEKIEL,AZEKIEL,4
AZEL,AZEL,4
AZELIA,AZELIA,3
AZELIE,AZELIE,2
AZELIYA,AZELIYA,1
AZELLA,AZELLA,1
AZELLIA,AZELLIA,1
AZENETH,AZENETH,4
AZER,AZER,1
AZERIAH,AZERIAH,1
AZGARD,AZGARD,1
AZHANE,AZHANE,1
AZHANI,AZHANI,2
AZHULA,AZHULA,1
AZIAH,AZIAH,6
AZIAN,AZIAN,1
AZIEL,AZIEL,44
AZIELIE,AZIELIE,1
AZIELLUKE,AZIELLUKE,1
AZIL,AZIL,1
AZILAH,AZILAH,1
AZIM,AZIM,2
AZIR,AZIR,1
AZIYAH,AZIYAH,1
AZIZA,AZIZA,2
AZKA,AZKA,2
AZLAN,AZLAN,9
AZLIN,AZLIN,3
AZLYNN,AZLYNN,2
AZMA,AZMA,1
AZMARIAH,AZMARIAH,1
AZMEEL,AZMEEL,1
AZMINA,AZMINA,1
AZMOON,AZMOON,2
AZRA,AZRA,1
AZRAEL,AZRAEL,22
AZRAELLA,AZRAELLA,1
AZRAH,AZRAH,1
AZRAHNAE,AZRAHNAE,1
AZRAN,AZRAN,1
AZRIA,AZRIA,1
AZRIEL,AZRIEL,15
AZRIELLA,AZRIELLA,1
AZRIELLE,AZRIELLE,1
AZRIN FATHIMA,AZRIN FATHIMA,1
AZTLAN,AZTLAN,1
AZUCENA,AZUCENA,3
AZUL,AZUL,11
AZULA,AZULA,3
AZUR,AZUR,1
AZURA,AZURA,2
AZURE,AZURE,5
AZURI,AZURI,1
AZURIAH,AZURIAH,1
AZYLA,AZYLA,2
AZYRA,AZYRA,1
AZZAM,AZZAM,1
AZZI,AZZI,1
AZZY,AZZY,1
BA'KARI,BA'KARI,1
BAANI,BAANI,2
BAASIM,BAASIM,1
BABASEYI,BABASEYI,1
BABETTE,BABETTE,1
BACH,BACH,1
BACHIR,BACHIR,1
BACILISO,BACILISO,1
BADEN,BADEN,1
BADER,BADER,1
BADR,BADR,1
BADRALDIN,BADRALDIN,1
BAELON,BAELON,1
BAELYNN,BAELYNN,1
BAER,BAER,2
BAHAAR,BAHAAR,1
BAHAR,BAHAR,1
BAHAUDDIN,BAHAUDDIN,1
BAHEER,BAHEER,1
BAHIR,BAHIR,1
BAHIYYIH,BAHIYYIH,1
BAHRAM,BAHRAM,1
BAIHAO,BAIHAO,1
BAILA,BAILA,1
BAILEE,BAILEE,5
BAILEIGH,BAILEIGH,1
BAILEY,BAILEY,70
BAILIE,BAILIE,1
BAIN,BAIN,2
BAINDHAMILMAGILAN,BAINDHAMILMAGILAN,1
BAINE,BAINE,1
BAINES,BAINES,1
BAKAR,BAKAR,1
BAKARY,BAKARY,1
BAKER,BAKER,25
BALA'M,BALA'M,1
BALADITYAREDDY,BALADITYAREDDY,1
BALBINA,BALBINA,1
BALDEMAR,BALDEMAR,2
BALDOMERO,BALDOMERO,1
BALDRIC,BALDRIC,1
BALDWIN,BALDWIN,1
BALEIGH,BALEIGH,1
BALI,BALI,1
BALIGHTUS,BALIGHTUS,1
BALTAZAR,BALTAZAR,5
BALTHAZAR,BALTHAZAR,2
BAMLAK,BAMLAK,2
BANDER,BANDER,1
BANDON,BANDON,1
BANE,BANE,2
BANGALY,BANGALY,1
BANI,BANI,1
BANKS,BANKS,34
BANKSY,BANKSY,1
BANNER,BANNER,3
BANNON,BANNON,1
BANSRI,BANSRI,1
BANX,BANX,1
BANYAN,BANYAN,2
BAPTISTE,BAPTISTE,1
BAQIR,BAQIR,1
BAR,BAR,1
BARAK,BARAK,1
BARAKA,BARAKA,3
BARAN,BARAN,1
BARBARA,BARBARA,16
BARBARA,BÁRBARA,3
BARCLAY,BARCLAY,1
BARDOT,BARDOT,1
BAREEN,BAREEN,1
BARIN,BARIN,1
BARKON,BARKON,1
BARKOT,BARKOT,2
BARNES,BARNES,1
BARON,BARON,5
BARRET,BARRET,2
BARRETT,BARRETT,86
BARRON,BARRON,4
BARROW,BARROW,1
BARRY,BARRY,2
BARSAM,BARSAM,1
BARTHOLOMEW,BARTHOLOMEW,6
BARTON,BARTON,3
BARUCH,BARUCH,1
BARUN,BARUN,1
BASARAB,BASARAB,1
BASCH,BASCH,1
BASCOM,BASCOM,1
BASEM,BASEM,1
BASH,BASH,2
BASHEM,BASHEM,1
BASHER,BASHER,1
BASIL,BASIL,7
BASILIA,BASILIA,1
BASILISO,BASILISO,1
BASIRA NOUR,BASIRA NOUR,1
BASIT,BASIT,1
BASMA,BASMA,2
BASSAM,BASSAM,1
BASSEL,BASSEL,1
BASSILL,BASSILL,1
BASTIAAN,BASTIAAN,1
BASTIAN,BASTIAN,11
BASTIAN,BÁSTIAN,1
BASTIEN,BASTIEN,4
BASTION,BASTION,2
BAUER,BAUER,2
BAUTISTA,BAUTISTA,1
BAX,BAX,1
BAXTER,BAXTER,3
BAYAN,BAYAN,4
BAYANE,BAYANE,1
BAYLA,BAYLA,1
BAYLEE,BAYLEE,9
BAYLER,BAYLER,2
BAYLEY,BAYLEY,3
BAYLI,BAYLI,1
BAYLOR,BAYLOR,14
BAYRON,BAYRON,3
BB,BB,1
BEA,BEA,4
BEAR,BEAR,18
BEARETT,BEARETT,2
BEATRICE,BEATRICE,35
BEATRICE,BEÁTRICE,1
BEATRIX,BEATRIX,16
BEATRIZ,BEATRIZ,19
BEATRIZ BARBARA,BEATRIZ BARBARA,1
BEAU,BEAU,134
BEAU TUCKER,BEAU TUCKER,1
BEAUDEN,BEAUDEN,3
BEAUMONT,BEAUMONT,1
BEAUREGARD,BEAUREGARD,2
BEAUTI,BEAUTI,1
BEAUX,BEAUX,18
BEAUXMONT,BEAUXMONT,1
BEAUXREGARD,BEAUXREGARD,1
BEBE AYESHA,BEBE AYESHA,1
BEBEE,BEBEE,1
BECCA,BECCA,2
BECK,BECK,13
BECKA,BECKA,1
BECKAM,BECKAM,2
BECKER,BECKER,2
BECKET,BECKET,3
BECKETT,BECKETT,96
BECKHAM,BECKHAM,75
BECKHAM RACHELLE,BECKHAM RACHELLE,1
BECKLEY,BECKLEY,1
BECKS,BECKS,1
BECKY,BECKY,2
BECSY,BECSY,1
BEHR,BEHR,3
BEHRNS,BEHRNS,1
BEIGH,BEIGH,1
BEIJA,BEIJA,1
BEIRY,BEIRY,1
BEIYI,BEIYI,1
BEKNIYAZ,BEKNIYAZ,1
BEKSLEY,BEKSLEY,1
BELA,BELA,1
BELA,BELÁ,1
BELADE,BÉLADÉ,1
BELANY,BELANY,1
BELEM,BELEM,1
BELEN,BELEN,12
BELEN,BELÉN,9
BELIAL,BELIAL,1
BELICIA,BELICIA,1
BELINDA,BELINDA,5
BELIZA,BELIZA,1
BELIZCIA,BELIZCIA,1
BELKIS,BELKIS,1
BELKY,BELKY,1
BELL,BELL,1
BELLA,BELLA,133
BELLA ROSSI,BELLA ROSSÍ,1
BELLA'LUNA,BELLA'LUNA,1
BELLA-ROSE,BELLA-ROSE,1
BELLADONNA,BELLADONNA,1
BELLAKAI,BELLAKAI,1
BELLAMIE,BELLAMIE,1
BELLAMY,BELLAMY,25
BELLANIRA,BELLANIRA,1
BELLANY,BELLANY,1
BELLATRIX,BELLATRIX,2
BELLAYA,BELLAYA,1
BELLE,BELLE,10
BELLEAMIE,BELLEAMIE,1
BELLEMY,BELLEMY,2
BELLINAY,BELLINAY,1
BELLOMY,BELLOMY,1
BELLS,BELLS,1
BELOVED,BELOVED,1
BELY,BELY,1
BEMENT,BEMENT,1
BEMNET,BEMNET,2
BEN,BEN,19
BEN-HUR,BEN-HUR,1
BENAIAH,BENAIAH,2
BENDER,BENDER,1
BENEA,BENEA,1
BENEDICT,BENEDICT,8
BENEDICTA,BENEDICTA,1
BENGE,BENGE,1
BENHAM,BENHAM,1
BENI,BENI,2
BENICIO,BENICIO,29
BENIGNO,BENIGNO,1
BENISHA,BENISHA,1
BENITA,BENITA,1
BENITO,BENITO,5
BENJA,BENJA,1
BENJAMIN,BENJAMIN,554
BENJAMIN,BENJAMÍN,3
BENJERMIN,BENJERMIN,1
BENJI,BENJI,3
BENJIMAN,BENJIMAN,2
BENNET,BENNET,1
BENNETT,BENNETT,185
BENNIE,BENNIE,6
BENNU,BENNU,1
BENNY,BENNY,4
BENSEN,BENSEN,2
BENSLEE,BENSLEE,1
BENSON,BENSON,18
BENTLEE,BENTLEE,5
BENTLEY,BENTLEY,54
BENTLEY-ROSE,BENTLEY-ROSE,1
BENTON,BENTON,2
BENTZION,BENTZION,1
BENYAS,BENYAS,1
BEPISA,BEPISA,1
BERA,BERA,1
BEREKET,BEREKET,1
BEREKIA,BEREKIA,1
BEREN,BEREN,3
BERENGER,BERENGER,1
BERENICE,BERENICE,7
BERENISHE,BERENISHE,1
BERGEN,BERGEN,1
BERGER,BERGER,1
BERIT,BERIT,1
BERKELEY,BERKELEY,14
BERKLEE,BERKLEE,4
BERKLEIGH,BERKLEIGH,1
BERKLEY,BERKLEY,8
BERLIEVER,BERLIEVER,1
BERLIN,BERLIN,4
BERLYN,BERLYN,1
BERLYNN,BERLYNN,2
BERNABE,BERNABE,2
BERNADETTE,BERNADETTE,13
BERNARD,BERNARD,5
BERNARDINO,BERNARDINO,1
BERNARDO,BERNARDO,10
BERNHARDT,BERNHARDT,1
BERNICE,BERNICE,2
BERTHA,BERTHA,4
BERTIE,BERTIE,3
BERTIN,BERTIN,1
BESIE,BESIE,1
BESS,BESS,2
BETHANEE,BETHANEE,1
BETHANIE,BETHANIE,1
BETHANNI,BETHANNI,1
BETHANY,BETHANY,29
BETHEL,BETHEL,8
BETHSABE,BETHSABE,1
BETHSAIDA,BETHSAIDA,1
BETHZABEL,BETHZABEL,1
BETHZALY,BETHZALY,1
BETO,BETO,1
BETSABE,BETSABE,4
BETSABEL,BETSABEL,1
BETSELOT,BETSELOT,2
BETSY,BETSY,4
BETTE,BETTE,2
BETTIE,BETTIE,1
BETTY,BETTY,17
BETZABE,BETZABE,1
BETZAIDA,BETZAIDA,1
BETZAYRA,BETZAYRA,1
BETZY,BETZY,1
BEVERLEY,BEVERLEY,1
BEVERLY,BEVERLY,10
BEVERLYN,BEVERLYN,1
BEVY,BEVY,1
BEXAR,BEXAR,2
BEXLEE,BEXLEE,2
BEXLEI,BEXLEI,1
BEXLEIGH,BEXLEIGH,1
BEXLEY,BEXLEY,7
BEYANI,BEYANI,1
BEYLA,BEYLA,1
BEYLIN,BEYLIN,1
BEZAWIT,BEZAWIT,1
BHAAVIKA,BHAAVIKA,1
BHAGYADA,BHAGYADA,1
BHAGYASRI,BHAGYASRI,1
BHAKTI,BHAKTI,1
BHARGAV,BHARGAV,2
BHARGAVARAM,BHARGAVARAM,1
BHARGAVI,BHARGAVI,2
BHAVANYA,BHAVANYA,1
BHAVIKA,BHAVIKA,1
BHAVYA,BHAVYA,1
BHEEM,BHEEM,1
BHIVAN,BHIVAN,1
BHUMI,BHUMI,1
BHUVAN,BHUVAN,1
BHUVANA,BHUVANA,1
BHUVANIKAREDDY,BHUVANIKAREDDY,1
BHUVI,BHUVI,1
BHUVIKA,BHUVIKA,1
BIANCA,BIANCA,38
BIANEL,BIANEL,1
BIANKA,BIANKA,4
BIANNEY,BIANNEY,1
BIBBY,BIBBY,1
BIBI,BIBI,2
BIBI AISHA,BIBI AISHA,2
BIBI HAJIRA,BIBI HAJIRA,1
BIBI MARINA,BIBI MARINA,1
BIBI SHAIESTA,BIBI SHAIESTA,1
BIBIANNA,BIBIANNA,1
BICTOR,BICTOR,1
BIDEN,BIDEN,1
BIDHAN,BIDHAN,1
BIEL,BIEL,1
BIGG,BIGG,1
BIJON,BIJON,1
BIKALPA,BIKALPA,1
BILAL,BILAL,4
BILAWAL,BILAWAL,1
BILEN,BILEN,1
BILGE,BILGE,1
BILLIE,BILLIE,26
BILLY,BILLY,9
BILLY JACK,BILLY JACK,1
BILLY JOE,BILLY JOE,1
BILLY'E,BILLY'E,1
BIMORI,BIMORI,1
BINDU,BINDU,1
BINNIE,BINNIE,1
BINTA,BINTA,1
BINYAMEEN,BINYAMEEN,1
BIOSIO,BIOSIO,1
BIPIN KRISHNA,BIPIN KRISHNA,1
BIRANE,BIRANE,1
BIRDI,BIRDI,1
BIRDIE,BIRDIE,38
BIRDIE LILIANA,BIRDIE LILIANA,1
BIRDY,BIRDY,1
BIRUH,BIRUH,1
BIRUK,BIRUK,1
BISHOP,BISHOP,14
BISTIROSE,BISTIROSE,1
BITANIA,BITANIA,1
BIURLYN,BIURLYN,1
BIXBY,BIXBY,2
BJORN,BJORN,8
BJORN,BJÖRN,4
BK,BK,1
BLADIMIR,BLADIMIR,1
BLAIKLEY,BLAIKLEY,1
BLAINE,BLAINE,8
BLAIR,BLAIR,49
BLAIRE,BLAIRE,8
BLAISE,BLAISE,13
BLAIZE,BLAIZE,3
BLAKE,BLAKE,141
BLAKELEE,BLAKELEE,5
BLAKELEY,BLAKELEY,2
BLAKELY,BLAKELY,48
BLAKELYNN,BLAKELYNN,1
BLAKLEY,BLAKLEY,2
BLANCA,BLANCA,15
BLANE,BLANE,1
BLANTON,BLANTON,1
BLAS,BLAS,2
BLASIANN,BLASIANN,1
BLAYKE,BLAYKE,5
BLAYKLEY,BLAYKLEY,1
BLAYNE,BLAYNE,5
BLAYZE,BLAYZE,3
BLAZ'IN,BLAZ'IN,1
BLAZE,BLAZE,15
BLEINIER,BLEINIER,1
BLESS,BLESS,1
BLESSED,BLESSED,1
BLESSENCE,BLESSENCE,1
BLESSIN,BLESSIN,2
BLESSING,BLESSING,5
BLEU,BLEU,1
BLISS,BLISS,3
BLOOM,BLOOM,3
BLOSOM,BLOSOM,1
BLOSSOM,BLOSSOM,1
BLU,BLU,8
BLUE,BLUE,8
BLUE JAY,BLUE JAY,1
BLUE SKYE,BLUE SKYE,2
BLUE'RAIN,BLUE'RAIN,1
BLUEBERRY,BLUEBERRY,1
BLUES,BLUES,1
BLYTHE,BLYTHE,8
BLYTHE-BELLE,BLYTHE-BELLE,1
BO,BO,18
BO'NITTA,BO'NITTA,1
BOAZ,BOAZ,12
BOB,BOB,1
BOBBE,BOBBE,1
BOBBI,BOBBI,4
BOBBI RAY,BOBBI RAY,1
BOBBIE,BOBBIE,2
BOBBIEJEAN,BOBBIEJEAN,1
BOBBY,BOBBY,7
BODE,BODE,13
BODEE,BODEE,2
BODEMER,BODEMER,1
BODEN,BODEN,9
BODEY,BODEY,1
BODHE,BODHE,1
BODHI,BODHI,73
BODHIN,BODHIN,1
BODI,BODI,3
BODIE,BODIE,24
BOEDY,BOEDY,2
BOEN,BOEN,2
BOEVI,BOEVI,1
BOGDAN,BOGDAN,1
BOHANNON,BOHANNON,1
BOHDAN,BOHDAN,1
BOHDANA,BOHDANA,1
BOHDEN,BOHDEN,1
BOIN,BOIN,1
BOJU,BOJU,1
BOMI,BOMI,1
BONAMY,BONAMY,1
BONAVENTURE,BONAVENTURE,1
BOND,BOND,2
BONHAM,BONHAM,1
BONI,BONI,1
BONIFACIO,BONIFACIO,2
BONITA,BONITA,2
BONNIE,BONNIE,48
BONNIE-BELLA,BONNIE-BELLA,1
BONNIE-CLAIRE,BONNIE-CLAIRE,1
BONNY,BONNY,1
BOOKER,BOOKER,7
BOOMER,BOOMER,2
BOONE,BOONE,29
BORA,BORA,1
BORJA,BORJA,1
BORNA,BORNA,2
BOSCO,BOSCO,1
BOSS,BOSS,1
BOSTON,BOSTON,10
BOSTYN,BOSTYN,1
BOUBACAR,BOUBACAR,4
BOUKANDOU NDEUMBOU,BOUKANDOU NDEUMBOU,1
BOURBON,BOURBON,1
BOURDAIN,BOURDAIN,1
BOWDRIE,BOWDRIE,1
BOWEN,BOWEN,56
BOWIE,BOWIE,30
BOWMAN,BOWMAN,4
BOYD,BOYD,6
BOYKA,BOYKA,1
BOZE,BOZE,1
BRACE,BRACE,1
BRACKEN,BRACKEN,1
BRAD,BRAD,3
BRADDAX,BRADDAX,1
BRADDOCK,BRADDOCK,1
BRADEN,BRADEN,12
BRADFORD,BRADFORD,2
BRADIAN,BRADIAN,1
BRADIE,BRADIE,4
BRADLEE,BRADLEE,2
BRADLEY,BRADLEY,35
BRADLY,BRADLY,1
BRADY,BRADY,65
BRADYN,BRADYN,1
BRAE'LII,BRAE'LII,1
BRAEDEN,BRAEDEN,9
BRAEDYN,BRAEDYN,1
BRAELEIGH,BRAELEIGH,2
BRAELIN,BRAELIN,1
BRAELYN,BRAELYN,9
BRAELYNN,BRAELYNN,8
BRAEON,BRAEON,1
BRAESON,BRAESON,1
BRAESYN,BRAESYN,2
BRAHIAN,BRAHIAN,1
BRAHM,BRAHM,2
BRAHMA,BRAHMA,1
BRAHMI,BRAHMI,2
BRAIAN,BRAIAN,1
BRAIDAN,BRAIDAN,1
BRAIDEN,BRAIDEN,1
BRAILA,BRAILA,1
BRAILEY,BRAILEY,1
BRAILYN,BRAILYN,1
BRAILYNN,BRAILYNN,1
BRAISLEY,BRAISLEY,1
BRAISY,BRAISY,1
BRALEY,BRALEY,1
BRALLAN,BRALLAN,1
BRALYN,BRALYN,1
BRAM,BRAM,1
BRANCH,BRANCH,2
BRANDALYN,BRANDALYN,1
BRANDEN,BRANDEN,1
BRANDI,BRANDI,2
BRANDII,BRANDII,1
BRANDO,BRANDO,2
BRANDON,BRANDON,124
BRANDON LEE,BRANDON LEE,1
BRANDT,BRANDT,1
BRANDTLEY,BRANDTLEY,1
BRANDY,BRANDY,1
BRANDYNN,BRANDYNN,1
BRANHAM,BRANHAM,1
BRANIA,BRANIA,1
BRANN,BRANN,1
BRANNON,BRANNON,1
BRANSEN,BRANSEN,1
BRANSON,BRANSON,13
BRANT,BRANT,5
BRANTLEE,BRANTLEE,1
BRANTLEY,BRANTLEY,16
BRANTLY,BRANTLY,1
BRANTON,BRANTON,1
BRANWEN,BRANWEN,1
BRANZEN,BRANZEN,1
BRASLIN,BRASLIN,1
BRAULIO,BRAULIO,4
BRAUN,BRAUN,1
BRAUNSON,BRAUNSON,1
BRAVE,BRAVE,4
BRAVEN,BRAVEN,1
BRAVERLY,BRAVERLY,1
BRAVO,BRAVO,1
BRAXON,BRAXON,1
BRAXTON,BRAXTON,60
BRAXTYN,BRAXTYN,1
BRAXTYNN,BRAXTYNN,1
BRAXXDEN,BRAXXDEN,1
BRAYAH,BRAYAH,1
BRAYAM,BRAYAM,1
BRAYAN,BRAYAN,27
BRAYCE,BRAYCE,1
BRAYDAN,BRAYDAN,1
BRAYDE,BRAYDE,1
BRAYDEE,BRAYDEE,1
BRAYDEN,BRAYDEN,91
BRAYDENN,BRAYDENN,1
BRAYDON,BRAYDON,6
BRAYDYN,BRAYDYN,1
BRAYEN,BRAYEN,1
BRAYLEE,BRAYLEE,5
BRAYLEIGH,BRAYLEIGH,2
BRAYLEN,BRAYLEN,9
BRAYLENN,BRAYLENN,1
BRAYLEY,BRAYLEY,1
BRAYLIE,BRAYLIE,1
BRAYLIN,BRAYLIN,3
BRAYLON,BRAYLON,10
BRAYLYN,BRAYLYN,2
BRAYON,BRAYON,1
BRAYSEN,BRAYSEN,2
BRAYSON,BRAYSON,6
BRAYTON,BRAYTON,1
BRAZE,BRAZE,1
BRAZEN,BRAZEN,1
BRAZIL,BRAZIL,1
BRAZOS,BRAZOS,9
BRE'ANNI,BRE'ANNI,1
BRE'ASIA,BRE'ASIA,2
BRE'JUAN,BRE'JUAN,1
BRE'LAH,BRE'LAH,1
BRE'ZJAR,BRE'ZJAR,1
BREA,BREA,3
BREANA,BREANA,1
BREANN,BREANN,1
BREANNA,BREANNA,4
BREANNE,BREANNE,2
BRECCAN,BRECCAN,1
BRECK,BRECK,8
BRECKEN,BRECKEN,9
BRECKIN,BRECKIN,1
BRECKLYN,BRECKLYN,1
BRECKLYNN,BRECKLYNN,1
BRECKYN,BRECKYN,4
BREDESEN,BREDESEN,1
BREE,BREE,7
BREELY,BREELY,1
BREELYN,BREELYN,3
BREENA,BREENA,1
BREES,BREES,2
BREEZE,BREEZE,3
BREIKER,BREIKER,1
BREINDEL,BREINDEL,1
BREITEN,BREITEN,1
BREK,BREK,1
BREKLYN,BREKLYN,1
BREKYN,BREKYN,1
BRELLA,BRELLA,1
BRELYNN,BRELYNN,2
BREMI,BREMI,1
BRENAN,BRENAN,1
BRENDA,BRENDA,10
BRENDA ROSE,BRENDA ROSE,1
BRENDAN,BRENDAN,8
BRENDEN,BRENDEN,4
BRENDON,BRENDON,3
BRENEK,BRENEK,1
BRENLEIGH,BRENLEIGH,1
BRENLEY,BRENLEY,1
BRENLYN,BRENLYN,1
BRENNA,BRENNA,2
BRENNAN,BRENNAN,16
BRENNEN,BRENNEN,1
BRENNER,BRENNER,2
BRENNON,BRENNON,2
BRENO,BRENO,1
BRENON,BRENON,1
BRENSTON,BRENSTON,1
BRENT,BRENT,9
BRENTLEE,BRENTLEE,1
BRENTLEY,BRENTLEY,1
BRENTLYN,BRENTLYN,1
BRENTON,BRENTON,7
BRENYN,BRENYN,1
BREON,BREON,2
BREONNA,BREONNA,1
BRESHNA,BRESHNA,1
BRETON,BRETON,1
BRETT,BRETT,6
BRETTANY,BRETTANY,1
BRETTLEY,BRETTLEY,1
BREUER,BREUER,1
BREVIN,BREVIN,1
BREWER,BREWER,8
BREXLEY,BREXLEY,2
BREXTON,BREXTON,7
BREYA,BREYA,1
BREYAH,BREYAH,1
BREYLEN,BREYLEN,1
BREYSI,BREYSI,1
BREYSON,BREYSON,1
BRI'ANNE,BRI'ANNE,1
BRI'AYR,BRI'AYR,1
BRI'AYRA,BRI'AYRA,1
BRI'ELLA,BRI'ELLA,1
BRI'ELLE,BRI'ELLE,1
BRIA,BRIA,11
BRIAH,BRIAH,1
BRIALAN,BRIALAN,1
BRIAN,BRIAN,45
BRIAN LUKE,BRIAN LUKE,1
BRIANA,BRIANA,37
BRIANI,BRIANI,2
BRIANNA,BRIANNA,92
BRIANNA JAMILETH,BRIANNA JAMILETH,1
BRIANNALY,BRIANNALY,1
BRIANNE,BRIANNE,1
BRIANNI,BRIANNI,1
BRIANY,BRIANY,5
BRIAR,BRIAR,26
BRIARROSE,BRIARROSE,1
BRIATNA,BRIATNA,1
BRIATNNY,BRIATNNY,1
BRIATTNA,BRIATTNA,1
BRICE,BRICE,2
BRICEN,BRICEN,1
BRICESON,BRICESON,1
BRICEYDA,BRICEYDA,1
BRICIA,BRICIA,1
BRICKS,BRICKS,1
BRICKSTON,BRICKSTON,1
BRIDGE,BRIDGE,1
BRIDGER,BRIDGER,9
BRIDGES,BRIDGES,1
BRIDGET,BRIDGET,14
BRIDGETT,BRIDGETT,1
BRIDGETTE,BRIDGETTE,7
BRIDON,BRIDON,1
BRIE,BRIE,3
BRIEANNA,BRIEANNA,1
BRIELLA,BRIELLA,30
BRIELLA KATE,BRIELLA KATE,1
BRIELLE,BRIELLE,68
BRIENNE,BRIENNE,3
BRIEZY,BRIEZY,1
BRIGAN,BRIGAN,2
BRIGETTE,BRIGETTE,1
BRIGGS,BRIGGS,31
BRIGHAM,BRIGHAM,1
BRIGHT,BRIGHT,2
BRIGHTON,BRIGHTON,11
BRIGHTONN,BRIGHTONN,1
BRIGHTYN,BRIGHTYN,1
BRIGID,BRIGID,4
BRIGITTE,BRIGITTE,6
BRIGSTON,BRIGSTON,1
BRIHANA,BRIHANA,1
BRIHAT,BRIHAT,1
BRII'A,BRII'A,1
BRIKELLE,BRIKELLE,1
BRILEY,BRILEY,1
BRILLITH,BRILLITH,1
BRILYN,BRILYN,1
BRIM,BRIM,1
BRINDA,BRINDA,1
BRINKER,BRINKER,1
BRINKLEY,BRINKLEY,1
BRINKLI,BRINKLI,1
BRINLEE,BRINLEE,2
BRINLEY,BRINLEY,23
BRINNA,BRINNA,2
BRIO,BRIO,1
BRIONNE,BRIONNE,1
BRIONNI,BRIONNI,1
BRISA,BRISA,12
BRISAIS,BRISAIS,1
BRISCOE,BRISCOE,3
BRISEIDA,BRISEIDA,2
BRISEIS,BRISEIS,4
BRISELA,BRISELA,1
BRISEYDA,BRISEYDA,1
BRISHA,BRISHA,2
BRISHNA,BRISHNA,1
BRISLEY,BRISLEY,1
BRISSA,BRISSA,4
BRISTOL,BRISTOL,11
BRISYN,BRISYN,1
BRITAIN,BRITAIN,3
BRITANI,BRITANI,1
BRITANY,BRITANY,1
BRITHANY,BRITHANY,2
BRITNEY,BRITNEY,14
BRITTANY,BRITTANY,24
BRITTEN,BRITTEN,3
BRITTNEY,BRITTNEY,4
BRITTON,BRITTON,6
BRITZAIDA,BRITZAIDA,1
BRIX,BRIX,2
BRIXEN,BRIXEN,2
BRIXLEE,BRIXLEE,1
BRIXSEN,BRIXSEN,1
BRIXTON,BRIXTON,10
BRIXX,BRIXX,1
BRIZA,BRIZA,2
BRIZEDA,BRIZEDA,1
BRIZETTE,BRIZETTE,2
BROADIE,BROADIE,1
BROCK,BROCK,21
BRODERICK,BRODERICK,3
BRODIE,BRODIE,26
BRODRIC,BRODRIC,1
BRODRICK,BRODRICK,2
BRODY,BRODY,63
BROLY,BROLY,3
BRONCO,BRONCO,2
BRONISLAV,BRONISLAV,1
BRONIUS,BRONIUS,1
BRONNY,BRONNY,1
BRONSON,BRONSON,8
BRONSUN,BRONSUN,1
BRONTE,BRONTE,1
BRONWYN,BRONWYN,3
BRONX,BRONX,4
BRONXX,BRONXX,2
BROOK,BROOK,6
BROOKE,BROOKE,57
BROOKE-MARIE,BROOKE-MARIE,1
BROOKELEE,BROOKELEE,1
BROOKELYNN,BROOKELYNN,3
BROOKLINN,BROOKLINN,1
BROOKLYN,BROOKLYN,136
BROOKLYN TU,BROOKLYN TU,1
BROOKLYNN,BROOKLYNN,22
BROOKLYNNE,BROOKLYNNE,3
BROOKS,BROOKS,216
BRUCE,BRUCE,33
BRUGES,BRUGES,1
BRUNA,BRUNA,2
BRUNO,BRUNO,37
BRUWYN,BRUWYN,1
BRY'ANI,BRY'ANI,1
BRY'LEIGH,BRY'LEIGH,1
BRYAN,BRYAN,59
BRYANA,BRYANA,5
BRYANNA,BRYANNA,4
BRYANT,BRYANT,12
BRYAR,BRYAR,1
BRYASIA,BRYASIA,1
BRYCE,BRYCE,44
BRYCELYNN,BRYCELYNN,1
BRYCEN,BRYCEN,7
BRYCIN,BRYCIN,1
BRYCLYN,BRYCLYN,1
BRYELLA,BRYELLA,1
BRYIAH,BRYIAH,1
BRYINA,BRYINA,1
BRYLEE,BRYLEE,7
BRYLEIGH,BRYLEIGH,4
BRYLEY,BRYLEY,1
BRYLIANCE,BRYLIANCE,1
BRYLIN,BRYLIN,1
BRYLYNN,BRYLYNN,2
BRYN,BRYN,13
BRYNLEE,BRYNLEE,39
BRYNLEIGH,BRYNLEIGH,8
BRYNLEY,BRYNLEY,4
BRYNLIE,BRYNLIE,1
BRYNN,BRYNN,43
BRYNNA,BRYNNA,1
BRYNNE,BRYNNE,2
BRYNNLEE,BRYNNLEE,3
BRYNNLEIGH,BRYNNLEIGH,2
BRYNNLEY,BRYNNLEY,2
BRYON,BRYON,1
BRYR,BRYR,1
BRYSEN,BRYSEN,3
BRYSON,BRYSON,74
BRYSONN,BRYSONN,1
BRYTON,BRYTON,2
BRYXTON,BRYXTON,1
BUBBA,BUBBA,1
BUCKLEY,BUCKLEY,3
BUDDY,BUDDY,3
BUGSY,BUGSY,1
BULMA,BULMA,1
BULMARO,BULMARO,1
BUMI,BUMI,1
BUNIECHI,BUNIECHI,1
BUNNY,BUNNY,1
BURAK,BURAK,2
BURAQ,BURAQ,1
BURGUNDI,BURGUNDI,1
BURHAN,BURHAN,1
BURHANUDDIN,BURHANUDDIN,3
BURKE,BURKE,1
BURNES,BURNES,1
BURNS,BURNS,1
BURROW,BURROW,1
BURTON,BURTON,2
BURUK,BURUK,2
BUTCH,BUTCH,1
BUVIKA,BUVIKA,1
BYLER,BYLER,1
BYRDEE,BYRDEE,1
BYRDIE,BYRDIE,1
BYRINA,BYRINA,1
BYRON,BYRON,15
C'MARI,C'MARI,1
CA'HLANI,CA'HLANI,1
CA'LIYAH,CA'LIYAH,1
CA'MARION,CA'MARION,1
CA'MELLO,CA'MELLO,1
CA'MORIE,CA'MORIE,1
CA'VIER,CA'VIER,1
CABELL,CABELL,1
CACHE,CACHE,1
CACI,CACI,1
CADDO,CADDO,1
CADE,CADE,40
CADEAU,CADEAU,1
CADELYNN,CADELYNN,1
CADEN,CADEN,67
CADENCE,CADENCE,20
CADENCIA,CADENCIA,1
CADOGAN,CADOGAN,1
CAEDEN,CAEDEN,3
CAEDMON,CAEDMON,1
CAEL,CAEL,2
CAELAN,CAELAN,1
CAELEN,CAELEN,1
CAELI,CAELI,2
CAELIN,CAELIN,1
CAELIX,CAELIX,1
CAELLUM,CAELLUM,2
CAELUM,CAELUM,4
CAELY,CAELY,1
CAENIN,CAENIN,1
CAESAR,CAESAR,3
CAESON,CAESON,1
CAETANA,CAETANA,1
CAETANO,CAETANO,1
CAHLAN,CAHLAN,1
CAHLIL,CAHLIL,1
CAI,CAI,1
CAI'DYN,CAI'DYN,1
CAIA,CAIA,1
CAIAH,CAIAH,1
CAIDEN,CAIDEN,17
CAIDENCE,CAIDENCE,2
CAIDYN,CAIDYN,2
CAIJHA,CAIJHA,1
CAILANY,CAILANY,1
CAILEN,CAILEN,1
CAILEY,CAILEY,2
CAILIN,CAILIN,1
CAILYN,CAILYN,1
CAIN,CAIN,6
CAINAN,CAINAN,1
CAINE,CAINE,5
CAIO,CAIO,2
CAIRA,CAIRA,1
CAIRO,CAIRO,23
CAIRO-JAMES,CAIRO-JAMES,1
CAISEN,CAISEN,1
CAISLEIGH,CAISLEIGH,1
CAISON,CAISON,3
CAITLIN,CAITLIN,4
CAITLYN,CAITLYN,10
CAITLYNN,CAITLYNN,1
CAIUS,CAIUS,7
CAIYA,CAIYA,2
CAL,CAL,12
CALAHAN,CALAHAN,1
CALAIS,CALAIS,1
CALAN,CALAN,2
CALANEI,CALANEI,1
CALANI,CALANI,1
CALASIA,CALASIA,1
CALAYA,CALAYA,1
CALDER,CALDER,11
CALE,CALE,2
CALEAH,CALEAH,1
CALEB,CALEB,292
CALEB,CALÈB,1
CALEB EZEKIEL,CALEB EZEKIEL,1
CALEESI,CALEESI,2
CALEN,CALEN,2
CALET,CALET,1
CALETH,CALETH,1
CALI,CALI,22
CALIA,CALIA,4
CALIAH,CALIAH,1
CALIAN,CALIAN,3
CALIANA,CALIANA,4
CALIANN,CALIANN,1
CALIANNA,CALIANNA,1
CALIEL,CALIEL,3
CALIHAN,CALIHAN,1
CALIN,CALIN,1
CALINA,CALINA,4
CALISTA,CALISTA,6
CALISTO,CALISTO,1
CALIX,CALIX,3
CALIXTA,CALIXTA,1
CALIXTO,CALIXTO,1
CALIYAH,CALIYAH,2
CALLA,CALLA,11
CALLAGHAN,CALLAGHAN,1
CALLAH,CALLAH,1
CALLAHAN,CALLAHAN,21
CALLAN,CALLAN,45
CALLAWAY,CALLAWAY,4
CALLEE,CALLEE,1
CALLEN,CALLEN,17
CALLEY,CALLEY,1
CALLI,CALLI,3
CALLIA,CALLIA,1
CALLIE,CALLIE,48
CALLIESE,CALLIESE,1
CALLIHAN,CALLIHAN,1
CALLIOPE,CALLIOPE,19
CALLIOPE-REINE,CALLIOPE-REINE,1
CALLISTA,CALLISTA,2
CALLOM,CALLOM,1
CALLOWAY,CALLOWAY,1
CALLUM,CALLUM,65
CALLYN,CALLYN,2
CALON,CALON,1
CALTON,CALTON,1
CALUM,CALUM,16
CALVARY,CALVARY,1
CALVERT,CALVERT,1
CALVEY,CALVEY,1
CALVIN,CALVIN,118
CALYN,CALYN,1
CALYPSO,CALYPSO,2
CAM,CAM,2
CAM'RYIOUN,CAM'RYIOUN,1
CAMARI,CAMARI,1
CAMARIA,CAMARIA,1
CAMARIE,CAMARIE,1
CAMARII,CAMARII,1
CAMBELLE,CAMBELLE,1
CAMBREE,CAMBREE,3
CAMBRI,CAMBRI,2
CAMBRIA,CAMBRIA,4
CAMBRIDGE,CAMBRIDGE,1
CAMBRIE,CAMBRIE,2
CAMBRY,CAMBRY,2
CAMDEN,CAMDEN,62
CAMDON,CAMDON,1
CAMDYN,CAMDYN,8
CAMELA,CAMELA,2
CAMELIA,CAMELIA,2
CAMELLA,CAMELLA,1
CAMELLIA,CAMELLIA,7
CAMELLO,CAMELLO,1
CAMELO,CAMELO,1
CAMERAN,CAMERAN,7
CAMERON,CAMERON,237
CAMERYN,CAMERYN,1
CAMI,CAMI,1
CAMIAH,CAMIAH,1
CAMILA,CAMILA,573
CAMILA,CAMILÁ,1
CAMILA,CAMÍLA,1
CAMILA BRIELLE,CAMILA BRIELLE,1
CAMILA JAYLIN,CAMILA JAYLIN,1
CAMILAH,CAMILAH,1
CAMILIA,CAMILIA,1
CAMILLA,CAMILLA,75
CAMILLE,CAMILLE,72
CAMILLO,CAMILLO,1
CAMILO,CAMILO,33
CAMIYAH,CAMIYAH,2
CAMLIA,CAMLIA,1
CAMLYN,CAMLYN,1
CAMON,CAMON,1
CAMPBELL,CAMPBELL,44
CAMPION,CAMPION,2
CAMRANH,CAMRANH,1
CAMREIGH,CAMREIGH,1
CAMREN,CAMREN,1
CAMRIN,CAMRIN,1
CAMRON,CAMRON,1
CAMRYN,CAMRYN,31
CAMYLA,CAMYLA,1
CANAAN,CANAAN,5
CANDACE,CANDACE,2
CANDELARIA,CANDELARIA,1
CANDELARIA MARIANA,CANDELARIA MARIANA,1
CANDENCE,CANDENCE,1
CANDICE,CANDICE,1
CANDICE SAMANTHA,CANDICE SAMANTHA,1
CANDON,CANDON,1
CANDY,CANDY,1
CANEK,CANEK,1
CANELO,CANELO,1
CANNAN,CANNAN,1
CANNON,CANNON,29
CANON,CANON,8
CANYON,CANYON,12
CAP,CAP,1
CAPE,CAPE,1
CAPELLA,CAPELLA,2
CAPRI,CAPRI,16
CAPRICE,CAPRICE,1
CAPTAIN,CAPTAIN,3
CAR'MONI,CAR'MONI,1
CARA,CARA,6
CARALINE,CARALINE,1
CARALYN,CARALYN,1
CARALYNE,CARALYNE,1
CARAMIA,CARAMIA,1
CARAWAY,CARAWAY,1
CARDAI,CARDAI,1
CARDEN,CARDEN,2
CARDER,CARDER,1
CARDIFF,CARDIFF,1
CARDINAL,CARDINAL,1
CARDON,CARDON,1
CARDUI,CARDUI,1
CARIAD,CARIAD,1
CARIDAD,CARIDAD,1
CARIN,CARIÑ,1
CARIN ALEJANDRO,CARIN ALEJANDRO,1
CARINA,CARINA,13
CARIS,CARIS,3
CARISA,CARISA,1
CARISSA,CARISSA,2
CARL,CARL,9
CARLA,CARLA,14
CARLEAH,CARLEAH,1
CARLEE,CARLEE,1
CARLEIGH,CARLEIGH,1
CARLEIONA,CARLEIONA,1
CARLENA,CARLENA,1
CARLENE,CARLENE,1
CARLEY,CARLEY,2
CARLIANA,CARLIANA,1
CARLIE,CARLIE,3
CARLIN,CARLIN,2
CARLINOS,CARLINOS,1
CARLISLE,CARLISLE,4
CARLISSA,CARLISSA,1
CARLO,CARLO,11
CARLOS,CARLOS,197
CARLY,CARLY,12
CARLY JUNE,CARLY JUNE,1
CARLYLE,CARLYLE,2
CARLYNN,CARLYNN,1
CARMANI,CARMANI,2
CARME,CARME,1
CARMEAH,CARMEAH,1
CARMELA,CARMELA,6
CARMELITA,CARMELITA,1
CARMELLA,CARMELLA,4
CARMELLO,CARMELLO,1
CARMELO,CARMELO,26
CARMEN,CARMEN,43
CARMILLA,CARMILLA,1
CARMINE,CARMINE,2
CARMYN,CARMYN,1
CARNELL,CARNELL,1
CAROL,CAROL,2
CAROLA,CAROLA,1
CAROLINA,CAROLINA,54
CAROLINA ANGELA,CAROLINA ANGELA,1
CAROLINE,CAROLINE,172
CAROLYN,CAROLYN,10
CAROLYNN,CAROLYNN,2
CARPENTER,CARPENTER,1
CARREAH,CARREAH,1
CARRICK,CARRICK,1
CARRIE,CARRIE,1
CARRINGTON,CARRINGTON,1
CARROLL,CARROLL,1
CARRSON,CARRSON,1
CARSEN,CARSEN,4
CARSIE,CARSIE,1
CARSON,CARSON,121
CARSON MATHIEU,CARSON MATHIEU,1
CARSYN,CARSYN,7
CARTER,CARTER,241
CARTIER,CARTIER,5
CARVELLA,CARVELLA,1
CARVER,CARVER,1
CARYN,CARYN,1
CARYS,CARYS,1
CAS,CAS,1
CASANDRA,CASANDRA,3
CASANI,CASANI,1
CASE,CASE,17
CASELYN,CASELYN,1
CASEN,CASEN,14
CASEY,CASEY,64
CASH,CASH,67
CASHEL,CASHEL,1
CASHIS,CASHIS,1
CASHIUS,CASHIUS,1
CASHMERE,CASHMERE,1
CASHMIR,CASHMIR,1
CASHTON,CASHTON,2
CASHUS,CASHUS,2
CASIA,CASIA,1
CASIE,CASIE,2
CASILDA,CASILDA,1
CASIMIR,CASIMIR,2
CASIMIRA,CASIMIRA,1
CASIMIRO,CASIMIRO,2
CASIN,CASIN,1
CASON,CASON,19
CASPAR,CASPAR,2
CASPER,CASPER,10
CASPIAN,CASPIAN,14
CASS,CASS,3
CASSADEE,CASSADEE,1
CASSANDRA,CASSANDRA,22
CASSANOVA,CASSANOVA,1
CASSEL,CASSEL,1
CASSIA,CASSIA,7
CASSIAHS,CASSIAHS,1
CASSIAN,CASSIAN,18
CASSIDY,CASSIDY,33
CASSIE,CASSIE,11
CASSIEL,CASSIEL,1
CASSINIA,CASSINIA,1
CASSION,CASSION,1
CASSIUS,CASSIUS,23
CASSIUX,CASSIUX,1
CASTIEL,CASTIEL,8
CASTLE,CASTLE,1
CASWELL,CASWELL,1
CASYN,CASYN,2
CATALAYA,CATALAYA,3
CATALEA,CATALEA,1
CATALEIA,CATALEIA,1
CATALEYA,CATALEYA,60
CATALEYA EMUNAH,CATALEYA EMUNAH,1
CATALIA,CATALIA,1
CATALINA,CATALINA,119
CATALYNA,CATALYNA,4
CATARINA,CATARINA,5
CATARINO,CATARINO,2
CATE,CATE,4
CATELEYA,CATELEYA,1
CATELYN,CATELYN,1
CATERIN,CATERIN,1
CATERINA,CATERINA,1
CATHALINA,CATHALINA,1
CATHARINA,CATHARINA,1
CATHERIN,CATHERIN,1
CATHERINA,CATHERINA,2
CATHERINE,CATHERINE,63
CATHIE,CATHIE,1
CATHLYN,CATHLYN,1
CATHRYN,CATHRYN,1
CATHY,CATHY,1
CATIE,CATIE,1
CATLEYA,CATLEYA,1
CATO,CATO,2
CATON,CATON,2
CATORI,CATORI,2
CATRONN,CATRONN,1
CATTALEYA,CATTALEYA,5
CATTALLEYA,CATTALLEYA,1
CATTELAYA,CATTELAYA,1
CATTLEYA,CATTLEYA,8
CAVAN,CAVAN,4
CAVE,CAVE,1
CAVENDER,CAVENDER,1
CAVIN,CAVIN,1
CAXTON,CAXTON,1
CAYCE,CAYCE,1
CAYCEE,CAYCEE,1
CAYDE,CAYDE,1
CAYDE ALEXANDER,CAYDE ALEXANDER,1
CAYDEN,CAYDEN,38
CAYDENCE,CAYDENCE,1
CAYDYN,CAYDYN,1
CAYEN,CAYEN,1
CAYENNE,CAYENNE,1
CAYLAN,CAYLAN,1
CAYLANI,CAYLANI,2
CAYLEE,CAYLEE,8
CAYLEIGH,CAYLEIGH,1
CAYLENA,CAYLENA,1
CAYLIE,CAYLIE,1
CAYLIN,CAYLIN,2
CAYLUS,CAYLUS,1
CAYMAN,CAYMAN,3
CAYMUS,CAYMUS,1
CAYNA,CAYNA,1
CAYNE,CAYNE,1
CAYO,CAYO,1
CAYSEN,CAYSEN,4
CAYSON,CAYSON,14
CAYSTON,CAYSTON,1
CAZYIAH,CAZYIAH,1
CCENDENIO,CCENDENIO,1
CE'ANNA,CE'ANNA,1
CE'NIYAH,CE'NIYAH,1
CEANIYAH,CEANIYAH,1
CEAZAR,CEAZAR,1
CECE,CECE,2
CECELIA,CECELIA,16
CECELIA JUNE,CECELIA JUNE,1
CECIL,CECIL,3
CECILE,CÉCILE,1
CECILIA,CECILIA,103
CECILIO,CECILIO,1
CECILY,CECILY,9
CECY,CECY,1
CEDAR,CEDAR,4
CEDELLE,CEDELLE,1
CEDERICK,CEDERICK,1
CEDRIC,CEDRIC,13
CEDRIC,CEDRIC JR,1
CEDRIC JOHNSON,CEDRIC JOHNSON,1
CEDRICK,CEDRICK,2
CEIBA,CEIBA,1
CEILI,CEILI,1
CEILYN,CEILYN,1
CEKNIYAH,CEKNIYAH,1
CELANI,CELANI,1
CELENA,CELENA,1
CELENE,CELENE,1
CELESTA,CELESTA,1
CELESTE,CELESTE,51
CELESTIA,CELESTIA,2
CELESTINA,CELESTINA,2
CELESTINE,CELESTINE,1
CELESTINE HEMERA,CELESTINE HEMERA,1
CELESTINO,CELESTINO,4
CELIA,CELIA,18
CELINA,CELINA,11
CELINE,CELINE,39
CELINE,CÉLINE,4
CELINE,CELINÉ,1
CELIO,CELIO,1
CELISE,CELISE,1
CELLA,CELLA,1
CELSO,CELSO,1
CELYNNE,CELYNNE,1
CENDRINE,CENDRINE,1
CENNET,CENNET,5
CEPEDA,CEPEDA,1
CEPHAS,CEPHAS,1
CERENA,CERENA,1
CERGIO,CERGIO,2
CERINA,CERINA,1
CERIYAH,CERIYAH,2
CERSEI,CERSEI,1
CERULEAN,CERULEAN,1
CERYS,CERYS,1
CESAR,CESAR,57
CESAR,CÉSAR,5
CESAR,CESÁR,1
CESAR-KAI,CESAR-KAI,1
CESARE,CESARÉ,1
CESARIO,CESARIO,1
CESARLUIS,CESARLUIS,1
CESIA,CESIA,7
CESILIA,CESILIA,1
CESILIE,CESILIE,1
CESSNA,CESSNA,1
CEVON,CEVON,1
CEYDA,CEYDA,1
CEYLA,CEYLA,2
CEZAR,CEZAR,1
CHA'LIL,CHA'LIL,1
CHAARAN,CHAARAN,1
CHAARMI,CHAARMI,1
CHAARUVI,CHAARUVI,1
CHAARVI,CHAARVI,1
CHABRYAN,CHABRYAN,1
CHACE,CHACE,1
CHAD,CHAD,4
CHADWICK,CHADWICK,4
CHAITAN,CHAITAN,2
CHAITANYA,CHAITANYA,2
CHAITHRA REDDY,CHAITHRA REDDY,1
CHAITHVIK,CHAITHVIK,2
CHAITRA,CHAITRA,3
CHAITRA REDDY,CHAITRA REDDY,1
CHAITRIKA,CHAITRIKA,1
CHAMAR,CHAMAR,1
CHAMILLE,CHAMILLE,1
CHAMP,CHAMP,1
CHAMPION,CHAMPION,3
CHAMUEL,CHAMUEL,1
CHAMYLE,CHAMYLE,1
CHAN RITH,CHAN RITH,1
CHANA,CHANA,1
CHANCE,CHANCE,22
CHANCELLOR,CHANCELLOR,2
CHANDINI,CHANDINI,1
CHANDLER,CHANDLER,26
CHANEL,CHANEL,5
CHANELLE,CHANELLE,3
CHANI,CHANI,1
CHANLY,CHANLY,1
CHANNING,CHANNING,8
CHANSITY,CHANSITY,1
CHANSON,CHANSON,1
CHANTAL,CHANTAL,2
CHANTELLE,CHANTELLE,2
CHANZ,CHANZ,1
CHANZE,CHANZE,1
CHAP,CHAP,2
CHAPEL,CHAPEL,4
CHAPLN,CHAPLN,1
CHAPMAN,CHAPMAN,4
CHAPPEL,CHAPPEL,2
CHARAN,CHARAN,1
CHARI,CHARI,1
CHARIS,CHARIS,5
CHARISHA,CHARISHA,1
CHARISMA,CHARISMA,3
CHARISSA,CHARISSA,1
CHARITY,CHARITY,5
CHARIZMA,CHARIZMA,2
CHARLEA,CHARLEA,1
CHARLEE,CHARLEE,20
CHARLEE-ROSE,CHARLEE-ROSE,1
CHARLEIGH,CHARLEIGH,9
CHARLENE,CHARLENE,2
CHARLES,CHARLES,320
CHARLES FRANCIS,CHARLES FRANCIS,1
CHARLES HENRY,CHARLES HENRY,1
CHARLESTIN,CHARLESTIN,1
CHARLESTON,CHARLESTON,5
CHARLEY,CHARLEY,33
CHARLI,CHARLI,23
CHARLI-ELLE,CHARLI-ELLE,1
CHARLIE,CHARLIE,246
CHARLIE-RAE,CHARLIE-RAE,1
CHARLIN,CHARLÍN,1
CHARLINE,CHARLINE,1
CHARLIRAE,CHARLIRAE,1
CHARLISA,CHARLISA,1
CHARLISE,CHARLISE,1
CHARLIZE,CHARLIZE,9
CHARLOTTE,CHARLOTTE,512
CHARLOTTE ROSE,CHARLOTTE ROSE,1
CHARLY,CHARLY,7
CHARLYCE,CHARLYCE,1
CHARM,CHARM,4
CHARSLEY,CHARSLEY,1
CHARTERS,CHARTERS,1
CHARVEE,CHARVEE,1
CHARVI,CHARVI,4
CHARVIK,CHARVIK,2
CHARVIK CHOWDARY,CHARVIK CHOWDARY,1
CHASE,CHASE,64
CHASITY,CHASITY,1
CHASON,CHASON,1
CHASTIN,CHASTIN,1
CHASTON,CHASTON,2
CHASYN,CHASYN,1
CHATHAM,CHATHAM,2
CHAUNCEY,CHAUNCEY,2
CHAVA,CHAVA,1
CHAVAYAH,CHAVAYAH,1
CHAVIE,CHAVIE,1
CHAYA,CHAYA,2
CHAYLEE,CHAYLEE,1
CHAYSE,CHAYSE,2
CHAYTON,CHAYTON,1
CHAZ,CHAZ,1
CHAZIEL,CHAZIEL,1
CHAZMIN,CHAZMIN,1
CHAZMYN,CHAZMYN,1
CHAZZIE,CHAZZIE,1
CHE,CHE,1
CHE'RIYAH,CHE'RIYAH,1
CHELSEA,CHELSEA,11
CHELSEA EMANI,CHELSEA EMANI,1
CHELSEE,CHELSEE,1
CHELSEY,CHELSEY,1
CHELSIIA,CHELSIIA,1
CHELSY,CHELSY,1
CHENCHU ANVITH,CHENCHU ANVITH,1
CHENCHU MOKSHITH,CHENCHU MOKSHITH,1
CHENIEL,CHENIEL,1
CHENOA,CHENOA,1
CHER,CHER,2
CHERELLE,CHERELLE,1
CHERI,CHERI,1
CHERISH,CHERISH,2
CHERISHYA SAI,CHERISHYA SAI,1
CHERITH,CHERITH,1
CHERYL,CHERYL,1
CHERYSH,CHERYSH,1
CHESHIRE,CHESHIRE,1
CHESTEN,CHESTEN,1
CHESTER,CHESTER,5
CHETAN,CHETAN,1
CHETANA,CHETANA,1
CHETANA REDDY,CHETANA REDDY,1
CHEVAE,CHEVAE,1
CHEVELLE,CHEVELLE,2
CHEVY,CHEVY,2
CHEYANNA,CHEYANNA,1
CHEYANNE,CHEYANNE,1
CHEYEANNE,CHEYEANNE,1
CHEYENNE,CHEYENNE,13
CHEYLENE,CHEYLENE,1
CHEYLING,CHEYLING,1
CHEZHIYAN,CHEZHIYAN,1
CHIAGOZIE,CHIAGOZIE,1
CHIAH KENG,CHIAH KENG,1
CHIAMANDA,CHIAMANDA,2
CHIAMARA,CHIAMARA,2
CHIARA,CHIARA,9
CHIBINIMEM,CHIBINIMEM,1
CHICO,CHICO,1
CHIDERA,CHIDERA,1
CHIDIRIM,CHIDIRIM,1
CHIDIUSO,CHIDIUSO,1
CHIDOHIARUM,CHIDOHIARUM,1
CHIDUBEM,CHIDUBEM,1
CHIEBUKA,CHIEBUKA,1
CHIEDOZIE,CHIEDOZIE,1
CHIEMERIE,CHIEMERIE,1
CHIESTYNJAMES,CHIESTYNJAMES,1
CHIGATA,CHIGATA,1
CHIHAYA,CHIHAYA,1
CHIHIRO,CHIHIRO,1
CHIJINDU,CHIJINDU,2
CHIKAODILI,CHIKAODILI,1
CHILOH,CHILOH,1
CHIMAMANDA,CHIMAMANDA,3
CHIMAOBIM,CHIMAOBIM,2
CHIMEZIE,CHIMEZIE,1
CHIMKASINMA,CHIMKASINMA,1
CHIMKEZIRIM,CHIMKEZIRIM,1
CHIMZITEREM,CHIMZITEREM,1
CHIMZURUOKE,CHIMZURUOKE,1
CHINAZA,CHINAZA,2
CHINAZO,CHINAZO,1
CHINEDU,CHINEDU,2
CHINEDUM,CHINEDUM,1
CHINGUUN,CHINGUUN,1
CHINMAY,CHINMAY,1
CHINOMSO,CHINOMSO,1
CHINONSO,CHINONSO,1
CHIP,CHIP,1
CHIPO,CHIPO,1
CHIPPER,CHIPPER,1
CHIQUINQUIRA,CHIQUINQUIRA,1
CHIRAYU,CHIRAYU,1
CHIRETE,CHIRETE,1
CHIRON,CHIRON,1
CHISHUWO,CHISHUWO,1
CHISOMMA,CHISOMMA,1
CHITRA,CHITRA,1
CHIVONNE,CHIVONNE,1
CHIWUCHI,CHIWUCHI,1
CHIZARA,CHIZARA,2
CHIZARAM,CHIZARAM,1
CHIZITARA,CHIZITARA,1
CHIZITEREM,CHIZITEREM,1
CHLOE,CHLOE,260
CHLOE,CHLOÉ,10
CHLOE,CHLOË,2
CHLOE CHEVELLE,CHLOE CHEVELLE,1
CHLOE DANIELLA,CHLOE DANIELLA,1
CHLOE GRACE,CHLOE GRACE,1
CHLOE',CHLOE',1
CHLOEMAE,CHLOEMAE,1
CHLOEY,CHLOEY,1
CHOICE,CHOICE,2
CHOSEN,CHOSEN,6
CHOSUN,CHOSUN,1
CHOSYN,CHOSYN,2
CHOZEN,CHOZEN,1
CHRIDOR,CHRIDOR,1
CHRIS,CHRIS,23
CHRIS'TIAN,CHRIS'TIAN,1
CHRISANNA,CHRISANNA,1
CHRISDAVID,CHRISDAVID,1
CHRISHTUN,CHRISHTUN,1
CHRISIAH,CHRISIAH,1
CHRISIANA,CHRISIANA,1
CHRISLYNN,CHRISLYNN,1
CHRIST,CHRIST,1
CHRIST JORDAN,CHRIST JORDAN,1
CHRIST-OTHNIEL,CHRIST-OTHNIEL,1
CHRISTA,CHRISTA,2
CHRISTA'NAE,CHRISTA'NAE,1
CHRISTABELLE,CHRISTABELLE,1
CHRISTAIZA,CHRISTAIZA,1
CHRISTAL,CHRISTAL,1
CHRISTALYN,CHRISTALYN,1
CHRISTALYNN,CHRISTALYNN,1
CHRISTELLA,CHRISTELLA,1
CHRISTI,CHRISTI,1
CHRISTIAN,CHRISTIAN,272
CHRISTIAN REI,CHRISTIAN REI,1
CHRISTIANA,CHRISTIANA,2
CHRISTIANAH,CHRISTIANAH,1
CHRISTIANIQUE,CHRISTIANIQUE,1
CHRISTIANO,CHRISTIANO,2
CHRISTIE,CHRISTIE,2
CHRISTIN,CHRISTIN,3
CHRISTINA,CHRISTINA,25
CHRISTINA JAZMIN,CHRISTINA JAZMIN,1
CHRISTINA LIGHT,CHRISTINA LIGHT,1
CHRISTINE,CHRISTINE,11
CHRISTIVI,CHRISTIVI,1
CHRISTIVON,CHRISTIVON,1
CHRISTLYN,CHRISTLYN,1
CHRISTOFER,CHRISTOFER,1
CHRISTOFF,CHRISTOFF,1
CHRISTOPH,CHRISTOPH,2
CHRISTOPHER,CHRISTOPHER,305
CHRISTOPHER KAI,CHRISTOPHER KAI,1
CHRISTOS,CHRISTOS,1
CHRISTROPHE',CHRISTROPHE',1
CHRISTY,CHRISTY,7
CHRISTYNNA,CHRISTYNNA,1
CHRYSTAL,CHRYSTAL,4
CHRYSTIANNI,CHRYSTIANNI,1
CHUAN,CHUAN,1
CHUKWUEMEKA,CHUKWUEMEKA,1
CHUKWUEZUGO,CHUKWUEZUGO,1
CHUKWUNAZA,CHUKWUNAZA,1
CHUMA,CHUMA,1
CHUNGEZ,CHUNGEZ,1
CHYANNE,CHYANNE,2
CHYE'ANNE,CHYE’ANNE,1
CHYNA,CHYNA,1
CHYNNA,CHYNNA,1
CI'MANI,CI'MANI,1
CI'YAE,CI'YAE,1
CIAN,CIAN,1
CIANA,CIANA,1
CIANAN,CIANAN,1
CIANI,CIANI,1
CIANNA,CIANNA,2
CIARA,CIARA,9
CIARAN,CIARAN,3
CICADA,CICADA,1
CIEL,CIEL,2
CIELLE,CIELLE,2
CIELO,CIELO,18
CIENNA,CIENNA,5
CIERA,CIERA,1
CIERAN,CIERAN,1
CIERRA,CIERRA,1
CILAS,CILAS,1
CILEN,CILEN,1
CILESTINO,CILESTINO,1
CILLIAN,CILLIAN,9
CIMANI,CIMANI,1
CIMMERIA,CIMMERIA,1
CIN,CIN,1
CINDY,CINDY,11
CING,CING,1
CINIYAH,CINIYAH,1
CINNITA,CINNITA,1
CINTHIA,CINTHIA,4
CINTHYA,CINTHYA,1
CIPIANA,CIPIANA,1
CIPRIANO,CIPRIANO,2
CIRA,CIRA,1
CIRCE,CIRCE,1
CIRIA,CIRIA,1
CIRIACO,CIRIACO,1
CIRILIO,CIRILIO,1
CIRILLA,CIRILLA,3
CIRILO,CIRILO,1
CIRINO,CIRINO,1
CIRO,CIRO,1
CITLALI,CITLALI,7
CITLALIC,CITLALIC,1
CITLALLI,CITLALLI,3
CITLALY,CITLALY,1
CITY,CITY,1
CIZ'JAI,CIZ'JAI,1
CLAIBORNE,CLAIBORNE,1
CLAIR,CLAIR,1
CLAIR DE LUNE,CLAIR DE LUNE,1
CLAIRA,CLAIRA,1
CLAIRA ELLOUISE,CLAIRA ELLOUISE,1
CLAIRE,CLAIRE,194
CLAIRIN,CLAIRIN,1
CLANCY,CLANCY,2
CLARA,CLARA,166
CLARA-KATE,CLARA-KATE,1
CLARABEL,CLARABEL,1
CLARE,CLARE,12
CLARENCE,CLARENCE,5
CLARENCE PHILIP,CLARENCE PHILIP,1
CLARETTA,CLARETTA,1
CLARIBEL,CLARIBEL,2
CLARIBELLA,CLARIBELLA,1
CLARICE,CLARICE,2
CLARISA,CLARISA,1
CLARISS,CLARISS,1
CLARISSA,CLARISSA,20
CLARISSE,CLARISSE,3
CLARITA,CLARITA,1
CLARITY,CLARITY,3
CLARK,CLARK,62
CLARKE,CLARKE,15
CLARKIN,CLARKIN,1
CLARKSON,CLARKSON,1
CLARY,CLARY,1
CLARY-ASTRIDE,CLARY-ASTRIDE,1
CLAUDE,CLAUDE,4
CLAUDETH,CLAUDETH,1
CLAUDETTE,CLAUDETTE,1
CLAUDIA,CLAUDIA,21
CLAUDINE,CLAUDINE,1
CLAUDIO,CLAUDIO,3
CLAY,CLAY,15
CLAYBORNE,CLAYBORNE,1
CLAYMORE,CLAYMORE,1
CLAYSEOUS,CLAYSEOUS,1
CLAYTON,CLAYTON,37
CLE'VEANNA,CLE'VEANNA,1
CLEAVE,CLEAVE,1
CLEIO,CLEIO,1
CLELIA,CLELIA,1
CLEMENCE,CLEMENCE,2
CLEMENT,CLEMENT,2
CLEMENTE,CLEMENTE,4
CLEMENTINA,CLEMENTINA,1
CLEMENTINE,CLEMENTINE,45
CLEO,CLEO,22
CLEO,CLÉO,1
CLEO'ANN,CLEO'ANN,1
CLEODORA,CLEODORA,1
CLEOPAT,CLEOPAT,1
CLEOPATRA,CLEOPATRA,1
CLEOPHUS,CLEOPHUS,1
CLESSON,CLESSON,1
CLEVELAND,CLEVELAND,3
CLEVER,CLEVER,1
CLEYMAR,CLEYMAR,1
CLHOE,CLHOÉ,1
CLIFF,CLIFF,6
CLIFFORD,CLIFFORD,9
CLIFFTON,CLIFFTON,1
CLIFTON,CLIFTON,10
CLINE,CLINE,1
CLINT,CLINT,2
CLINTON,CLINTON,3
CLIO,CLIO,2
CLIO,CLÍO,1
CLIVE,CLIVE,10
CLOE,CLOE,3
CLOUD,CLOUD,1
CLOUDY,CLOUDY,1
CLOVER,CLOVER,16
CLOVER WILLIAM,CLOVER WILLIAM,1
CLOVIS,CLOVIS,2
CLYDE,CLYDE,24
COARI,COARI,1
COAST,COAST,4
COBEN,COBEN,1
COBEY,COBEY,1
COBI,COBI,1
COBURN,COBURN,2
COBY,COBY,1
COCO,COCO,6
CODA,CODA,5
CODEY,CODEY,1
CODI,CODI,3
CODY,CODY,33
COEN,COEN,12
COHAN,COHAN,1
COHEN,COHEN,38
COHN,CÓHN,1
COIE,COIE,1
COJI,COJI,1
COLBIE,COLBIE,7
COLBREN,COLBREN,1
COLBY,COLBY,11
COLE,COLE,93
COLEDAN,COLEDAN,1
COLEMAN,COLEMAN,17
COLETTA,COLETTA,1
COLETTE,COLETTE,56
COLETTE ROSE,COLETTE ROSE,1
COLEYER,COLEYER,1
COLIA,COLIA,1
COLIE,COLIE,1
COLIN,COLIN,41
COLLEEN,COLLEEN,4
COLLEN,COLLEN,1
COLLETTE,COLLETTE,3
COLLIE,COLLIE,2
COLLIER,COLLIER,4
COLLIN,COLLIN,27
COLLINGS,COLLINGS,1
COLLINS,COLLINS,59
COLLYER,COLLYER,1
COLLYN,COLLYN,1
COLLYNN,COLLYNN,1
COLLYNS,COLLYNS,4
COLM,COLM,2
COLSON,COLSON,10
COLSTON,COLSTON,2
COLT,COLT,64
COLTAN,COLTAN,1
COLTEN,COLTEN,5
COLTER,COLTER,16
COLTLEIGH,COLTLEIGH,1
COLTON,COLTON,100
COLTYR,COLTYR,1
COLWYN,COLWYN,1
CONALL,CONALL,1
CONAN,CONAN,3
CONG-LUCIANO,CONG-LUCIANO,1
CONLAN,CONLAN,1
CONLEY,CONLEY,12
CONNALL,CONNALL,1
CONNELL,CONNELL,3
CONNELLY,CONNELLY,4
CONNER,CONNER,18
CONNIE,CONNIE,2
CONNLA,CONNLA,1
CONNLLY,CONNLLY,1
CONNOR,CONNOR,142
CONNORS,CONNORS,1
CONOR,CONOR,27
CONOVER,CONOVER,1
CONRAD,CONRAD,38
CONRAN,CONRAN,1
CONSTANCE,CONSTANCE,4
CONSTANTINE,CONSTANTINE,4
CONSTANTINO,CONSTANTINO,2
CONSTANZA,CONSTANZA,3
CONSTANZE,CONSTANZE,1
CONSUELO,CONSUELO,3
CONTESSINA,CONTESSINA,1
CONWAY,CONWAY,3
COOKE,COOKE,2
COOPER,COOPER,201
COPELAN,COPELAN,1
COPELAND,COPELAND,8
COPLAND,COPLAND,1
COPPER,COPPER,1
COR,COR,1
CORA,CORA,185
CORAH,CORAH,1
CORAL,CORAL,7
CORALEE,CORALEE,1
CORALEIA,CORALEIA,1
CORALIE,CORALIE,3
CORALINA,CORALINA,1
CORALINE,CORALINE,16
CORALYE,CORALYE,1
CORALYN,CORALYN,2
CORALYNN,CORALYNN,1
CORBAN,CORBAN,3
CORBEN,CORBEN,1
CORBET,CORBET,1
CORBIN,CORBIN,34
CORBY,CORBY,1
CORBYN,CORBYN,6
CORBYNN,CORBYNN,1
CORD,CORD,2
CORDAE,CORDAE,1
CORDELIA,CORDELIA,14
CORDELL,CORDELL,1
CORDIE,CORDIE,1
CORDRY,CORDRY,1
CORELIZ MAJA,CORELIZ MAJA,1
CORENA,CORENA,1
COREY,COREY,15
CORI,CORI,5
CORIE,CORIE,2
CORIN,CORIN,1
CORINA,CORINA,3
CORINNA,CORINNA,1
CORINNE,CORINNE,20
CORINTHIAN,CORINTHIAN,1
CORION,CORION,1
CORISSA,CORISSA,1
CORLEON'E,CORLEON'E,1
CORLINA,CORLINA,1
CORMAC,CORMAC,12
CORNELIO,CORNELIO,1
CORNELIUS,CORNELIUS,2
CORNELL,CORNELL,1
CORNELLE,CORNELLE,1
CORRIE,CORRIE,4
CORRINA,CORRINA,1
CORRINE,CORRINE,2
CORT,CORT,1
CORTEZ,CORTEZ,3
CORTNI,CORTNI,1
CORVIN,CORVIN,1
CORWIN,CORWIN,1
CORWYN,CORWYN,2
CORY,CORY,14
COSETTE,COSETTE,5
COSIMA,COSIMA,4
COSIMO,COSIMO,2
COSME,COSME,1
COSMO,COSMO,8
COSMOS,COSMOS,1
COSTA,COSTA,1
COSTELLO,COSTELLO,2
COTTON,COTTON,3
COULSON,COULSON,4
COULTER,COULTER,1
COUMBA,COUMBA,1
COUPLAND,COUPLAND,1
COURINNE,COURINNE,1
COURT,COURT,2
COURTLAND,COURTLAND,3
COURTNEY,COURTNEY,6
COVE,COVE,7
COVEWYNN,COVEWYNN,1
COY,COY,3
COZETTE,COZETTE,1
COZIMO,COZIMO,1
CRAIG,CRAIG,5
CRAWFORD,CRAWFORD,7
CREE,CREE,6
CREED,CREED,9
CREEDE,CREEDE,1
CREEK,CREEK,3
CREIGHTON,CREIGHTON,1
CREOLA,CREOLA,1
CREW,CREW,41
CREWS,CREWS,1
CREYSON,CREYSON,1
CRHISTOPHER,CRHISTOPHER,2
CRICKET,CRICKET,1
CRIMSON,CRIMSON,3
CRIS,CRIS,1
CRISANTO,CRISANTO,2
CRISBELL,CRISBELL,1
CRISCELY,CRISCELY,1
CRISELDA,CRISELDA,1
CRISLING,CRISLING,1
CRISLY,CRISLY,1
CRISMELY,CRISMELY,1
CRISPIN,CRISPIN,2
CRISSA,CRISSA,1
CRISTAL,CRISTAL,11
CRISTEL,CRISTEL,3
CRISTHIAN,CRISTHIAN,3
CRISTI,CRISTI,1
CRISTIAN,CRISTIAN,90
CRISTIAN EMANUEL,CRISTIAN EMANUEL,1
CRISTIAN MATEO,CRISTIAN MATEO,1
CRISTIANO,CRISTIANO,8
CRISTINA,CRISTINA,17
CRISTO,CRISTO,3
CRISTOBAL,CRISTOBAL,11
CRISTOBAL,CRISTÓBAL,1
CRISTOFE,CRISTOFE,1
CRISTOFER,CRISTOFER,9
CRISTOPHER,CRISTOPHER,17
CRISTY,CRISTY,1
CROCKETT,CROCKETT,4
CROIA,CROÍA,1
CROIX,CROIX,2
CROLIAN,CROLIAN,1
CROSBY,CROSBY,22
CROSS,CROSS,5
CROWLEY,CROWLEY,1
CROWN,CROWN,1
CROY,CROY,1
CRU,CRU,5
CRUE,CRUE,5
CRUISE,CRUISE,1
CRUTCHER,CRUTCHER,1
CRUZ,CRUZ,60
CRUZE,CRUZE,2
CRUZMIGUEL,CRUZMIGUEL,1
CRYSTA,CRYSTA,1
CRYSTAL,CRYSTAL,20
CRYSTEL,CRYSTEL,1
CRYSTIAN,CRYSTIAN,1
CUCHULAINN,CUCHULAINN,1
CULLEN,CULLEN,12
CULLEY,CULLEY,1
CURIZMA,CURIZMA,1
CURLY,CURLY,1
CURMELO,CURMELO,1
CURRENCY,CURRENCY,1
CURSCILLA,CURSCILLA,1
CURSTEN,CURSTEN,1
CURTIS,CURTIS,6
CUTLER,CUTLER,1
CUTTER,CUTTER,5
CUVIE,CUVIE,1
CWEST,CWEST,1
CY,CY,5
CY'ZIER,CY'ZIER,1
CYAIRE,CYAIRE,1
CYAN,CYAN,2
CYAN ISAIAH,CYAN ISAIAH,1
CYBIL,CYBIL,1
CYBLE,CYBLE,1
CYDNII,CYDNII,1
CYE,CYE,1
CYER,CYER,1
CYLAN,CYLAN,1
CYLAS,CYLAS,1
CYLEE,CYLEE,1
CYLEN,CYLEN,1
CYLIANA,CYLIANA,1
CYMON,CYMON,1
CYNIAH,CYNIAH,1
CYNTHIA,CYNTHIA,19
CYPRESS,CYPRESS,10
CYPRUS,CYPRUS,2
CYRE,CYRE,1
CYREE,CYREE,1
CYREK,CYREK,1
CYRIAH,CYRIAH,1
CYRIE,CYRIE,1
CYRIL,CYRIL,3
CYRILLA,CYRILLA,1
CYRUS,CYRUS,44
CYRUS-SUNG,CYRUS-SUNG,1
CYUZUZO,CYUZUZO,1
CZARINA,CZARINA,1
D V AISHWARYA,D V AISHWARYA,1
D'AARON,D'AARON,1
D'AARYN,D'AARYN,1
D'AIDEN,D'AIDEN,1
D'AIRE,D'AIRE,1
D'AIRESS,D'AIRESS,1
D'AMIR,D'AMIR,1
D'AMONI,D'AMONI,1
D'ANDERSON,D'ANDERSON,1
D'ANDRE,D'ANDRE,1
D'ANDREA,D'ANDREA,1
D'ANGELO,D'ANGELO,11
D'ANTHONY,D'ANTHONY,2
D'ARIANE,D'ARIANE,1
D'ARRAE,D'ARRAE,1
D'ARRON,D'ARRON,1
D'ARTAGNAN,D'ARTAGNAN,1
D'ASIA,D'ASIA,2
D'AURI,D'AURI,1
D'CALEB,D'CALEB,1
D'COY,D'COY,1
D'EMIR,D'EMIR,1
D'ERIN,D'ERIN,1
D'ILAND,D'ILAND,1
D'KAYDEN,D’KAYDEN,1
D'LAHNI,D'LAHNI,1
D'LANI,D'LANI,1
D'LANIE,D'LANIE,1
D'LAUREN,D'LAUREN,1
D'LAYLA,D'LAYLA,1
D'MALIKI,D'MALIKI,1
D'MANI,D'MANI,1
D'MARI,D'MARI,1
D'MARION,D'MARION,1
D'MYA,D'MYA,1
D'ORIS,D'ORIS,1
D'QAYLIS,D'QAYLIS,1
D'ROME,D'ROME,1
D'RON,D'RON,1
D'UNTRELL,D'UNTRELL,1
D'VANTE,D'VANTE,1
D'YANA,D'YANA,1
D'ZIA,D'ZIA,1
D'ZYA,D'ZYA,1
DA NY'IA,DA NY'IA,1
DA'CIYAH,DA'CIYAH,1
DA'CLAYVIN,DA'CLAYVIN,1
DA'CORY,DA'CORY,1
DA'ILON,DA'ILON,1
DA'JOURNEE,DA'JOURNEE,1
DA'KARAI,DA'KARAI,1
DA'KARI,DA'KARI,4
DA'KARRI,DA'KARRI,1
DA'KAURI,DA'KAURI,1
DA'KAYLA,DA'KAYLA,1
DA'KHARI,DA'KHARI,1
DA'LAIA,DA'LAIA,1
DA'LAYAH,DA'LAYAH,1
DA'LAYLAH,DA'LAYLAH,1
DA'LAYSHA,DA'LAYSHA,1
DA'LIYAH,DA'LIYAH,3
DA'MARI,DA'MARI,1
DA'MARIA,DA'MARIA,1
DA'MARION,DA'MARION,1
DA'MEIR,DA'MEIR,1
DA'MIRR,DA'MIRR,1
DA'MIYAH,DA'MIYAH,1
DA'MONI,DA'MONI,1
DA'MONIE,DA'MONIE,1
DA'MYA,DA'MYA,2
DA'NIA,DA'NIA,1
DA'NIYAH,DA'NIYAH,4
DA'NIYANA,DA'NIYANA,1
DA'NYLA,DA'NYLA,1
DA'RIUS,DA'RIUS,1
DA'RON,DA'RON,1
DA'SANII,DA'SANII,1
DA'SHAWN,DA'SHAWN,1
DA'SIEHA,DA'SIEHA,1
DA'TAVIOUS,DA'TAVIOUS,1
DA'VINE,DA'VINE,1
DA'VON,DA'VON,2
DA'YOHN,DA'YOHN,1
DA'ZARIAH,DA'ZARIAH,1
DA'ZION,DA'ZION,1
DAANAI,DAANAI,1
DAANVI,DAANVI,1
DAARMIKAA,DAARMIKAA,1
DAASYA,DAASYA,1
DABIOLU,DABIOLU,1
DABIRA,DABIRA,1
DACARIUS,DACARIUS,1
DACARRI,DACARRI,1
DACIA SORAYA,DACIA SORAYA,1
DACILA,DACILA,1
DACIOUS,DACIOUS,1
DACRE,DACRE,1
DADEARA,DADEARA,1
DADRIAN,DADRIAN,1
DADRYAN,DADRYAN,1
DAE,DAE,1
DAE'SEAN,DAE'SEAN,1
DAEDRIAN,DAEDRIAN,1
DAEJ,DAEJ,1
DAEJON,DAEJON,1
DAEL,DAEL,1
DAELAN,DAELAN,1
DAELANEE,DAELANEE,1
DAELY,DAELY,1
DAELYN,DAELYN,9
DAELYNN,DAELYNN,1
DAEMON,DAEMON,1
DAENERYS,DAENERYS,5
DAENNERYS,DAENNERYS,1
DAER,DAER,2
DAESEAN,DAESEAN,1
DAESEVEN,DAESEVEN,1
DAESON,DAESON,1
DAESYN,DAESYN,1
DAEYLIN,DAEYLIN,1
DAFNE,DAFNE,18
DAFNI,DAFNI,1
DAGEN,DAGEN,1
DAGIA,DAGIA,1
DAGMAWI,DAGMAWI,1
DAGNY,DAGNY,5
DAHIANNA,DAHIANNA,1
DAHIRA,DAHIRA,1
DAHLIA,DAHLIA,41
DAHLIAH,DAHLIAH,1
DAHLIANA,DAHLIANA,1
DAHLIANNA,DAHLIANNA,1
DAHLILA,DAHLILA,1
DAHLYA,DAHLYA,1
DAI SHUN,DAI SHUN,1
DAI'VAUGHN,DAI'VAUGHN,1
DAIANA,DAIANA,1
DAIJON,DAIJON,2
DAIL,DAIL,1
DAILA,DAILA,3
DAILA,DAÍLA,1
DAILANY,DAILANY,1
DAILEN,DAILEN,1
DAILENY,DAILENY,1
DAILY,DAILY,1
DAILYN,DAILYN,13
DAILYNN,DAILYNN,1
DAIMARA,DAIMARA,1
DAINA,DAINA,2
DAINET,DAINET,1
DAIRA,DAIRA,1
DAIRE,DAIRE,1
DAIRETH,DAIRETH,1
DAIRY,DAIRY,1
DAISEE,DAISEE,1
DAISUKE,DAISUKE,2
DAISY,DAISY,134
DAITIN,DAITIN,1
DAIVIK,DAIVIK,5
DAIWIK REDDY,DAIWIK REDDY,1
DAIYA,DAIYA,1
DAIYAH,DAIYAH,1
DAIZEN,DAIZEN,1
DAK,DAK,2
DAKAPRI,DAKAPRI,1
DAKARI,DAKARI,7
DAKODA,DAKODA,1
DAKOTA,DAKOTA,68
DAKSH,DAKSH,8
DAKSH REDDY,DAKSH REDDY,1
DAKSHA,DAKSHA,3
DAKSHITH REDDY,DAKSHITH REDDY,1
DAKSTON,DAKSTON,1
DAKXTON,DAKXTON,1
DAKYRIE,DAKYRIE,1
DALA,DALA,1
DALANI,DALANI,1
DALANY,DALANY,2
DALARY,DALARY,22
DALARYS,DALARYS,1
DALAYLA,DALAYLA,2
DALAYZA,DALAYZA,2
DALBUS,DALBUS,1
DALE,DALE,6
DALEL,DALEL,1
DALEN,DALEN,2
DALERY,DALERY,1
DALET,DALET,1
DALETH,DALETH,2
DALETT,DALETT,4
DALEY,DALEY,1
DALEYLA,DALEYLA,1
DALEYSA,DALEYSA,3
DALEYSHA,DALEYSHA,1
DALEYSI,DALEYSI,1
DALEYZA,DALEYZA,49
DALEYZIA,DALEYZIA,1
DALI,DALI,1
DALIA,DALIA,15
DALIA,DÁLIA,1
DALIAH,DALIAH,1
DALIBOR,DALIBOR,1
DALIDA,DALIDA,1
DALIEN,DALIÉN,1
DALILA,DALILA,9
DALILAH,DALILAH,8
DALION,DALION,1
DALIS,DALIS,1
DALIYA,DALIYA,1
DALLAS,DALLAS,44
DALLIE,DALLIE,1
DALMA,DALMA,1
DALMAY,DALMAY,1
DALTON,DALTON,17
DALTON-SLADE,DALTON-SLADE,1
DALU,DALU,1
DALY,DALY,2
DALYA,DALYA,1
DALYLA,DALYLA,1
DALYLAH,DALYLAH,1
DALYN,DALYN,1
DALYZA,DALYZA,1
DALZARY,DALZARY,2
DAMANI,DAMANI,1
DAMARI,DAMARI,6
DAMARINA,DAMARINA,1
DAMARION,DAMARION,1
DAMARIS,DAMARIS,12
DAMARIS,DÁMARIS,1
DAMARRIS,DAMARRIS,1
DAMARYO,DAMARYO,1
DAMAURI,DAMAURI,1
DAME,DAME,1
DAMEN,DAMEN,1
DAMIAN,DAMIAN,193
DAMIAN,DAMIÁN,3
DAMIAN,DAMIAN JR,1
DAMIAN,DAMÍAN,1
DAMIANCITO,DAMIANCITO,1
DAMIANE,DAMIANE,1
DAMIEIBIBAKAM,DAMIEIBIBAKAM,1
DAMIEN,DAMIEN,34
DAMIEN-JAX,DAMIEN-JAX,1
DAMIER,DAMIER,1
DAMILIA,DAMILIA,1
DAMILOLA,DAMILOLA,1
DAMION,DAMION,4
DAMIR,DAMIR,4
DAMIRA,DAMIRA,2
DAMIRI,DAMIRI,1
DAMIYA'LYN,DAMIYA'LYN,1
DAMON,DAMON,10
DAMONI,DAMONI,2
DAMONIE,DAMONIE,1
DAMONN-JAVIEL,DAMONN-JAVIEL,1
DAMYEAN,DAMYEAN,1
DAN,DAN,10
DANA,DANA,28
DANA-SOFIA,DANA-SOFIA,1
DANAE,DANAE,7
DANAE,DÁNAE,1
DANAED,DANAED,1
DANAH,DANAH,1
DANAI,DANAI,1
DANAILY,DANAILY,1
DANAIS,DANAIS,1
DANAISY,DANAISY,2
DANALLY,DANALLY,1
DANE,DANE,9
DANEEN,DANEEN,1
DANELI,DANELI,1
DANELLE,DANELLE,1
DANELLY,DANELLY,3
DANELY,DANELY,4
DANERIK,DANERIK,1
DANESI,DANESI,1
DANESIA,DANESIA,1
DANETCY YERALDINE,DANETCY YERALDINE,1
DANI,DANI,18
DANI ALICIA,DANI ALICIA,1
DANI-JO,DANI-JO,1
DANIA,DANIA,19
DANICA,DANICA,4
DANIEL,DANIEL,492
DANIEL ANTONIO,DANIEL ANTONIO,1
DANIEL EZRA,DANIEL EZRA,1
DANIEL RAY,DANIEL RAY,1
DANIEL'LA,DANIEL'LA,1
DANIELA,DANIELA,82
DANIELI,DANIELI,1
DANIELLA,DANIELLA,43
DANIELLE,DANIELLE,27
DANIIL,DANIIL,2
DANIKA,DANIKA,1
DANIL,DANIL,1
DANILANE,DANILANE,1
DANILO,DANILO,15
DANILYNN,DANILYNN,1
DANITZA,DANITZA,1
DANIYAL,DANIYAL,4
DANIYAR,DANIYAR,1
DANLENS,DANLENS,1
DANLY,DANLY,1
DANNA,DANNA,81
DANNAE,DANNAE,2
DANNALILI,DANNALILI,1
DANNELI,DANNELI,1
DANNELY,DANNELY,1
DANNEN,DANNEN,1
DANNER,DANNER,1
DANNETH,DANNETH,1
DANNETTE,DANNETTE,1
DANNEY,DANNEY,1
DANNI,DANNI,1
DANNIA,DANNIA,1
DANNICA,DANNICA,1
DANNIELLE,DANNIELLE,1
DANNY,DANNY,19
DANSBY,DANSBY,1
DANTE,DANTE,44
DANY,DANY,3
DANY'IA,DANY'IA,1
DANYAL,DANYAL,2
DANYELLA,DANYELLA,1
DANYLO,DANYLO,1
DANYTHZA,DANYTHZA,1
DANZIG,DANZIG,1
DAOUD,DAOUD,1
DAOUOD,DAOUOD,1
DAPHNE,DAPHNE,77
DAPHNIE,DAPHNIE,1
DAR,DAR,1
DARA,DARA,18
DARA,DARÁ,3
DARAH,DARAH,1
DARAHY,DARÁHY,1
DARAISA,DARAISA,1
DARALEYSA,DARALEYSA,1
DARASIMI,DARASIMI,1
DARBY,DARBY,4
DARCY,DARCY,10
DAREEN,DAREEN,1
DAREK,DAREK,2
DAREL,DAREL,2
DARELL,DARELL,4
DARELY,DARELY,2
DAREN,DAREN,1
DARETSSY,DARETSSY,1
DAREY,DAREY,2
DARIA,DARIA,5
DARIAN,DARIAN,11
DARIANA,DARIANA,13
DARIANN,DARIANN,2
DARIANNA,DARIANNA,1
DARICE,DARICE,1
DARIEL,DARIEL,28
DARIELA,DARIELA,6
DARIELL,DARIELL,1
DARIELLE,DARIELLE,1
DARIEN,DARIEN,5
DARIKSON,DARIKSON,1
DARIL,DARIL,1
DARIN,DARIN,1
DARINE,DARINE,1
DARINKA,DARINKA,1
DARIO,DARIO,27
DARIO,DARÍO,3
DARIO,DARIÓ,1
DARION,DARION,3
DARIS,DARIS,1
DARIUS,DARIUS,16
DARIXON,DARIXON,1
DARIYA,DARIYA,1
DARIYANAH,DARIYANAH,1
DARIYYAH,DARIYYAH,1
DARLA,DARLA,5
DARLEEN,DARLEEN,1
DARLENE,DARLENE,5
DARLENY,DARLENY,1
DARLETH,DARLETH,4
DARLIN,DARLIN,1
DARLINGTON,DARLINGTON,1
DARLY,DARLY,1
DARLYN,DARLYN,2
DARNELL,DARNELL,3
DARNELLE,DARNELLE,1
DARRCY,DARRCY,1
DARREL,DARREL,2
DARRELL,DARRELL,8
DARRELLE,DARRELLE,1
DARREN,DARREN,10
DARRIAN,DARRIAN,1
DARRIANA,DARRIANA,1
DARRICK,DARRICK,1
DARRIEN,DARRIEN,1
DARRIS,DARRIS,1
DARROW,DARROW,1
DARRYL,DARRYL,3
DARRYN-RENEE,DARRYN-RENÉE,1
DARSH,DARSH,4
DARSH NANDAN,DARSH NANDAN,1
DARSH VARDHAN,DARSH VARDHAN,1
DARSHA,DARSHA,1
DARSHAN,DARSHAN,2
DARSHANA,DARSHANA,2
DARSHITH,DARSHITH,1
DARVIN,DARVIN,1
DARWIN,DARWIN,15
DARYA,DARYA,2
DARYANA,DARYANA,1
DARYEL,DARYEL,1
DARYL,DARYL,1
DARYLING,DARYLING,1
DARYN,DARYN,2
DARYNA,DARYNA,1
DASANI,DASANI,1
DASAUNDI,DASAUNDI,1
DASEAN,DASEAN,1
DASH,DASH,12
DASHA,DASHA,9
DASHARI,DASHARI,1
DASHAUD,DASHAUD,1
DASHEL,DASHEL,2
DASHELL,DASHELL,1
DASHIA,DASHIA,1
DASHIEL,DASHIEL,1
DASHIELL,DASHIELL,5
DASHLEY,DASHLEY,2
DASHLIN,DASHLIN,1
DASHLY,DASHLY,1
DASIA,DASIA,2
DASTAUN,DASTAUN,1
DATAVIAN,DATAVIAN,1
DATIS,DATIS,1
DATONYE,DATONYE,1
DATRICK,DATRICK,1
DATRIN,DATRIN,1
DATZELLY,DATZELLY,1
DAUDA AKIM,DAUDA AKIM,1
DAUN'DREY,DAUN'DREY,1
DAUNDREY,DAUNDREY,1
DAUNTE,DAUNTE,1
DAVAEHA,DAVAEHA,1
DAVANEE,DAVANEE,1
DAVANTE,DAVANTE,1
DAVAYAH,DAVAYAH,1
DAVE,DAVE,3
DAVEN,DAVEN,2
DAVENPORT,DAVENPORT,1
DAVEY,DAVEY,1
DAVI,DAVI,4
DAVI'ANNA,DAVI'ANNA,1
DAVIA,DAVIA,1
DAVIAN,DAVIAN,6
DAVID,DAVID,414
DAVID,DAVÍD,1
DAVID ANDREW,DAVID ANDREW,1
DAVID BRANDON,DAVID BRANDON,1
DAVID ELI,DAVID ELI,1
DAVIDSON,DAVIDSON,1
DAVIE,DAVIE,2
DAVIEAIR,DAVIEAIR,1
DAVIEL,DAVIEL,1
DAVIES,DAVIES,1
DAVIN,DAVIN,7
DAVINA,DAVINA,13
DAVINCI,DAVINCI,1
DAVION,DAVION,3
DAVIS,DAVIS,41
DAVIS-FAVOR,DAVIS-FAVOR,1
DAVON,DAVON,4
DAVONTAE,DAVONTAE,1
DAVONTE',DAVONTE',1
DAVY,DAVY,10
DAVYAN,DAVYAN,1
DAWN,DAWN,5
DAWSON,DAWSON,56
DAWSYN,DAWSYN,3
DAWT,DAWT,1
DAX,DAX,37
DAXA,DAXA,1
DAXON,DAXON,2
DAXTEN,DAXTEN,1
DAXTON,DAXTON,21
DAXTYN,DAXTYN,1
DAXX,DAXX,1
DAY,DAY,1
DAY'VONTE,DAY'VONTE,1
DAYA,DAYA,6
DAYAKAR,DAYAKAR,1
DAYALI,DAYALI,1
DAYAMI,DAYAMI,4
DAYAN,DAYAN,1
DAYANA,DAYANA,40
DAYANI,DAYANI,2
DAYANNA,DAYANNA,11
DAYANNE,DAYANNE,1
DAYANY,DAYANY,1
DAYCEN,DAYCEN,1
DAYE,DAYE,1
DAYEL,DAYEL,1
DAYELIN,DAYELIN,1
DAYIZ,DAYIZ,1
DAYLA,DAYLA,1
DAYLAH,DAYLAH,1
DAYLANI,DAYLANI,1
DAYLANY,DAYLANY,1
DAYLEEN,DAYLEEN,1
DAYLEN,DAYLEN,1
DAYLI,DAYLI,1
DAYLIN,DAYLIN,7
DAYLINN,DAYLINN,1
DAYLON,DAYLON,1
DAYNA,DAYNA,2
DAYNE,DAYNE,2
DAYQUON,DAYQUON,1
DAYRA,DAYRA,2
DAYRANI,DAYRANI,1
DAYREN,DAYREN,2
DAYRI,DAYRI,1
DAYRIN,DAYRIN,1
DAYRON,DAYRON,1
DAYSEAN,DAYSEAN,1
DAYSHAWN,DAYSHAWN,1
DAYSI,DAYSI,2
DAYSIA,DAYSIA,1
DAYSILYN,DAYSILYN,1
DAYSON,DAYSON,1
DAYSY,DAYSY,1
DAYTANA,DAYTANA,1
DAYTON,DAYTON,6
DAYTONA,DAYTONA,1
DAYZEE,DAYZEE,1
DAZ,DAZ,1
DAZARIA,DAZARIA,1
DAZE,DAZE,2
DAZIEL,DAZIEL,1
DAZIRE,DAZIRE,1
DE' PRINCE,DE' PRINCE,1
DE'AARON,DE'AARON,1
DE'ADRIAN,DE'ADRIAN,1
DE'AEZHA,DE'AEZHA,1
DE'ANDRE,DE'ANDRE,4
DE'ANDREA,DE'ANDREA,1
DE'ANGELO,DE'ANGELO,3
DE'ANNA,DE'ANNA,1
DE'ANTHONY,DE'ANTHONY,3
DE'ARI,DE'ARI,2
DE'ARRA,DE'ARRA,2
DE'ARRAH,DE'ARRAH,1
DE'ASIA,DE'ASIA,3
DE'AVAWNTAE,DE'AVAWNTAE,1
DE'CARI,DE'CARI,1
DE'CORI,DE'CORI,1
DE'ERION,DE'ERION,1
DE'JOHN,DE'JOHN,1
DE'KARIUS,DE'KARIUS,1
DE'KING,DE'KING,1
DE'LANI,DE'LANI,1
DE'LEIAH,DE'LEIAH,1
DE'LEIYA,DE'LEIYA,1
DE'LESIA,DE'LESIA,1
DE'LONA,DE'LONA,1
DE'MANI,DE'MANI,2
DE'MARR,DE'MARR,1
DE'MELO,DE'MELO,1
DE'MOHNI,DE'MOHNI,1
DE'MONI,DE'MONI,1
DE'ONNA,DE'ONNA,1
DE'QUINCE,DE'QUINCE,1
DE'RAN,DE'RAN,1
DE'SEAN,DE'SEAN,1
DE'SHAWN,DE'SHAWN,1
DE'SHON,DE'SHON,2
DE'SHUN,DE'SHUN,1
DE'VAJAE,DE'VAJAE,1
DE'VINE,DE'VINE,1
DE'ZAYA,DE'ZAYA,1
DE'ZHAUN,DE'ZHAUN,1
DEA'ANTE,DEA'ANTE,1
DEACON,DEACON,26
DEAGAN,DEAGAN,1
DEAGLAN,DEAGLAN,1
DEALYN,DEALYN,1
DEAMARION,DEAMARION,1
DEAN,DEAN,119
DEANDRE,DEANDRE,5
DEANGELO,DEANGELO,2
DEANNA,DEANNA,5
DEANTE,DEANTE,1
DEANTHONY,DEANTHONY,2
DEBAHNY,DEBAHNY,1
DEBANHI,DEBANHI,6
DEBANHY,DEBANHY,1
DEBANI,DEBANI,1
DEBORA,DEBORA,2
DEBORA,DÉBORA,1
DEBORA ARISBETH,DEBORA ARISBETH,1
DEBORAH,DEBORAH,10
DEBORAH-AMORA,DEBORAH-AMORA,1
DEBRA,DEBRA,4
DECI,DECI,1
DECKER,DECKER,9
DECKLAN,DECKLAN,1
DECKLIN,DECKLIN,1
DECKLYN,DECKLYN,2
DECKLYNN,DECKLYNN,1
DECLAN,DECLAN,134
DECLYNN,DECLYNN,3
DECRAYON,DECRAYON,1
DEDREUAIN,DEDREUAIN,1
DEDRIC,DEDRIC,1
DEDRICK,DEDRICK,1
DEEANA,DEEANA,1
DEEDUM,DEEDUM,1
DEEK,DEEK,1
DEEKSHA,DEEKSHA,1
DEELIAH,DEELIAH,1
DEEM,DEEM,1
DEEMA,DEEMA,2
DEEMIR,DEEMIR,1
DEEN,DEEN,2
DEENA,DEENA,1
DEETA,DEETA,1
DEETHYA,DEETHYA,1
DEETYA,DEETYA,1
DEETYA SRI,DEETYA SRI,1
DEEVAM,DEEVAM,1
DEEYA SHRI,DEEYA SHRI,1
DEFAR,DEFAR,1
DEFNE,DEFNE,1
DEIA,DEIA,2
DEIBY,DEIBY,1
DEIDRICK,DEIDRICK,1
DEIKER,DEIKER,1
DEILANI,DEILANÍ,1
DEILANY,DEILANY,1
DEILIANA,DEILIANA,1
DEILYN,DEILYN,1
DEIMON,DEIMON,1
DEINA,DEINA,1
DEION,DEION,2
DEIONTAE,DEIONTAE,1
DEISY,DEISY,5
DEIVA,DEIVA,1
DEIVI,DEIVI,1
DEIVY,DEIVY,1
DEIYA,DEIYA,1
DEJA,DEJA,1
DEJA'NAE,DEJA'NAE,1
DEJAUN,DEJAUN,1
DEJUAN,DEJUAN,1
DEKAHRIE,DEKAHRIE,1
DEKENDRICK,DEKENDRICK,1
DEKERIYAH,DEKERIYAH,1
DEKKER,DEKKER,1
DEKLIN,DEKLIN,2
DEKLON,DEKLON,1
DEKLYN,DEKLYN,3
DEKLYNN,DEKLYNN,1
DEKOTA,DEKOTA,1
DELA,DELA,1
DELAILAH,DELAILAH,3
DELAINEY,DELAINEY,1
DELAINIA,DELAINIA,1
DELANA,DELANA,1
DELANE,DELANE,1
DELANEE,DELANEE,1
DELANEI,DELANEI,1
DELANEY,DELANEY,31
DELANI,DELANI,4
DELANIE,DELANIE,2
DELANNI,DELANNI,1
DELANO,DELANO,1
DELANTE,DELANTE,1
DELANY,DELANY,4
DELARA,DELARA,2
DELAYA,DELAYA,1
DELAYAH,DELAYAH,1
DELAYSIA,DELAYSIA,1
DELAYZA,DELAYZA,2
DELEIA,DELEIA,1
DELEON,DELEON,1
DELFIDO,DELFIDO,1
DELIA,DELIA,4
DELIAS,DELIAS,1
DELICIA,DELICIA,1
DELIEYENER,DELIEYENER,1
DELILA,DELILA,1
DELILAH,DELILAH,161
DELILAHRAYE,DELILAHRAYE,1
DELILIAH,DELILIAH,1
DELINA,DELINA,3
DELIYAH,DELIYAH,1
DELLA,DELLA,20
DELLA-ROSA,DELLA-ROSA,1
DELLIN,DELLIN,1
DELLYON,DELLYON,1
DELMER,DELMER,1
DELMI,DELMI,2
DELMY,DELMY,2
DELOREAN,DELOREAN,1
DELPHINE,DELPHINE,6
DELSY,DELSY,1
DELTA,DELTA,1
DELUCA,DELUCA,3
DELUN,DELUN,1
DELVIN,DELVIN,1
DELVIS,DELVIS,1
DELWARD,DELWARD,1
DELYLAH,DELYLAH,5
DEMAH,DEMAH,1
DEMANTAE,DEMANTAE,1
DEMAR,DEMAR,1
DEMARCO,DEMARCO,1
DEMARCUS,DEMARCUS,3
DEMARI,DEMARI,6
DEMARION,DEMARION,2
DEMARIZ,DEMARIZ,1
DEMARVION,DEMARVION,1
DEMEATRIC,DEMEATRIC,1
DEMETRI,DEMETRI,2
DEMETRI'ANA,DEMETRI'ANA,1
DEMETRICY,DEMETRICY,1
DEMETRIO,DEMETRIO,2
DEMETRIUS,DEMETRIUS,11
DEMI,DEMI,14
DEMIAN,DEMIAN,3
DEMIAN,DEMIÁN,1
DEMIANA,DEMIANA,1
DEMIJOI,DEMIJOI,1
DEMIR,DEMIR,5
DEMITRI,DEMITRI,2
DEMITRIUS,DEMITRIUS,1
DEMIYAH,DEMIYAH,1
DEMONTRAE,DEMONTRAE,1
DEMORIAN,DEMORIAN,1
DEMPSEY,DEMPSEY,2
DENAHI,DENAHI,1
DENAHLY,DENAHLY,1
DENALI,DENALI,4
DENALY,DENALY,1
DENARD,DENARD,1
DENHAM,DENHAM,1
DENI,DENI,2
DENIA,DENIA,1
DENICE,DENICE,1
DENIER,DENIER,1
DENILZON,DENILZON,1
DENIM,DENIM,2
DENIS,DENIS,5
DENISA,DENISA,1
DENISE,DENISE,7
DENISSE,DENISSE,17
DENIZ,DENIZ,6
DENMAR,DENMAR,1
DENNA,DENNA,1
DENNER,DENNER,1
DENNHI,DENNHI,1
DENNI,DENNI,1
DENNIS,DENNIS,17
DENNISE,DENNISE,4
DENNISSE,DENNISSE,2
DENNY,DENNY,1
DENNYS,DENNYS,1
DENO,DENO,1
DENTON,DENTON,3
DENTRAY,DENTRAY,1
DENVER,DENVER,27
DENYM,DENYM,2
DENZEL,DENZEL,10
DENZO,DENZO,1
DEO,DEO,1
DEON,DEON,8
DEONA,DEONA,1
DEONDRIA,DEONDRIA,1
DEONTAE,DEONTAE,2
DEONTIS,DEONTIS,1
DEONTRAYVIA,DEONTRAYVIA,1
DEOR,DEOR,1
DEPRIEST,DEPRIEST,1
DEQLAN,DEQLAN,1
DERCY,DERCY,1
DERECK,DERECK,11
DEREK,DEREK,58
DEREKH,DEREKH,1
DEREON,DEREON,1
DERET,DERET,1
DERIAN,DERIAN,2
DERIANNE,DERIANNE,1
DERICA,DERICA,1
DERICK,DERICK,5
DERICKSON,DERICKSON,1
DERIN,DERIN,1
DERIS,DERIS,1
DERLING,DERLING,1
DERMOT,DERMOT,1
DERON,DERON,3
DERRIANE,DERRIANE,1
DERRIC,DERRIC,1
DERRICK,DERRICK,10
DERRY,DERRY,1
DERWIN,DERWIN,1
DERYON,DERYON,1
DES'ZYAIRE,DES'ZYAIRE,1
DESAI,DESAI,1
DESAREE,DESAREE,1
DESEAN,DESEAN,2
DESHAN,DESHAN,1
DESHAUN,DESHAUN,1
DESHAUNDI,DESHAUNDI,1
DESHAWN,DESHAWN,5
DESHON,DESHON,1
DESI,DESI,4
DESIAH,DESIAH,1
DESIDERIO,DESIDERIO,2
DESIRAE,DESIRAE,3
DESIRE,DESIRE,3
DESIREE,DESIREE,1
DESLYNN,DESLYNN,1
DESMAN,DESMAN,1
DESMINE,DESMINE,1
DESMOND,DESMOND,45
DESSA,DESSA,1
DESTANEY,DESTANEY,1
DESTANI,DESTANI,1
DESTANY,DESTANY,2
DESTIN,DESTIN,2
DESTINEE,DESTINEE,3
DESTINI,DESTINI,1
DESTINY,DESTINY,32
DESTON,DESTON,1
DESTRY,DESTRY,1
DESTYN,DESTYN,1
DESUM,DESUM,1
DETAVIAN,DETAVIAN,1
DETRIC,DETRIC,1
DEUNTE,DEUNTE,1
DEV,DEV,13
DEV AGASTYA,DEV AGASTYA,1
DEV ARJUN,DEV ARJUN,1
DEV HANUMAAN,DEV HANUMAAN,1
DEV PRATEEK,DEV PRATEEK,1
DEVA,DEVA,1
DEVAANSH,DEVAANSH,2
DEVAARYA,DEVAARYA,1
DEVAEH,DEVAEH,1
DEVAEYH,DEVAEYH,1
DEVAN,DEVAN,2
DEVANE,DEVANÉ,1
DEVANEY,DEVANEY,1
DEVANNEY,DEVANNEY,1
DEVANNY,DEVANNY,2
DEVANSH,DEVANSH,13
DEVANSH SKANDA,DEVANSH SKANDA,1
DEVANSHI,DEVANSHI,1
DEVANSHU,DEVANSHU,1
DEVANTE,DEVANTE,2
DEVANY,DEVANY,1
DEVARSH,DEVARSH,1
DEVARSHI,DEVARSHI,1
DEVASRI,DEVASRI,1
DEVAT,DEVAT,1
DEVEAH,DEVEAH,1
DEVEN,DEVEN,1
DEVENDRA,DEVENDRA,1
DEVENY SENA,DEVENY SENA,1
DEVEREAUX,DEVEREAUX,1
DEVESH,DEVESH,3
DEVESHI,DEVESHI,1
DEVI,DEVI,3
DEVIN,DEVIN,34
DEVINA,DEVINA,1
DEVINN,DEVINN,1
DEVION,DEVION,1
DEVIRA-LYELLE,DEVIRA-LYELLE,1
DEVLIN,DEVLIN,2
DEVNA,DEVNA,1
DEVON,DEVON,10
DEVONNE,DEVONNE,1
DEVONTE',DEVONTE',2
DEVRI,DEVRI,1
DEVYANA,DEVYANA,1
DEVYANI,DEVYANI,1
DEVYANKA,DEVYANKA,1
DEVYN,DEVYN,12
DEVYNA,DEVYNA,1
DEWA,DEWA,1
DEWEY,DEWEY,1
DEXI,DEXI,1
DEXTER,DEXTER,18
DEXTON,DEXTON,2
DEYANIRA,DEYANIRA,1
DEYBI,DEYBI,3
DEYDELYZ,DEYDELYZ,1
DEYLAN,DEYLAN,3
DEYLANIE,DEYLANIE,1
DEYMARI,DEYMARI,1
DEYNA,DEYNA,1
DEYNE BARRYS,DEYNE BARRYS,1
DEYSI,DEYSI,3
DEYSY,DEYSY,1
DEYVI,DEYVI,1
DEYVID,DEYVID,1
DEYVIN,DEYVIN,2
DEZ,DEZ,1
DEZANI,DEZANI,1
DEZARAE,DEZARAE,1
DEZI,DEZI,2
DEZIREE,DEZIREE,1
DEZMOND,DEZMOND,1
DEZY,DEZY,1
DHAANI,DHAANI,1
DHAIVIK,DHAIVIK,1
DHAKIYA,DHAKIYA,1
DHAKSHAN,DHAKSHAN,1
DHALIA,DHALIA,2
DHANANJAY,DHANANJAY,1
DHANASHREE,DHANASHREE,1
DHANUSH,DHANUSH,2
DHANVIN,DHANVIN,2
DHANVIN PRASIDH,DHANVIN PRASIDH,1
DHANVISRI,DHANVISRI,1
DHANWIN,DHANWIN,1
DHANYA,DHANYA,1
DHARA,DHARA,2
DHARSHANA,DHARSHANA,1
DHARSHIKA,DHARSHIKA,1
DHARSITH,DHARSITH,1
DHARVIK,DHARVIK,1
DHARVIQ,DHARVIQ,1
DHASIA,DHASIA,1
DHATRI,DHATRI,3
DHATRISH AARIV,DHATRISH AARIV,1
DHEER,DHEER,1
DHEERA,DHEERA,2
DHEERAN,DHEERAN,4
DHIAAN,DHIAAN,1
DHILAN,DHILAN,1
DHISHAN,DHISHAN,1
DHISHNYA VARMA,DHISHNYA VARMA,1
DHITVI,DHITVI,1
DHITYA,DHITYA,1
DHIVIT,DHIVIT,1
DHIYA,DHIYA,1
DHIYAAN,DHIYAAN,1
DHIYANSHI,DHIYANSHI,1
DHRIT,DHRIT,1
DHRITHI,DHRITHI,2
DHRITHI RAO,DHRITHI RAO,1
DHRITI,DHRITI,11
DHRITI HAMSINI,DHRITI HAMSINI,1
DHRITI MYRA,DHRITI MYRA,1
DHRITI NANDANA,DHRITI NANDANA,1
DHRIYA,DHRIYA,1
DHRUTHIK,DHRUTHIK,1
DHRUTHY,DHRUTHY,1
DHRUTI,DHRUTI,1
DHRUTI SWAROOPA,DHRUTI SWAROOPA,1
DHRUV,DHRUV,35
DHRUV CHAKRAVARTHI,DHRUV CHAKRAVARTHI,1
DHRUV REDDY,DHRUV REDDY,1
DHRUV SIMHA,DHRUV SIMHA,1
DHRUVA,DHRUVA,9
DHRUVA NANDAN,DHRUVA NANDAN,1
DHRUVAN,DHRUVAN,4
DHRUVAN REDDY,DHRUVAN REDDY,1
DHRUVI,DHRUVI,2
DHRUVIKA,DHRUVIKA,1
DHRUVIN,DHRUVIN,1
DHUN,DHUN,1
DHURUVA,DHURUVA,1
DHVEN,DHVEN,1
DHVITHI RAO,DHVITHI RAO,1
DHYANA,DHYANA,1
DHYANI,DHYANI,1
DHYEY,DHYEY,2
DHYLAM,DHYLAM,1
DHYOM,DHYOM,1
DHYUTHI,DHYUTHI,1
DI'ANGELO,DI'ANGELO,1
DI'MOND,DI'MOND,1
DIA,DIA,8
DIACO,DIACO,1
DIAGO,DIAGO,4
DIAMANT'E,DIAMANT'E,1
DIAMOND,DIAMOND,8
DIAMOND-ALLEN,DIAMOND-ALLEN,1
DIAMONIAH,DIAMONIAH,1
DIAN,DIAN,1
DIANA,DIANA,95
DIANA SARAHI,DIANA SARAHI,1
DIANASIA,DIANASIA,1
DIANE,DIANE,2
DIANELI,DIANELI,1
DIANER,DIANER,1
DIANNA,DIANNA,8
DIANNE,DIANNE,2
DIANY,DIANY,2
DIAR,DIAR,1
DIARA,DIARA,1
DIARAYE,DIARAYE,1
DIBORA,DIBORA,1
DIDA,DIDA,1
DIDEOLUWA,DIDEOLUWA,1
DIDIER,DIDIER,2
DIEGO,DIEGO,284
DIELL,DIELL,1
DIEM,DIEM,1
DIEREDIE,DIEREDIE,1
DIESEL,DIESEL,1
DIETRICH,DIETRICH,1
DIEUSON,DIEUSON,1
DIEZAEL,DIEZAEL,1
DIGBY,DIGBY,2
DIGIOLA,DIGIOLA,1
DIHA,DIHA,1
DIIORR,DIIORR,1
DIJON,DIJON,1
DILAN,DILAN,28
DILARY,DILARY,1
DILCIA,DILCIA,1
DILIANA,DILIANA,1
DILLAN,DILLAN,3
DILLARD,DILLARD,1
DILLON,DILLON,23
DILLYN,DILLYN,1
DILSIA,DILSIA,1
DIMA,DIMA,2
DIMAS,DIMAS,1
DIMITRI,DIMITRI,3
DIMITRIS,DIMITRIS,2
DIN,DIN,1
DINA,DINA,1
DINAH,DINAH,3
DINALLO,DINALLO,1
DINERO,DINERO,4
DINERO,DINÉRO,1
DINGNA,DINGNA,1
DININ,DININ,1
DINO,DINO,2
DIO,DIO,1
DIOMEDES,DIOMEDES,1
DION,DION,6
DION'TE,DION'TE,1
DIONEL,DIONEL,1
DIONICIO,DIONICIO,1
DIONNA,DIONNA,1
DIONTAE,DIONTAE,1
DIOR,DIOR,13
DIORA,DIORA,1
DIOS,DIOS,1
DIOSEL,DIOSEL,1
DIOVANI,DIOVANI,1
DIOVANNI,DIOVANNI,1
DIRIANY,DIRIANY,1
DIRICHI,DIRICHI,1
DIRK,DIRK,3
DIRYEL,DIRYEL,1
DISHA,DISHA,1
DISHANA,DISHANA,1
DISRRAELI,DISRRAELI,1
DITHYA,DITHYA,2
DITI,DITI,1
DITVI,DITVI,1
DITVI CHENGALI,DITVI CHENGALI,1
DITYA,DITYA,1
DITYAA MUNDIYOLANDA,DITYAA MUNDIYOLANDA,1
DIVA,DIVA,1
DIVANA,DIVANA,1
DIVANS,DIVANS,1
DIVENA,DIVENA,1
DIVIJ REDDY,DIVIJ REDDY,1
DIVIK,DIVIK,1
DIVIKA,DIVIKA,1
DIVINA,DIVINA,2
DIVINE,DIVINE,7
DIVINITY,DIVINITY,5
DIVINO,DIVINO,1
DIVISH,DIVISH,1
DIVISHA,DIVISHA,6
DIVISHA REDDY,DIVISHA REDDY,1
DIVIT,DIVIT,5
DIVITH,DIVITH,2
DIVYA,DIVYA,4
DIVYA SRI,DIVYA SRI,1
DIVYAN,DIVYAN,1
DIVYANKA,DIVYANKA,1
DIXEY,DIXEY,1
DIXIE,DIXIE,4
DIXON,DIXON,2
DIXY,DIXY,1
DIYA,DIYA,24
DIYAAN,DIYAAN,1
DIYAN,DIYAN,1
DIYANSH,DIYANSH,1
DJAMEL,DJAMEL,1
DJANGO,DJANGO,1
DJAY,DJAY,1
DJIBRIL,DJIBRIL,2
DJREAME,DJREAME,1
DJREME,DJREMÉ,1
DJUNA,DJUNA,2
DMITRI,DMITRI,2
DO YUN,DO YUN,1
DOAK,DOAK,1
DOC,DOC,2
DOCIA,DOCIA,1
DOCK,DOCK,1
DODGE,DODGE,1
DOLAN,DOLAN,1
DOLLY,DOLLY,10
DOLORES,DOLORES,8
DOMANI,DOMANI,2
DOMANIC,DOMANIC,1
DOMARI,DOMARI,1
DOMENIC,DOMENIC,1
DOMINAH,DOMINAH,1
DOMINGA,DOMINGA,2
DOMINGO,DOMINGO,8
DOMINIC,DOMINIC,148
DOMINIC ALEXANDER,DOMINIC ALEXANDER,1
DOMINICA,DOMINICA,1
DOMINICK,DOMINICK,17
DOMINIK,DOMINIK,15
DOMINIK MATEO,DOMINIK MATEO,1
DOMINIQ,DOMINIQ,2
DOMINIQUE,DOMINIQUE,9
DOMMINIC,DOMMINIC,1
DOMONIC,DOMONIC,1
DON,DON,4
DON,DÕN,1
DON RAFAEL,DON RAFAEL,1
DON'TRELL,DON'TRELL,1
DON'TREY,DON'TREY,1
DONAKA,DONAKA,1
DONALD,DONALD,11
DONALDO,DONALDO,1
DONATO,DONATO,1
DONAVAN,DONAVAN,2
DONELLA,DONELLA,1
DONIA,DONIA,1
DONIS,DONIS,1
DONITELLO,DONITELLO,1
DONIVAN,DONIVAN,1
DONNA,DONNA,3
DONNELL,DONNELL,1
DONNI,DONNI,1
DONNIE,DONNIE,1
DONNIYA,DONNIYA,1
DONNYLO,DONNYLO,1
DONOVAN,DONOVAN,39
DONOVIN,DONOVIN,1
DONTAE,DONTAE,2
DONTAEAX,DONTAEAX,1
DONTAI,DONTAI,1
DONTAVIOUS,DONTAVIOUS,2
DONTAYE,DONTAYE,1
DONTE,DONTÉ,2
DONTRAE,DONTRAE,1
DONTREA,DONTREA,1
DONZEAL,DONZEAL,1
DONZELL,DONZELL,1
DOONA,DOONA,1
DORA,DORA,5
DORAH,DORAH,1
DORAN,DORAN,1
DORCAS,DORCAS,1
DORI,DORI,2
DORIAN,DORIAN,29
DORIAN,DORÍAN,1
DORIE,DORIE,1
DORIS,DORIS,3
DOROTHEA,DOROTHEA,5
DOROTHY,DOROTHY,37
DOROTHY JEAN,DOROTHY JEAN,1
DOROTHY OLINA,DOROTHY OLINA,1
DORSA,DORSA,1
DORTHA,DORTHA,1
DORY,DORY,1
DOSS,DOSS,1
DOSSY,DOSSY,1
DOTTIE,DOTTIE,4
DOTTY,DOTTY,2
DOUGAL,DOUGAL,1
DOUGLAS,DOUGLAS,14
DOUWE,DOUWE,1
DOV,DOV,1
DOVE,DOVE,1
DOWNING,DOWNING,1
DRACO,DRACO,4
DRAGAN,DRAGAN,1
DRAGO,DRAGO,2
DRAGOMIR,DRAGOMIR,1
DRAGON,DRAGON,1
DRAIDEN,DRAIDEN,2
DRAKE,DRAKE,11
DRAKKO,DRAKKO,1
DRAPER,DRAPER,1
DRAVEN,DRAVEN,5
DRAX,DRAX,1
DRAXLER,DRAXLER,2
DRAYCE,DRAYCÉ,1
DRAYDEN,DRAYDEN,1
DRAYLEN,DRAYLEN,1
DRAYLN,DRAYLN,1
DRAYSON,DRAYSON,1
DRAYTON,DRAYTON,2
DRAZEO,DRAZEO,1
DRE' YAH,DRE' YAH,1
DRE'ANA,DRE'ANA,1
DRE'MONI,DRE'MONI,1
DREA,DREA,1
DREAM,DREAM,13
DREAM KYHANNA,DREAM KYHANNA,1
DREAMEE,DREAMEE,1
DREAMI,DREAMI,1
DREAUX,DREAUX,1
DREESSEN,DREESSEN,1
DRELLIS,DRELLIS,1
DRESDEN,DRESDEN,2
DREUX,DREUX,2
DREVION,DREVION,1
DREW,DREW,35
DREXEL,DREXEL,1
DREXLER,DREXLER,2
DREYA ANGELICA,DREYA ANGELICA,1
DREYLEN,DREYLEN,1
DREYON,DREYON,1
DREYTON,DREYTON,1
DREZAR,DREZAR,1
DREZDYN,DREZDYN,1
DRIAN,DRIAN,1
DRIANA,DRIANA,2
DRIEAM,DRIEAM,1
DRISH,DRISH,1
DRISHYA,DRISHYA,1
DRITHI,DRITHI,3
DRITHI TAARA,DRITHI TAARA,1
DROR,DROR,1
DRU,DRU,6
DRUE,DRUE,2
DRUTHI,DRUTHI,2
DRUV,DRUV,2
DRYDEN,DRYDEN,2
DRYSTEN,DRYSTEN,1
DU'QUAN,DU'QUAN,1
DUA,DUA,4
DUANE,DUANE,3
DUBAI,DUBAI,1
DUBLIN,DUBLIN,1
DUCHESS,DUCHESS,1
DUKE,DUKE,36
DULCE,DULCE,31
DULCELUNA,DULCELUNA,1
DULCEMARIA,DULCEMARIA,1
DUMTOCHUKWU,DUMTOCHUKWU,1
DUNCAN,DUNCAN,19
DUNE,DUNE,2
DUNEA,DUNEA,1
DUNTAE,DUNTAE,1
DUNYA,DUNYA,1
DUONG HY,DUONG HY,1
DURAN,DURAN,2
DURVA,DURVA,2
DURWOOD,DURWOOD,1
DUSTIN,DUSTIN,14
DUSTY,DUSTY,4
DUTCH,DUTCH,2
DUTTON,DUTTON,5
DUWIMANA,DUWIMANA,1
DVITHI,DVITHI,1
DVITI,DVITI,1
DWANYE,DWANYE,1
DWARAK,DWARAK,1
DWAYNE,DWAYNE,3
DWIGHT,DWIGHT,3
DWIJ,DWIJ,1
DWIJA,DWIJA,1
DWISHA,DWISHA,1
DWYANE,DWYANE,1
DWYN,DWYN,1
DY'AVII,DY'AVII,1
DY'LIAH,DY'LIAH,1
DY'MOND,DY'MOND,1
DYAMI,DYAMI,2
DYAN,DYAN,1
DYANNA,DYANNA,1
DYHTON,DYHTON,1
DYLAM,DYLAM,1
DYLAN,DYLAN,523
DYLAN,DYLÁN,1
DYLAN-MARIE,DYLAN-MARIE,1
DYLAND,DYLAND,2
DYLANE AUSTIN,DYLANE AUSTIN,1
DYLANIE,DYLANIE,1
DYLANN,DYLANN,5
DYLEN,DYLEN,1
DYLIANIS,DYLIANIS,1
DYLLAN,DYLLAN,2
DYLON,DYLON,2
DYMON'LI,DYMON'LI,1
DYMOND,DYMOND,1
DYMONI,DYMONI,1
DYMONIQUE,DYMONIQUE,1
DYMYLL,DYMYLL,1
DYNA LYNN,DYNA LYNN,1
DYNAH,DYNAH,1
DYNALI,DYNALI,1
DYNASTII,DYNASTII,1
DYNASTY,DYNASTY,2
DYNO,DYNO,1
DYSHUN,DYSHUN,1
DYSON,DYSON,1
DYUTHI,DYUTHI,1
DYUTHI DHARA,DYUTHI DHARA,1
DYXY,DYXY,1
E'ILYANNA,E’ILYANNA,1
E'LANI,E'LANI,1
E'LASIA,E'LASIA,1
E'LAYNA,E'LAYNA,1
E'LAYSIA,E'LAYSIA,1
E'LIANA,E'LIANA,1
E'MAJAYE,E'MAJAYE,1
E'MANI,E'MANI,1
E'MARI,E'MARI,2
E'MARION,E'MARION,1
E'MARRI,E'MARRI,1
E'MON,E'MON,1
E'MONI,E'MONI,2
E'NYKO,E'NYKO,1
E'STON,E'STON,1
E'XYLIEM,E'XYLIEM,1
E'ZARRIAH,E’ZARRIAH,1
EA'MON,EA'MON,1
EADIE,EADIE,2
EAGLE,EAGLE,1
EAHN,EAHN,1
EAIN,EAIN,1
EAMES,EAMES,2
EAMON,EAMON,5
EAMONN,EAMONN,1
EAN,EAN,2
EANA,EANA,1
EARL,EARL,4
EARLE,EARLE,1
EARLEN,EARLEN,1
EARLY,EARLY,2
EARNEST,EARNEST,1
EARTHA,EARTHA,1
EASHAN,EASHAN,1
EASON,EASON,2
EASTLYN,EASTLYN,1
EASTON,EASTON,138
EBANGHA,EBANGHA,1
EBBA,EBBA,1
EBBE,EBBE,1
EBBO,EBBO,1
EBEN,EBEN,5
EBENEZER,EBENEZER,5
EBER,EBER,3
EBERLY,EBERLY,5
EBJAR,EBJAR,1
EBO,EBO,1
EBUBECHI,EBUBECHI,1
EBUNOLUWA,EBUNOLUWA,2
ECCO,ECCO,1
ECHO,ECHO,3
ECLIPSE,ECLIPSE,1
ECNY,ECNY,1
ECTOR,ECTOR,1
EDA,EDA,3
EDAEL,EDAEL,1
EDAHI,EDAHI,3
EDAIN,EDAIN,1
EDALBER,EDALBER,1
EDALI,EDALÍ,1
EDALYN,EDALYN,2
EDAN,EDAN,1
EDBER,EDBER,1
EDDA,EDDA,1
EDDEI,EDDEI,1
EDDEL,EDDEL,1
EDDER,EDDER,1
EDDI,EDDI,1
EDDIE,EDDIE,11
EDDISON,EDDISON,1
EDDY,EDDY,8
EDDY SAMUEL,EDDY SAMUEL,1
EDEE,EDEE,1
EDELAWIT,EDELAWIT,1
EDELIN,EDELIN,1
EDELWEISS,EDELWEISS,1
EDELYN,EDELYN,2
EDELYNN,EDELYNN,1
EDEM,EDEM,1
EDEN,EDEN,134
EDEN,EDÉN,3
EDEN ASSENGONE,EDEN ASSENGONE,1
EDER,EDER,7
EDERSON,EDERSON,1
EDESSA,EDESSA,1
EDGAR,EDGAR,64
EDGARD,EDGARD,2
EDGARDO,EDGARDO,3
EDI,EDI,1
EDIAN,EDIAN,1
EDIE,EDIE,16
EDIEL,EDIEL,2
EDIL,EDIL,2
EDILBERTO,EDILBERTO,1
EDILINE,EDILINE,1
EDIMA,EDIMA,1
EDIN,EDIN,5
EDINSON,EDINSON,2
EDISON,EDISON,19
EDITH,EDITH,46
EDLYN,EDLYN,1
EDMEE,EDMÉE,1
EDMEN,EDMEN,1
EDMUND,EDMUND,3
EDMUNDO,EDMUNDO,1
EDNA,EDNA,3
EDOARDO,EDOARDO,1
EDON,EDON,1
EDRAS,EDRAS,1
EDREA,EDREA,1
EDRES,EDRES,1
EDRIC,EDRIC,2
EDRICK,EDRICK,6
EDRIE,EDRIE,1
EDRIEL,EDRIEL,1
EDSON,EDSON,4
EDU,EDU,1
EDUAR,EDUAR,2
EDUARD,EDUARD,3
EDUARDO,EDUARDO,107
EDUARDO-EMILIANO,EDUARDO-EMILIANO,1
EDUART,EDUART,1
EDUDZI,EDUDZI,1
EDUFIA,EDUFIA,1
EDUIN,EDUIN,2
EDUVIEL,EDUVIEL,1
EDVIN,EDVIN,2
EDWARD,EDWARD,107
EDWARDO,EDWARDO,3
EDWENTZ,EDWENTZ,1
EDWIN,EDWIN,67
EDWINNA,EDWINNA,1
EDYN,EDYN,1
EDYTHE-ROSE,EDYTHE-ROSE,1
EEMAR,EEMAR,1
EERA,EERA,4
EERIEMOON,EERIEMOON,1
EERO,EERO,1
EESA,EESA,7
EESHA,EESHA,5
EESHA NIVRITI,EESHA NIVRITI,1
EESHA REDDY,EESHA REDDY,1
EESHAN,EESHAN,3
EEVEE,EEVEE,2
EEVIE,EEVIE,1
EEZHA,EEZHA,1
EFEEZEN,EFEEZEN,1
EFFAT,EFFAT,1
EFFIE,EFFIE,8
EFOSA,EFOSA,1
EFRA,EFRA,1
EFRAIN,EFRAIN,10
EFRAN,EFRAN,1
EFRATA,EFRATA,3
EFREN,EFREN,5
EFSTRATIOS,EFSTRATIOS,1
EFY,EFY,1
EGAN,EGAN,1
EGHOGHON,EGHOGHON,1
EGHOSASERE,EGHOSASERE,1
EGOR,EGOR,1
EGYPT,EGYPT,6
EGYPT-JUESSIAH,EGYPT-JUESSIAH,1
EHAAN,EHAAN,2
EHAN,EHAN,2
EHAS,EHAS,1
EHIKA,EHIKA,1
EHILANI,EHILANI,1
EHIMEN,EHIMEN,1
EHITAM,EHITAM,1
EHITAN,EHITAN,3
EHIZENA,EHIZENA,1
EHLANI,EHLANI,13
EHLENA,EHLENA,1
EHLIANA,EHLIANA,2
EHLIANI,EHLIANÍ,1
EHSAN,EHSAN,2
EIDAN,EIDAN,7
EIDEN,EIDEN,8
EIDER,EIDER,4
EIFAAD,EIFAAD,1
EIHTAN,EIHTAN,1
EIJAH,EIJAH,1
EILA,EILA,10
EILAH,EILAH,1
EILAM,EILAM,1
EILAN,EILAN,2
EILEEN,EILEEN,29
EILEN,EILEN,2
EILER,EILER,1
EILEY,EILEY,2
EILIANA,EILIANA,1
EILIDH,EILIDH,2
EILIM,EILIM,1
EILISH,EILISH,1
EILIYAH,EILIYAH,1
EILLANA,EILLANA,1
EILON,EILON,1
EILY,EILY,1
EILYN,EILYN,5
EILYSHA,EILYSHA,1
EIMEAR,EIMEAR,1
EIMI,EIMI,1
EIMMY,EIMMY,2
EIMY,EIMY,8
EINAR,EINAR,1
EINHOA,EINHOA,1
EIRA,EIRA,4
EIRAM,EIRAM,1
EIREN,EIREN,3
EIRENE,EIRENE,1
EIRESS,EIRESS,1
EIRMIAS,EIRMIAS,1
EISELA,EISELA,1
EISELIE,EISELIE,1
EISHA,EISHA,1
EISLEY,EISLEY,16
EISLYNN,EISLYNN,1
EITAN,EITAN,13
EITHAM,EITHAM,1
EITHAN,EITHAN,54
EITRI,EITRI,1
EIVAN,EIVAN,1
EIVEN,EIVEN,1
EIVIN,EIVIN,1
EIVY,EIVY,1
EIWEN,EIWEN,1
EIYARA,EIYARA,1
EIZ,EIZ,1
EIZA,EIZA,11
EIZLYNN,EIZLYNN,1
EIZON,EIZON,1
EJIRO,EJIRO,1
EKA,EKA,1
EKAKSH,EKAKSH,1
EKAM KAUR,EKAM KAUR,1
EKANSH,EKANSH,2
EKATERINA,EKATERINA,2
EKAVEER,EKAVEER,1
EKLEEL,EKLEEL,1
EKRAMULLAH,EKRAMULLAH,1
EKREM,EKREM,1
EKROOP,EKROOP,1
ELA,ELA,4
ELADIO,ELADIO,1
ELAH,ELAH,1
ELAHNI,ELAHNI,2
ELAI,ELAI,1
ELAIA,ELAIA,2
ELAIA,ELAÏA,1
ELAIDE,ELAIDE,1
ELAINA,ELAINA,29
ELAINE,ELAINE,24
ELAIYA,ELAIYA,2
ELAM,ELAM,4
ELAM SCOTT,ELAM SCOTT,1
ELAN,ELAN,7
ELANA,ELANA,3
ELAND,ELAND,1
ELANEICLYN,ELANEICLYN,1
ELANESE,ELANESE,1
ELANI,ELANI,5
ELANID,ELANID,1
ELANIE,ELANIE,1
ELANNA,ELANNA,2
ELANNYE,ELANNYE,1
ELANOOR,ELANOOR,1
ELANOR,ELANOR,2
ELANORE,ELANORE,1
ELANY,ELANY,1
ELARA,ELARA,15
ELARIA,ELARIA,1
ELASIA,ELASIA,1
ELAYA,ELAYA,2
ELAYAH,ELAYAH,3
ELAYNA,ELAYNA,8
ELAYSHIA,ELAYSHIA,1
ELAYSIA MONYAII,ELAYSIA MONYAII,1
ELBERT,ELBERT,1
ELDA,ELDA,3
ELDAH,ELDAH,1
ELDAI,ELDAI,1
ELDANA,ELDANA,2
ELDEN,ELDEN,1
ELDER,ELDER,7
ELDI,ELDI,1
ELDIGARDO,ELDIGARDO,1
ELDIVINE,ELDIVINE,1
ELDO JOSEPH,ELDO JOSEPH,1
ELDON,ELDON,1
ELDRIDGE,ELDRIDGE,1
ELEA,ELEA,2
ELEA SAGE,ELEA SAGE,1
ELEAN,ELEAN,1
ELEANA,ELEANA,4
ELEANNA,ELEANNA,1
ELEANOR,ELEANOR,346
ELEANOR,ELÉANOR,1
ELEANOR ROSE,ELEANOR ROSE,1
ELEANOR ROUX,ELEANOR ROUX,1
ELEANORA,ELEANORA,9
ELEANORE,ELEANORE,9
ELEANY,ELEANY,1
ELEARELY,ELEARELY,1
ELEAZAR,ELEAZAR,17
ELECTRA,ELECTRA,1
ELEDIA,ELEDIA,1
ELEEANA,ELEEANA,1
ELEEN,ELEEN,2
ELEENA,ELEENA,1
ELEEZA,ELEEZA,1
ELEGANCE,ELEGANCE,1
ELEIGHA,ELEIGHA,1
ELEINA,ELEINA,1
ELEISECEON,ELEISECEON,1
ELEISYLEE,ELEISYLEE,1
ELEK,ELEK,1
ELENA,ELENA,298
ELENA ROSE,ELENA ROSE,1
ELENARAE,ELENARAE,1
ELENI,ELENI,9
ELENIE,ELENIE,1
ELENNA,ELENNA,1
ELENOR,ELENOR,1
ELENORA,ELENORA,3
ELENORE,ELENORE,2
ELENY,ELENY,2
ELEO,ELEO,2
ELEONORA,ELEONORA,4
ELEONORE,ELEONORE,3
ELEORA,ELEORA,1
ELEOS,ELEOS,1
ELESSANDRA,ELESSANDRA,1
ELETTA,ELETTA,1
ELEUTERIO,ELEUTERIO,1
ELEVYN,ELEVYN,1
ELEYZA,ELEYZA,1
ELEZA,ELEZA,1
ELFEGO,ELFEGO,1
ELFIE,ELFIE,1
ELGHA,ELGHA,1
ELHADJ,ELHADJ,2
ELHAM,ELHAM,2
ELHAN,ELHAN,1
ELI,ELI,199
ELI ESTEBAN,ELI ESTEBAN,1
ELI FRANCO,ELI FRANCO,1
ELI JACE,ELI JACE,1
ELI'JAH,ELI'JAH,1
ELIA,ELIA,25
ELIA,ELIÁ,1
ELIA,ELÍA,1
ELIAB,ELIAB,4
ELIACER,ELIACER,1
ELIAH,ELIAH,6
ELIAHANA,ELIAHANA,1
ELIAHH,ELIAHH,1
ELIAKIM,ELIAKIM,1
ELIAM,ELIAM,28
ELIAM,ELIÁM,1
ELIAMS,ELIAMS,1
ELIAN,ELIAN,54
ELIAN,ELIÁN,18
ELIANA,ELIANA,218
ELIANAH,ELIANAH,4
ELIANAHI,ELIANAHI,1
ELIANDRIS,ELIANDRIS,1
ELIANE,ELIANE,4
ELIANETH,ELIANETH,1
ELIANNA,ELIANNA,53
ELIANNE,ELIANNE,1
ELIANNIE,ELIANNIE,1
ELIANNY,ELIANNY,2
ELIANO,ELIANO,1
ELIANTTE,ELIANTTE,1
ELIANY,ELIANY,3
ELIAS,ELIAS,307
ELIAS,ELÍAS,16
ELIAS SHIMEI,ELIAS SHIMEI,1
ELIAV,ELIAV,2
ELIAZ,ELIAZ,4
ELIAZAR,ELIAZAR,6
ELICE,ELICE,1
ELICIA,ELICIA,2
ELIDA,ELIDA,5
ELIDETH,ELIDETH,1
ELIE,ELIE,2
ELIEL,ELIEL,12
ELIEL,ELÍEL,1
ELIEM,ELIEM,1
ELIETH,ELIETH,2
ELIETTE,ELIETTE,11
ELIEZA,ELIEZA,1
ELIEZER,ELIEZER,8
ELIF,ELIF,4
ELIGH,ELIGH,1
ELIHANA,ELIHANA,1
ELII,ELII,1
ELIJAH,ELIJAH,487
ELIJAH THANH,ELIJAH THANH,1
ELIJAH'REY,ELIJAH'REY,1
ELIJAH'SAINT,ELIJAH'SAINT,1
ELIJHA,ELIJHA,1
ELIJIAH,ELIJIAH,1
ELILAH,ELILAH,2
ELILYN,ELILYN,1
ELIM,ELIM,1
ELIMA,ELIMA,1
ELIMACK,ELIMACK,1
ELIN,ELIN,9
ELINA,ELINA,11
ELINE,ELINE,2
ELINED,ELINED,1
ELINOR,ELINOR,6
ELINORE,ELINORE,1
ELIO,ELIO,26
ELIO,ELÍO,1
ELIODORO,ELIODORO,1
ELIOENAI,ELIOENAI,1
ELIOH,ELIOH,1
ELION,ELION,1
ELIOR,ELIOR,1
ELIORA,ELIORA,3
ELIOS,ELIOS,1
ELIOT,ELIOT,13
ELIOT JONAS,ELIOT JONAS,1
ELIOTT,ELIOTT,5
ELIRA,ELIRA,2
ELIRAH,ELIRAH,1
ELIS,ELIS,2
ELISA,ELISA,61
ELISABELLA,ELISABELLA,1
ELISABET,ELISABET,1
ELISABETH,ELISABETH,15
ELISABETTA,ELISABETTA,1
ELISAM,ELISAM,1
ELISANA,ELISANA,1
ELISANDRO,ELISANDRO,1
ELISARI,ELISARI,1
ELISE,ELISE,74
ELISENDA,ELISENDA,1
ELISEO,ELISEO,26
ELISEO,ELISÉO,1
ELISET,ELISET,1
ELISHA,ELISHA,10
ELISHEBA,ELISHEBA,2
ELISHUA,ELISHUA,1
ELISIANA,ELISIANA,2
ELISON,ELISON,1
ELISSA,ELISSA,14
ELISSANDRA,ELISSANDRA,1
ELISSANDRO,ELISSANDRO,1
ELITA,ELITA,2
ELITH,ELITH,1
ELITZA,ELITZA,2
ELIUD,ELIUD,7
ELIYA,ELIYA,1
ELIYAH,ELIYAH,6
ELIYAH,ELIÝAH,1
ELIYAHU,ELIYAHU,1
ELIYAN,ELIYAN,2
ELIYANA,ELIYANA,2
ELIYANAH,ELIYANAH,7
ELIYANNA,ELIYANNA,1
ELIYAS,ELIYAS,2
ELIYZAH,ELIYZAH,1
ELIZ,ELIZ,1
ELIZA,ELIZA,106
ELIZA MAE,ELIZA MAE,1
ELIZABEL,ELIZABEL,1
ELIZABELL,ELIZABELL,1
ELIZABELLA,ELIZABELLA,2
ELIZABELLE,ELIZABELLE,1
ELIZABETH,ELIZABETH,386
ELIZABETH-JEAN,ELIZABETH-JEAN,1
ELIZABETH-ROSE,ELIZABETH-ROSE,1
ELIZABETTA,ELIZABETTA,1
ELIZAH,ELIZAH,3
ELIZANDRA,ELIZANDRA,1
ELIZARA,ELIZARA,1
ELIZAVYETA,ELIZAVYETA,1
ELIZAY,ELIZAY,1
ELIZEO,ELIZEO,1
ELKAN,ELKAN,1
ELKE,ELKE,3
ELKIN,ELKIN,2
ELLA,ELLA,304
ELLA B,ELLA B,1
ELLA FRANCE,ELLA FRANCE,1
ELLA MAC,ELLA MAC,1
ELLA MAE,ELLA MAE,1
ELLA MAI,ELLA MAI,1
ELLA ROSE,ELLA ROSE,1
ELLA'JOE,ELLA'JOE,1
ELLA-VESTA,ELLA-VESTA,1
ELLAH,ELLAH,3
ELLAIE,ELLAIE,1
ELLALEI,ELLALEI,1
ELLANESSE,ELLANESSE,1
ELLANOR,ELLANOR,1
ELLARIA,ELLARIA,1
ELLARIE,ELLARIE,1
ELLARY,ELLARY,1
ELLAYAH,ELLAYAH,1
ELLAYNA,ELLAYNA,1
ELLE,ELLE,56
ELLE KENZIE,ELLE KENZIE,1
ELLE-LOUISE,ELLE-LOUISE,1
ELLEAH,ELLEAH,1
ELLEANORA,ELLEANORA,1
ELLEAZER,ELLEAZER,1
ELLEE,ELLEE,2
ELLEEGRACE,ELLEEGRACE,1
ELLEENA,ELLEENA,1
ELLEN,ELLEN,15
ELLEN BEATRIZ,ELLEN BEATRIZ,1
ELLENA,ELLENA,3
ELLERI,ELLERI,2
ELLERY,ELLERY,10
ELLESEN,ELLESEN,1
ELLI,ELLI,2
ELLIA,ELLIA,8
ELLIANA,ELLIANA,68
ELLIANA-MARIE,ELLIANA-MARIE,1
ELLIANAH,ELLIANAH,1
ELLIANI,ELLIANI,2
ELLIANNA,ELLIANNA,10
ELLIAS,ELLIAS,2
ELLIDIA,ELLIDIA,1
ELLIDY,ELLIDY,1
ELLIE,ELLIE,235
ELLIE AMELIA,ELLIE AMELIA,1
ELLIE MARIE,ELLIE MARIE,1
ELLIEANA,ELLIEANA,1
ELLIELYNN,ELLIELYNN,1
ELLIEO,ELLIEO,1
ELLIETTE,ELLIETTE,8
ELLIKA,ELLIKA,1
ELLINGSON,ELLINGSON,1
ELLINGTON,ELLINGTON,2
ELLINGWOOD,ELLINGWOOD,1
ELLINOR,ELLINOR,2
ELLIOT,ELLIOT,179
ELLIOT BASTIAN,ELLIOT BASTIAN,1
ELLIOTT,ELLIOTT,188
ELLIOTTE,ELLIOTTE,1
ELLIS,ELLIS,133
ELLIS RAE,ELLIS RAE,1
ELLISE,ELLISE,2
ELLISON,ELLISON,22
ELLISYN,ELLISYN,1
ELLIX,ELLIX,1
ELLODIE,ELLODIE,1
ELLOE,ELLOÉ,1
ELLOISE,ELLOISE,1
ELLORA,ELLORA,1
ELLORAH,ELLORAH,1
ELLOREE,ELLOREE,1
ELLORY,ELLORY,3
ELLOWYN,ELLOWYN,3
ELLOY,ELLOY,1
ELLUND NIXEL,ELLUND NIXEL,1
ELLY,ELLY,13
ELLY NHI,ELLY NHI,1
ELLYANNA,ELLYANNA,3
ELLYIN,ELLYIN,1
ELLYJAH,ELLYJAH,1
ELLYM,ELLYM,1
ELLYSIA,ELLYSIA,2
ELLYSON,ELLYSON,1
ELMA,ELMA,1
ELMER,ELMER,12
ELMIN,ELMIN,1
ELNAAM,ELNAAM,1
ELO,ELO,2
ELOBETH,ELOBETH,1
ELODIE,ELODIE,23
ELODIE,ÉLODIE,1
ELODIO,ELODIO,1
ELOHOR,ELOHOR,1
ELOI,ELOI,1
ELOISA,ELOISA,8
ELOISE,ELOISE,130
ELOISE,ELOÏSE,1
ELOISE,ÉLOÏSE,1
ELOIZE,ELOIZE,1
ELON,ELON,6
ELONNIE,ELONNIE,1
ELOR,ELOR,1
ELORA,ELORA,21
ELORI,ELORI,1
ELORIE,ELORIE,2
ELOUISE,ELOUISE,12
ELOVIE,ELOVIE,1
ELOWEN,ELOWEN,11
ELOWYN,ELOWYN,9
ELOWYNN,ELOWYNN,1
ELOY,ELOY,7
ELOYD,ELOYD,1
ELRIK,ELRIK,1
ELROI,ELROI,1
ELROY,ELROY,3
ELSA,ELSA,16
ELSANE,ELSANE,1
ELSIE,ELSIE,24
ELSON,ELSON,2
ELSWYTH,ELSWYTH,1
ELSY,ELSY,6
ELSYE,ELSYE,1
ELTAF,ELTAF,1
ELTON,ELTON,7
ELUNEY,ELUNEY,6
ELVA,ELVA,3
ELVI,ELVI,1
ELVIA,ELVIA,4
ELVIANNA,ELVIANNA,1
ELVIE,ELVIE,2
ELVIN,ELVIN,10
ELVIS,ELVIS,8
ELWAY,ELWAY,1
ELWOOD,ELWOOD,3
ELWYN,ELWYN,1
ELY,ELY,2
ELYAN,ELYAN,5
ELYANA,ELYANA,12
ELYANNA,ELYANNA,4
ELYANOR,ELYANOR,1
ELYAS,ELYAS,11
ELYAS MUSA,ELYAS MUSA,1
ELYIANAH,ELYIANAH,1
ELYJAH,ELYJAH,3
ELYN,ELYN,1
ELYNAM,ELYNAM,1
ELYNOR,ELYNOR,1
ELYSANDRA,ELYSANDRA,1
ELYSE,ELYSE,11
ELYSHA,ELYSHA,2
ELYSIA,ELYSIA,8
ELYSIANA,ELYSIANA,1
ELYSSA,ELYSSA,3
ELYSSIA,ELYSSIA,1
ELYUS,ELYUS,1
ELYZA,ELYZA,2
ELYZABETH,ELYZABETH,1
EMA,EMA,8
EMAAD,EMAAD,1
EMAAN,EMAAN,6
EMAEL,EMAEL,1
EMAJELIO,EMAJELIO,1
EMALAYAH,EMALAYAH,1
EMALEIGH,EMALEIGH,1
EMALIA,EMALIA,1
EMALIANO,EMALIANO,1
EMALINA,EMALINA,1
EMALINE,EMALINE,4
EMALISA,EMALISA,1
EMALYN,EMALYN,4
EMAN,EMAN,2
EMANDA,EMANDA,1
EMANI,EMANI,7
EMANII,EMANII,1
EMANNI,EMANNI,1
EMANUEL,EMANUEL,43
EMAREYNA,EMAREYNA,1
EMARI,EMARI,2
EMARIE,EMARIE,3
EMARII,EMARII,1
EMARRION,EMARRION,1
EMAZA,EMAZA,1
EMBER,EMBER,62
EMBERLEE,EMBERLEE,3
EMBERLEIGH,EMBERLEIGH,1
EMBERLEY,EMBERLEY,1
EMBERLY,EMBERLY,14
EMBERLYN,EMBERLYN,5
EMBERLYNN,EMBERLYNN,3
EMBERS,EMBERS,1
EMBIRLY,EMBIRLY,1
EMBRE'SION,EMBRE'SION,1
EMBREE,EMBREE,1
EMBRY,EMBRY,1
EMEDI,EMEDI JR,1
EMELI,EMELI,2
EMELIA,EMELIA,24
EMELIE,EMELIE,2
EMELIN,EMELIN,3
EMELIN NICOL,EMELIN NICOL,1
EMELINA,EMELINA,4
EMELINE,EMELINE,2
EMELIO,EMELIO,1
EMELLIA,EMELLIA,2
EMELY,EMELY,40
EMELYN,EMELYN,3
EMER,EMER,2
EMERAL,EMERAL,1
EMERALD,EMERALD,13
EMERALD-CHANTE,EMERALD-CHANTÉ,1
EMERAS,EMERAS,1
EMERI,EMERI,3
EMERIC,EMERIC,2
EMERICK,EMERICK,4
EMERIE,EMERIE,15
EMERIE-JANEE,EMERIE-JANEÉ,1
EMERLY,EMERLY,3
EMERLYN,EMERLYN,1
EMERLYNN,EMERLYNN,2
EMERSON,EMERSON,177
EMERSON JAMES,EMERSON JAMES,1
EMERSYN,EMERSYN,44
EMERUS,EMERUS,1
EMERY,EMERY,183
EMERY JANE,EMERY  JANE,1
EMERYNN,EMERYNN,1
EMESE,EMESE,1
EMESHA,EMESHA,1
EMET,EMET,2
EMEYLINN,EMEYLINN,1
EMFRI,EMFRI,1
EMHYR,EMHYR,1
EMI,EMI,7
EMIAS,EMIAS,1
EMICA,EMICA,1
EMIE,EMIE,3
EMIKO,EMIKO,3
EMIL,EMIL,12
EMILA,EMILA,1
EMILAE,EMILAE,1
EMILE,EMILE,5
EMILEA,EMILEA,1
EMILEAH,EMILEAH,1
EMILEE,EMILEE,7
EMILI,EMILI,4
EMILIA,EMILIA,275
EMILIANA,EMILIANA,22
EMILIANNA,EMILIANNA,2
EMILIANO,EMILIANO,183
EMILIANO,EMILÍANO,1
EMILIANO-GUILLERMO,EMILIANO-GUILLERMO,1
EMILIANY,EMILIANY,1
EMILIE,EMILIE,19
EMILIE,ÉMILIE,1
EMILIE-ROSE,EMILIE-ROSE,1
EMILIIANO,EMILIIANO,1
EMILIO,EMILIO,118
EMILIO THINH,EMILIO THINH,1
EMILLE,EMILLE,1
EMILLIANO,EMILLIANO,2
EMILLIO,EMILLIO,1
EMILLY,EMILLY,1
EMILOU,EMILOU,1
EMILSON,EMILSON,1
EMILY,EMILY,400
EMILY ALONDRA,EMILY ALONDRA,1
EMILY GRACE,EMILY GRACE,1
EMILYN,EMILYN,2
EMILYROSE,EMILYROSE,1
EMIN,EMIN,1
EMINA,EMINA,1
EMINE,EMINE,1
EMIOLA,EMIOLA,1
EMIOLUWA,EMIOLUWA,1
EMIR,EMIR,16
EMIRA,EMIRA,2
EMIRI,EMIRI,1
EMIYAH,EMIYAH,1
EMMA,EMMA,693
EMMA CLAIRE,EMMA CLAIRE,1
EMMA KAY,EMMA KAY,1
EMMA LOUISE,EMMA LOUISE,1
EMMA ROSE,EMMA ROSE,1
EMMA SOPHIA,EMMA SOPHIA,1
EMMA VALENTINA,EMMA VALENTINA,1
EMMA'LYNN,EMMA'LYNN,1
EMMA-ELIZABETH,EMMA-ELIZABETH,1
EMMA-LEE,EMMA-LEE,1
EMMAGRACE,EMMAGRACE,1
EMMALEE,EMMALEE,8
EMMALEIGH,EMMALEIGH,1
EMMALEINE,EMMALEINE,1
EMMALENA,EMMALENA,1
EMMALENE,EMMALENE,3
EMMALIN,EMMALIN,1
EMMALINE,EMMALINE,12
EMMALY,EMMALY,1
EMMALYN,EMMALYN,7
EMMALYNN,EMMALYNN,6
EMMANI,EMMANI,1
EMMANUEL,EMMANUEL,130
EMMANUELLA,EMMANUELLA,2
EMMANUELLE,EMMANUELLE,5
EMMARIE,EMMARIE,7
EMMARIEE',EMMARIEE’,1
EMMAROSE,EMMAROSE,2
EMME,EMME,9
EMMELIA,EMMELIA,2
EMMELINA,EMMELINA,1
EMMELINE,EMMELINE,27
EMMELYN,EMMELYN,2
EMMER,EMMER,1
EMMERICK,EMMERICK,1
EMMERIE,EMMERIE,2
EMMERSON,EMMERSON,4
EMMERSYN,EMMERSYN,2
EMMERY,EMMERY,2
EMMET,EMMET,6
EMMETT,EMMETT,119
EMMI,EMMI,3
EMMI ROSE,EMMI ROSE,1
EMMIE,EMMIE,11
EMMILOU,EMMILOU,1
EMMILY,EMMILY,1
EMMIR,EMMIR,1
EMMIT,EMMIT,2
EMMITT,EMMITT,21
EMMONS,EMMONS,1
EMMRI,EMMRI,2
EMMY,EMMY,33
EMMY RALPH,EMMY RALPH,1
EMMYLOU,EMMYLOU,6
EMOGENE,EMOGENE,1
EMONNI,EMONNI,1
EMOREE,EMOREE,1
EMORI,EMORI,5
EMORIE,EMORIE,1
EMORIYA,EMORIYA,1
EMORY,EMORY,61
EMPRESS,EMPRESS,7
EMPRYSS,EMPRYSS,1
EMRAN,EMRAN,3
EMRE,EMRE,6
EMREE,EMREE,2
EMRI,EMRI,1
EMRIC,EMRIC,1
EMRICK,EMRICK,1
EMRIE,EMRIE,5
EMRIELLA,EMRIELLA,1
EMRY,EMRY,8
EMRYN,EMRYN,2
EMRYNN,EMRYNN,1
EMRYS,EMRYS,10
EMRYSS,EMRYSS,1
EMSLEY,EMSLEY,3
EMY,EMY,4
EMYLI,EMYLI,2
EMYLIA,EMYLIA,1
EMYLIANNA,EMYLIANNA,1
EMYR,EMYR,1
EMYRAH,EMYRAH,1
EMYRI,EMYRI,1
ENA,ENA,3
ENA ISABELLA,ENA ISABELLA,1
ENAAYA,ENAAYA,1
ENAI,ENAI,1
ENAI,ENAÏ,1
ENAM,ENAM,1
ENARA,ENARA,1
ENARI,ENARI,2
ENDENIRA,ENDENIRA,1
ENDER,ENDER,9
ENDRICK,ENDRICK,3
ENDSALEYA,ENDSALEYA,1
ENDYMION,ENDYMION,1
ENEAS,ENEÁS,1
ENEKO,ENEKO,1
ENELY,ENELY,1
ENESMAY,ENESMAY,1
ENGER,ENGER,1
ENID,ENID,1
ENIMAITRIA,ENIMAITRIA,1
ENIO,ENIO,1
ENIOLA,ENIOLA,3
ENIOLUWA,ENIOLUWA,1
ENITH,ENITH,3
ENKI,ENKI,1
ENLEY,ENLEY,1
ENLIS,ENLIS,1
ENMA,ENMA,2
ENMA STEISY,ENMA STEISY,1
ENMANUEL,ENMANUEL,3
ENNIO,ENNIO,2
ENO,ENO,1
ENOBONG,ENOBONG,1
ENOC,ENOC,3
ENOCH,ENOCH,18
ENOLA,ENOLA,1
ENON,ENON,1
ENORA,ENORA,1
ENRICA,ENRICA,1
ENRIQUE,ENRIQUE,61
ENSLEE,ENSLEE,1
ENSLEY,ENSLEY,2
ENSO,ENSO,2
ENVEIGH,ENVEIGH,1
ENVY,ENVY,1
ENVYY,ENVYY,1
ENYEELS,ENYEELS,1
ENYI,ENYI,1
ENYICE,ENYICE,1
ENZI,ENZI,1
ENZIO,ENZIO,2
ENZO,ENZO,155
ENZO ALEXANDER,ENZO ALEXANDER,1
EOIN,EOIN,2
EOIN,EÓIN,1
EON,EON,1
EOWYN,EOWYN,3
EOWYN,ÉOWYN,1
EPHRAIM,EPHRAIM,6
EPIFANIO,EPIFANIO,1
EPIK,EPIK,1
EPIMENIO,EPIMENIO,1
EQRA,EQRA,2
ERA,ERA,2
ERABELLA-ROSE,ERABELLA-ROSE,1
ERANDY,ERANDY,1
ERASMO,ERASMO,3
ERASMUS,ERASMUS,1
ERAST,ERAST,1
ERBIN,ERBIN,1
ERCIS,ERCIS,1
ERDEM,ERDEM,1
ERDUIN,ERDUIN,1
ERELLIE,ERELLIE,1
EREN,EREN,6
ERENDIRA,ERENDIRA,1
ERENUEL,ERENUEL,1
ERETRIA,ERETRIA,1
ERFAAN,ERFAAN,1
ERFAN,ERFAN,1
ERHAM,ERHAM,1
ERHAN,ERHAN,1
ERHOMOSELE,ERHOMOSELE,1
ERI,ERI,4
ERI'YAH,ERI'YAH,1
ERIANA,ERIANA,1
ERIANI,ERIANI,1
ERIANNA,ERIANNA,1
ERIANY,ERIANY,1
ERIANYELIS,ERIANYELIS,1
ERIASEOLUWA,ERIASEOLUWA,1
ERIAYO,ERIAYO,1
ERIBERTO,ERIBERTO,1
ERIC,ERIC,91
ERICA,ERICA,17
ERICK,ERICK,84
ERICK JESUS,ERICK JESÚS,1
ERICKA,ERICKA,2
ERICKSON,ERICKSON,3
ERICSON,ERICSON,1
ERICZON,ERICZON,1
ERIEL,ERIEL,1
ERIELLE,ERIELLE,1
ERIES,ERIES,1
ERIESS,ERIESS,1
ERIK,ERIK,55
ERIKA,ERIKA,18
ERIKSON,ERIKSON,1
ERIN,ERIN,21
ERINA,ERINA,1
ERIOLUWA,ERIOLUWA,2
ERIS,ERIS,4
ERISHA,ERISHA,1
ERIZINUCHI,ERIZINUCHI,1
ERLIN,ERLIN,3
ERLINA,ERLINA,1
ERMELINDA,ERMELINDA,1
ERMIAS,ERMIAS,10
ERMIAS J,ERMIAS J,1
ERNEST,ERNEST,13
ERNESTO,ERNESTO,19
ERNO,ERNO,1
ERNST,ERNST,1
EROMELIO,EROMELIO,1
EROMI,EROMI,1
EROMOSE,EROMOSE,1
ERON,ERON,1
EROS,EROS,6
EROYN,EROYN,1
ERROL,ERROL,1
ERSILIA,ERSILIA,1
ERTH,ERTH,1
ERU,ERU,1
ERUBIEL,ERUBIEL,1
ERVYN,ERVYN,1
ERWIN,ERWIN,5
ERYK,ERYK,1
ERYKAH,ERYKAH,1
ERYN,ERYN,6
ERYNN,ERYNN,6
ERYX,ERYX,1
ERZA,ERZA,1
ESA,ESA,2
ESAI,ESAI,5
ESAIAS,ESAIAS,2
ESARAEL,ESARAEL,1
ESAU,ESAU,3
ESAU GAEL,ESAU GAEL,1
ESBEIDY,ESBEIDY,1
ESBEN,ESBEN,1
ESCADIA,ESCADIA,1
ESCANOR,ESCANOR,1
ESCARLET,ESCARLET,1
ESCARLETT,ESCARLETT,1
ESCAYLEN,ESCAYLEN,1
ESCHER,ESCHER,2
ESDRAS,ESDRAS,3
ESEOGHENE,ESEOGHENE,1
ESHA,ESHA,4
ESHAAL,ESHAAL,1
ESHAAN,ESHAAN,6
ESHAAN VARMA,ESHAAN VARMA,1
ESHAL,ESHAL,2
ESHAN,ESHAN,2
ESHANA,ESHANA,2
ESHANI,ESHANI,1
ESHANTH,ESHANTH,1
ESHE,ESHE,1
ESHIKA,ESHIKA,1
ESHITHA,ESHITHA,1
ESHMA,ESHMA,1
ESHNA,ESHNA,1
ESHUA,ESHUA,1
ESIAH,ESIAH,1
ESIN,ESIN,1
ESIQUIO,ESIQUIO,1
ESKO,ESKO,1
ESLANDA,ESLANDA,1
ESLYN,ESLYN,1
ESLYNN,ESLYNN,1
ESMAE,ESMAE,4
ESMARELDA,ESMARELDA,1
ESME,ESME,42
ESME,ESMÉ,14
ESMEE,ESMEE,1
ESMELING,ESMELING,1
ESMERALDA,ESMERALDA,64
ESMERAY,ESMERAY,1
ESMERELDA,ESMERELDA,5
ESMERIAH,ESMERIAH,1
ESMERIE,ESMERIE,1
ESMI,ESMI,2
ESNIE,ESNIE,1
ESOHE,ESOHE,1
ESOP,ESOP,1
ESPEN,ESPEN,1
ESPERANZA,ESPERANZA,30
ESPN,ESPN,1
ESPYNN,ESPYNN,1
ESRA,ESRA,4
ESRAA,ESRAA,1
ESROM,ESROM,1
ESSA,ESSA,3
ESSENCE,ESSENCE,7
ESSIE,ESSIE,2
ESTAFANI,ESTAFANI,1
ESTEBAN,ESTEBAN,55
ESTEBAN,ESTEBÁN,1
ESTEE,ESTEE,1
ESTEFAN,ESTEFAN,1
ESTEFANI,ESTEFANI,2
ESTEFANIA,ESTEFANIA,11
ESTEFANIA,ESTEFANÍA,1
ESTEFANNY,ESTEFANNY,2
ESTEFANY,ESTEFANY,11
ESTEL,ESTEL,1
ESTELA,ESTELA,6
ESTELANA,ESTELANA,1
ESTELLA,ESTELLA,23
ESTELLE,ESTELLE,22
ESTELLI,ESTELLI,1
ESTEPHANIE,ESTEPHANIE,1
ESTEPHANY,ESTEPHANY,1
ESTEPHEN,ESTEPHEN,1
ESTER,ESTER,9
ESTES,ESTES,1
ESTEVAN,ESTEVAN,4
ESTEVEN,ESTEVEN,1
ESTHAMI,ESTHAMI,1
ESTHER,ESTHER,49
ESTHER-MARIE,ESTHER-MARIE,1
ESTIBEN,ESTIBEN,1
ESTIVEN,ESTIVEN,2
ESTLIN,ESTLIN,1
ESTRELLA,ESTRELLA,34
ESTUARDO,ESTUARDO,2
ESVEILY,ESVEILY,1
ESVEN,ESVEN,1
ESVIN,ESVIN,1
ETERNITEE,ETERNITEE,1
ETERNITY,ETERNITY,1
ETERNITY ROYAL,ETERNITY ROYAL,1
ETHAM,ETHAM,1
ETHAN,ETHAN,465
ETHAN ALESSANDRO,ETHAN ALESSANDRO,1
ETHAN FRANCIS,ETHAN FRANCIS,1
ETHAN LOVE,ETHAN LOVE,1
ETHAN VINCENT,ETHAN VINCENT,1
ETHANY,ETHANY,1
ETHEL,ETHEL,2
ETHEN,ETHEN,6
ETHEREAL MIRICALES,ETHEREAL MIRICALES,1
ETHIEL,ETHIEL,1
ETIENNE,ETIENNE,1
ETINOSA,ETINOSA,1
ETSEL,ETSEL,1
ETTA,ETTA,17
ETTALYN,ETTALYN,1
ETZEL,ETZEL,1
ETZUVI,ETZUVI,1
EUAN,EUAN,1
EUDORA,EUDORA,1
EUGENE,EUGENE,10
EUGENIA,EUGENIA,2
EUGENIO,EUGENIO,4
EULA,EULA,1
EULA ELIANA,EULA ELIANA,1
EULALIA,EULALIA,2
EULALIO,EULALIO,3
EULONDA,EULONDA,1
EUMELIA LEE,EUMELIA LEE,1
EUNICE,EUNICE,5
EUNSUH,EUNSUH,1
EUNWOO,EUNWOO,1
EUPHEMIA,EUPHEMIA,2
EUREKA,EUREKA,2
EURIE,EURIE,1
EUSA,EUSA,1
EUSEBIO,EUSEBIO,2
EVA,EVA,166
EVA LUNA,EVA LUNA,1
EVA MARIA,EVA MARIA,1
EVA MARIA,EVA MARÍA,1
EVA'LYNN,EVA'LYNN,1
EVA-ANN,EVA-ANN,1
EVA-CLAIRE,EVA-CLAIRE,1
EVA-ROSE,EVA-ROSE,2
EVAAN,EVAAN,6
EVAANGELINA,EVAANGELINA,1
EVAH,EVAH,1
EVAHLYN,EVAHLYN,1
EVALA,EVALA,1
EVALEN,EVALEN,1
EVALENA,EVALENA,1
EVALENE,EVALENE,1
EVALI,EVALI,1
EVALIE,EVALIE,1
EVALINA,EVALINA,3
EVALINE,EVALINE,1
EVALUNA,EVALUNA,11
EVALYN,EVALYN,6
EVALYNA,EVALYNA,1
EVALYNN,EVALYNN,5
EVAN,EVAN,178
EVAN EZEKIEL,EVAN EZEKIEL,1
EVAN OLIVIA,EVAN OLIVIA,1
EVANA,EVANA,2
EVANDER,EVANDER,12
EVANEE,EVANEE,1
EVANGALINE,EVANGALINE,1
EVANGELEA,EVANGELEA,1
EVANGELIA,EVANGELIA,1
EVANGELIN,EVANGELIN,1
EVANGELINA,EVANGELINA,12
EVANGELINE,EVANGELINE,82
EVANGELOS,EVANGELOS,1
EVANGLINE,EVANGLINE,1
EVANI,EVANI,1
EVANIA,EVANIA,1
EVANN,EVANN,1
EVANNA,EVANNA,1
EVANNAH,EVANNAH,1
EVANNE,EVANNE,1
EVANS,EVANS,5
EVANSH,EVANSH,1
EVANY,EVANY,2
EVAR,EVAR,1
EVARISTO,EVARISTO,2
EVARISTUS,EVARISTUS,1
EVAUGHNA,EVAUGHNA,1
EVE,EVE,27
EVE-JOY,EVE-JOY,1
EVEE,EVEE,1
EVELEEN,EVELEEN,1
EVELENA,EVELENA,1
EVELIEN,EVELIEN,1
EVELIINA,EVELIINA,1
EVELIN,EVELIN,14
EVELINA,EVELINA,2
EVELINE,EVELINE,1
EVELIO,EVELIO,1
EVELYN,EVELYN,521
EVELYN IZEL,EVELYN IZEL,1
EVELYNE,EVELYNE,2
EVELYNN,EVELYNN,36
EVELYNN ROSE,EVELYNN ROSE,1
EVELYNNE,EVELYNNE,1
EVENLY,EVENLY,1
EVER,EVER,30
EVERARDO,EVERARDO,8
EVEREST,EVEREST,17
EVERETT,EVERETT,231
EVERETTE,EVERETTE,7
EVERGREEN,EVERGREEN,2
EVERHETT,EVERHETT,2
EVERIT,EVERIT,1
EVERITT,EVERITT,2
EVERLEE,EVERLEE,15
EVERLEI,EVERLEI,1
EVERLEIGH,EVERLEIGH,44
EVERLEY,EVERLEY,8
EVERLI,EVERLI,1
EVERLIE,EVERLIE,2
EVERLIEGH,EVERLIEGH,1
EVERLIN,EVERLIN,1
EVERLING,EVERLING,1
EVERLY,EVERLY,163
EVERLY MEI,EVERLY MEI,1
EVERLYN,EVERLYN,1
EVERMARIE,EVERMARIE,1
EVERMORE,EVERMORE,1
EVERSON,EVERSON,1
EVERSYN,EVERSYN,1
EVERTH,EVERTH,1
EVERTON,EVERTON,2
EVETTE,EVETTE,4
EVEY,EVEY,3
EVI,EVI,1
EVIA,EVIA,2
EVIAN,EVIAN,3
EVIANA,EVIANA,3
EVID,EVID,1
EVIE,EVIE,39
EVIN,EVIN,2
EVIYA REDDY,EVIYA REDDY,1
EVOLEHT,EVOLEHT,1
EVOLET,EVOLET,4
EVOLETTE,EVOLETTE,4
EVONI,EVONI,1
EVONNI,EVONNI,1
EVONNY,EVONNY,1
EVORAH,EVORAH,1
EVRA-VON,EVRA-VON,1
EVREN,EVREN,7
EVRETT,EVRETT,1
EVREUX,EVREUX,1
EVRY,EVRY,1
EVRYN,EVRYN,1
EVVIE,EVVIE,1
EVY,EVY,3
EVYANNA,EVYANNA,1
EVYATAR,EVYATAR,1
EVYN,EVYN,2
EVYNN,EVYNN,2
EVYNNE,EVYNNE,1
EVYRMORE,EVYRMORE,1
EVZEL,EVZEL,1
EWAN,EWAN,8
EWING,EWING,1
EXA,EXA,1
EXLEE,EXLEE,1
EXZILAH,EXZILAH,1
EYAANA,EYAANA,1
EYAD,EYAD,5
EYAL,EYAL,2
EYAN,EYAN,2
EYAS,EYAS,1
EYBY,EYBY,1
EYDAN,EYDAN,5
EYDEN,EYDEN,3
EYDRAN,EYDRAN,1
EYEN,EYÉN,1
EYERLEY,EYERLEY,1
EYKER,EYKER,1
EYLA,EYLA,2
EYLAH,EYLAH,1
EYLAM,EYLAM,1
EYLAN,EYLAN,2
EYLEEN,EYLEEN,2
EYLEN,EYLEN,1
EYMI,EYMI,1
EYNER,EYNER,1
EYOB,EYOB,2
EYOEL,EYOEL,1
EYPRIL,EYPRIL,1
EYRA,EYRA,1
EYRAN,EYRAN,1
EYRIE,EYRIE,1
EYTAM,EYTAM,1
EYTAN,EYTAN,5
EYTANA,EYTANA,1
EYTHAN,EYTHAN,9
EYTHAN MOISES,EYTHAN MOISES,1
EYUEL,EYUEL,1
EZADRIEL,EZADRIEL,1
EZAE,EZAE,1
EZAEL,EZAEL,1
EZAK,EZAK,1
EZAM,EZAM,1
EZANA,EZANA,4
EZARIAH,EZARIAH,3
EZARIYAH,EZARIYAH,1
EZAYAH,EZAYAH,1
EZAYDEL,EZAYDEL,1
EZEKIAL,EZEKIAL,1
EZEKIEL,EZEKIEL,250
EZEKIEL AWESOME,EZEKIEL AWESOME,1
EZEKIEL KAI,EZEKIEL KAI,1
EZEKIEL YVES-MARNAUD,EZEKIEL YVES-MARNAUD,1
EZEKIEL-JAMES,EZEKIEL-JAMES,1
EZEKIEO,EZEKIEO,1
EZEKIO,EZEKIO,1
EZEKYEL,EZEKYEL,1
EZELIO,EZELIO,2
EZELL,EZELL,1
EZEQUIEL,EZEQUIEL,65
EZERAH,EZERAH,1
EZERIAH,EZERIAH,1
EZHIL,EZHIL,3
EZI,EZI,1
EZIAH,EZIAH,6
EZIEN,EZIEN,1
EZIKIEL,EZIKIEL,2
EZINA,EZINA,1
EZIO,EZIO,6
EZIYAH,EZIYAH,1
EZLN,EZLN,1
EZLYN,EZLYN,2
EZLYNN,EZLYNN,1
EZME,EZME,1
EZME,EZMÉ,1
EZMERALDA,EZMERALDA,1
EZRA,EZRA,357
EZRA LUCA,EZRA LUCA,1
EZRA MIGUEL,EZRA MIGUEL,1
EZRAEL,EZRAEL,1
EZRAH,EZRAH,8
EZRALEE,EZRALEE,1
EZRAN,EZRAN,2
EZREAL,EZREAL,1
EZREN,EZREN,3
EZRI,EZRI,6
EZRIAH,EZRIAH,2
EZRIN,EZRIN,1
EZRO,EZRO,1
EZRONN,EZRONN,1
EZRYN,EZRYN,2
EZTLI,EZTLI,2
EZZ,EZZ,1
EZZAH,EZZAH,1
EZZIE,EZZIE,1
FAA,FAA,1
FABIAN,FABIAN,57
FABIAN,FABIÁN,3
FABIO,FABIO,4
FABIOLA,FABIOLA,3
FABLE,FABLE,3
FABRICIO,FABRICIO,2
FABRIZIO,FABRIZIO,1
FABRIZZIO,FABRIZZIO,1
FABY,FABY,1
FACUNDO,FACUNDO,2
FADI,FADI,1
FADITH,FADITH,1
FAE,FAE,2
FAELYN,FAELYN,1
FAERIN,FAERIN,1
FAHAD,FAHAD,1
FAHD,FAHD,1
FAHIM,FAHIM,1
FAHIMA,FAHIMA,2
FAILA,FAILA,1
FAISAL,FAISAL,2
FAITH,FAITH,67
FAITH DANIEL,FAITH DANIEL,1
FAITH LEONIE,FAITH LEONIE,1
FAITH-ANN,FAITH-ANN,1
FAITH-NAVAEEH,FAITH-NAVAEEH,1
FAITHE,FAITHE,1
FAITHELISE,FAITHELISE,1
FAITHLYNN,FAITHLYNN,2
FAIZA,FAIZA,1
FAIZI,FAIZI,1
FAIZULLAH,FAIZULLAH,1
FALCO,FALCO,1
FALCON,FALCON,3
FALLON,FALLON,10
FALLYN,FALLYN,2
FALYN,FALYN,2
FALYNN,FALYNN,2
FANGQI,FANGQI,1
FANNY,FANNY,2
FANTA,FANTA,1
FAOLAN,FAOLAN,2
FARA,FARA,2
FARAAZ,FARAAZ,2
FARAH,FARAH,5
FARDIS,FARDIS,1
FAREEHA,FAREEHA,1
FAREEN,FAREEN,1
FARES,FARES,2
FARES,FÁRES,1
FAREZ,FAREZ,1
FARHAAN,FARHAAN,2
FARHAD,FARHAD,1
FARHAN,FARHAN,1
FARIDA,FARIDA,1
FARIHA,FARIHA,2
FARIS,FARIS,4
FARISHA,FARISHA,1
FARISHTA,FARISHTA,1
FARLEY,FARLEY,1
FARRAH,FARRAH,11
FARRAN,FARRAN,1
FARRIS,FARRIS,2
FARRYN,FARRYN,1
FARTUN,FARTUN,1
FARUK,FARUK,2
FARZAD,FARZAD,1
FATEMA,FATEMA,2
FATHIMAH,FATHIMAH,1
FATHOM,FATHOM,1
FATIH,FATIH,2
FATIHAH,FATIHAH,1
FATIMA,FATIMA,48
FATIMA,FÁTIMA,2
FATIMAH,FATIMAH,5
FATIMAMALANIA,FATIMAMALANIA,1
FATIMATA,FATIMATA,1
FATOU,FATOU,1
FATU,FATU,1
FAUSTINO,FAUSTINO,3
FAUSTINO,FAUSTINO JR,1
FAUSTO,FAUSTO,4
FAVIAN,FAVIAN,4
FAVIO,FAVIO,1
FAVIOLA,FAVIOLA,1
FAVOR,FAVOR,1
FAWAD,FAWAD,1
FAWAZ,FAWAZ,1
FAWKES,FAWKES,1
FAY,FAY,4
FAYANNA,FAYANNA,1
FAYE,FAYE,28
FAYEZEN,FAYEZEN,1
FAYLI,FAYLI,1
FAYRENE,FAYRENE,1
FAYROUZ,FAYROUZ,1
FAYRUZ,FAYRUZ,1
FAYTH,FAYTH,1
FE,FE,1
FEBE,FEBE,3
FEDERICO,FEDERICO,10
FEIRAN,FEIRAN,1
FELICIA,FELICIA,2
FELICIANO,FELICIANO,2
FELICITY,FELICITY,39
FELIKS,FELIKS,1
FELIPE,FELIPE,20
FELIX,FELIX,125
FELIX,FÉLIX,2
FELYX,FELYX,1
FEMI,FÈMI,1
FEN,FEN,1
FENAN,FENAN,1
FENDWRICK,FENDWRICK,1
FENGHUA,FENGHUA,1
FENGSHI,FENGSHI,1
FENIX,FENIX,6
FENIX,FÉNIX,1
FENLEY,FENLEY,1
FENNEC,FENNEC,2
FENNIK,FENNIK,1
FENRIR,FENRIR,1
FENTON,FENTON,1
FEOUNE,FEOUNE,1
FERDINAND,FERDINAND,1
FERDY,FERDY,1
FERGUS,FERGUS,2
FERIHA,FERIHA,1
FERIN,FERIN,1
FERMIN,FERMIN,1
FERN,FERN,10
FERNAN,FERNÁN,1
FERNANDA,FERNANDA,41
FERNANDO,FERNANDO,100
FERNANDO,FERNANDO JR.,1
FERON,FERON,1
FEROZ,FEROZ,1
FERRAN,FERRAN,1
FERREN,FERREN,1
FERRIS,FERRIS,1
FERRYN,FERRYN,1
FETAH,FETAH,1
FEY,FEY,2
FEYD,FEYD,1
FIADH,FIADH,2
FIANA,FIANA,1
FIANNA,FIANNA,1
FIDEL,FIDEL,13
FIDELMAR,FIDELMAR,1
FIDENCIA,FIDENCIA,1
FIDENCIO,FIDENCIO,1
FIELD,FIELD,1
FIELDING,FIELDING,1
FIELDS,FIELDS,6
FIETE,FIETE,1
FIKAYO,FIKAYO,1
FIKREMARIAM,FIKREMARIAM,1
FILIBERTO,FILIBERTO,1
FILIP,FILIP,1
FILOMENA,FILOMENA,1
FIN,FIN,1
FINA,FINA,1
FINAN,FINAN,1
FINDLEY,FINDLEY,1
FINEGAN,FINEGAN,1
FINIAN,FINIAN,1
FINIS,FINIS,2
FINIST,FINIST,1
FINLAY,FINLAY,4
FINLEE,FINLEE,4
FINLEIGH,FINLEIGH,4
FINLEY,FINLEY,142
FINLO,FINLO,1
FINN,FINN,127
FINNAN,FINNAN,1
FINNEAN,FINNEAN,1
FINNEAS,FINNEAS,3
FINNEGAN,FINNEGAN,22
FINNIAN,FINNIAN,5
FINNICK,FINNICK,4
FINNION,FINNION,1
FINNLAY,FINNLAY,1
FINNLEY,FINNLEY,14
FINOLA,FINOLA,1
FINTAN,FINTAN,1
FINTON,FINTON,1
FIONA,FIONA,55
FIONI,FIONI,1
FIONN,FIONN,2
FIONNA,FIONNA,2
FIONNUALA,FIONNUALA,1
FIORELLA,FIORELLA,1
FIORENZO,FIORENZO,1
FISAYO,FISAYO,1
FISCHER,FISCHER,5
FISHER,FISHER,11
FISKE,FISKE,1
FITZ,FITZ,5
FITZGERALD,FITZGERALD,4
FITZHUGH,FITZHUGH,2
FITZPATRICK,FITZPATRICK,1
FITZWILLIAM,FITZWILLIAM,1
FIZA,FIZA,1
FLANNERY,FLANNERY,1
FLAVIA,FLAVIA,1
FLAVIO,FLAVIO,1
FLETCHER,FLETCHER,15
FLINT,FLINT,4
FLIP,FLIP,1
FLOR,FLOR,9
FLOR DE MARIA,FLOR DE MARIA,1
FLORA,FLORA,23
FLORECITA,FLORECITA,1
FLORENCE,FLORENCE,30
FLORENCIA,FLORENCIA,4
FLORENCIO,FLORENCIO,2
FLORESMILA,FLORESMILA,1
FLORIAN,FLORIAN,2
FLORY,FLORY,1
FLOYD,FLOYD,3
FLYNN,FLYNN,14
FLYNT,FLYNT,1
FOALS,FOALS,1
FOELLER,FOELLER,1
FOLAJIMI,FOLAJIMI,1
FOLARIN,FOLARIN,1
FOLASADE,FOLÁSADÉ,1
FOLSOM,FOLSOM,1
FORBES,FORBES,1
FORD,FORD,66
FORDHAM,FORDHAM,2
FORDTRAN,FORDTRAN,1
FOREST,FOREST,12
FOREVER,FOREVER,2
FORLANI,FORLANI,1
FORREST,FORREST,24
FORRIE,FORRIE,1
FORT,FORT,1
FORTUNATO,FORTUNATO,1
FOSTER,FOSTER,14
FOUROT,FOUROT,1
FOUSSENI,FOUSSENI,1
FOUZAAN,FOUZAAN,1
FOWLER,FOWLER,2
FOX,FOX,31
FOX-OLIVER,FOX-OLIVER,1
FOXE,FOXE,1
FOYINSOLA,FOYINSOLA,1
FRANCELA,FRANCELA,1
FRANCELIA,FRANCELIA,1
FRANCELLA,FRANCELLA,1
FRANCELY,FRANCELY,1
FRANCES,FRANCES,75
FRANCESCA,FRANCESCA,27
FRANCESCO,FRANCESCO,2
FRANCHESCA,FRANCHESCA,3
FRANCIE,FRANCIE,1
FRANCINE,FRANCINE,4
FRANCIS,FRANCIS,36
FRANCISCA,FRANCISCA,2
FRANCISCO,FRANCISCO,97
FRANCKLIN,FRANCKLIN,1
FRANCO,FRANCO,14
FRANCOIS,FRANCOIS,2
FRANCOIS,FRANÇOIS,1
FRANCY,FRANCY,2
FRANDIEGO,FRANDIEGO,1
FRANDISLEY,FRANDISLEY,1
FRANDY,FRANDY,1
FRANGEL,FRANGEL,1
FRANGELY,FRANGELY,1
FRANK,FRANK,35
FRANKEY,FRANKEY,1
FRANKIE,FRANKIE,28
FRANKIE BROOKE,FRANKIE BROOKE,1
FRANKIE STAR,FRANKIE STAR,1
FRANKIEL,FRANKIEL,1
FRANKKO,FRANKKO,1
FRANKLIN,FRANKLIN,38
FRANKLYN,FRANKLYN,1
FRANKLYNN,FRANKLYNN,1
FRANKO,FRANKO,1
FRANKY,FRANKY,1
FRANNIE,FRANNIE,2
FRANNY,FRANNY,1
FRANSIE,FRANSIE,1
FRANYELI,FRANYELI,1
FRANZISKA,FRANZISKA,1
FRASER,FRASER,2
FRAY,FRAY,1
FRE,FRE,1
FRE'DERRICK,FRE'DERRICK,1
FRED,FRED,5
FREDDIE,FREDDIE,1
FREDDY,FREDDY,6
FREDERIC,FREDERIC,5
FREDERICK,FREDERICK,31
FREDERIK,FREDERIK,1
FREDI,FREDI,1
FREDRICK,FREDRICK,4
FREDY,FREDY,10
FREEDOM,FREEDOM,2
FREIDY,FREIDY,1
FREIYA,FREIYA,1
FREJA,FREJA,4
FREY,FREY,1
FREYA,FREYA,68
FREYJA,FREYJA,7
FRIDA,FRIDA,22
FRIDAY,FRIDAY,1
FRIDDA,FRIDDA,2
FRIEDA,FRIEDA,3
FRIEDRICH,FRIEDRICH,1
FRITZ,FRITZ,4
FRITZSHAY,FRITZSHAY,1
FROST,FROST,2
FROYLAN,FROYLAN,2
FROZAAN,FROZAAN,1
FULTON,FULTON,4
FUTUR,FUTUR,1
FYNN,FYNN,5
G'AHMAD,G'AHMAD,1
G'AMBRE,G'AMBRE,1
G'AMIR,G'AMIR,1
G'NYAH,G'NYAH,1
GAARA,GAARA,1
GAATHA,GAATHA,1
GABBRIELLA,GABBRIELLA,1
GABBY,GABBY,2
GABE,GABE,3
GABIELLI IVAN,GABIELLI IVAN,1
GABINA,GABINA,1
GABINO,GABINO,2
GABIREL,GABIREL,1
GABRI'ELLA,GABRI'ELLA,1
GABRIEL,GABRIEL,311
GABRIEL,GABRIÉL,1
GABRIEL MAXIMILIAN,GABRIEL MAXIMILIAN,1
GABRIELA,GABRIELA,65
GABRIELA ARYA,GABRIELA ARYA,1
GABRIELA-MICHELLE,GABRIELA-MICHELLE,1
GABRIELAH,GABRIELAH,1
GABRIELE,GABRIELE,1
GABRIELLA,GABRIELLA,112
GABRIELLA,GABRIELLÁ,1
GABRIELLE,GABRIELLE,27
GABRIELLE FAITH,GABRIELLE FAITH,1
GABRIELLE SKYLAR,GABRIELLE SKYLAR,1
GABRILLA,GABRILLA,1
GABRYELA,GABRYELA,1
GADDIEL,GADDIEL,2
GADIEL,GADIEL,10
GADRIEL,GADRIEL,2
GAEL,GAEL,278
GAEL,GAÉL,2
GAEL,GAËL,1
GAEL ALEXANDER,GAEL ALEXANDER,1
GAELLE,GAELLE,1
GAESE,GAESE,1
GAGAN AASHRITH,GAGAN AASHRITH,1
GAGANA,GAGANA,1
GAGE,GAGE,27
GAHANA,GAHANA,1
GAIA,GAIA,12
GAIGE,GAIGE,1
GAIL,GAIL,2
GAILIA,GAILIA,1
GAINES,GAINES,1
GAIUS,GAIUS,3
GAL,GAL,3
GALA,GALA,4
GALATIA,GALATIA,2
GALAXY,GALAXY,3
GALE,GALE,2
GALEANA,GALEANA,1
GALEN,GALEN,4
GALI,GALI,1
GALIA,GALIA,2
GALILAYA,GALILAYA,1
GALILEA,GALILEA,33
GALILEAH,GALILEAH,3
GALILEE,GALILEE,4
GALILEYA,GALILEYA,1
GALIT,GALIT,1
GALIYLA,GALIYLA,1
GALLARIA,GALLARIA,1
GALYA,GALYA,1
GALYLEA,GALYLEA,1
GAMALIEL,GAMALIEL,3
GAMYA,GAMYA,1
GANESH,GANESH,1
GAREN,GAREN,1
GARETH,GARETH,7
GARGI,GARGI,2
GARI,GARI,1
GARIANA,GARIANA,1
GARIK,GARIK,1
GARIN,GARIN,1
GARION,GARION,1
GARLAND,GARLAND,1
GARNER,GARNER,3
GARRAN,GARRAN,1
GARRET,GARRET,1
GARRETT,GARRETT,39
GARRI'ELLE,GARRI'ELLE,1
GARRISON,GARRISON,8
GARVITA,GARVITA,1
GARY,GARY,3
GASPAR,GASPAR,1
GASPARD,GASPARD,1
GASTON,GASTON,2
GATES,GATES,1
GATLIN,GATLIN,2
GATSBY,GATSBY,2
GAURANG,GAURANG,1
GAURANGI,GAURANGI,1
GAURAV,GAURAV,1
GAURAVANI,GAURAVANI,1
GAURI,GAURI,1
GAURIK SURENDRA,GAURIK SURENDRA,1
GAURISH,GAURISH,1
GAUTAM,GAUTAM,4
GAUTHAM,GAUTHAM,5
GAVEN,GAVEN,2
GAVIANA,GAVIANA,1
GAVIN,GAVIN,88
GAVIN PIO,GAVIN PIO,1
GAVINA,GAVINA,1
GAVINO,GAVINO,1
GAVRIEL,GAVRIEL,3
GAVYN,GAVYN,2
GAVYN-LEE,GAVYN-LEE,1
GAYA,GAYA,1
GAYLE,GAYLE,1
GE'ANDRE,GE'ANDRE,1
GE'LIAH,GE'LIAH,1
GEBER,GEBER,1
GEETHANSHIKA,GEETHANSHIKA,1
GEETHIKA SHIVANI,GEETHIKA SHIVANI,1
GEHRIG,GEHRIG,1
GEICEL,GEICEL,1
GEISEL,GEISEL,1
GEIVIN,GEIVIN,1
GELILA,GELILA,1
GEMA,GEMA,8
GEMARIAH,GEMARIAH,1
GEMARIAN,GEMARIAN,1
GEMERA,GEMERA,1
GEMINI,GEMINI,1
GEMIRHA,GEMIRHA,1
GEMMA,GEMMA,75
GEMMA RIE,GEMMA RIE,1
GEMMALEE,GEMMALEE,1
GENARO,GENARO,9
GENAVEIVE,GENAVEIVE,1
GENAVI,GENAVI,1
GENAYLA,GENAYLA,1
GENCARLOS,GENCARLOS,1
GENE,GENE,6
GENECIS,GENECIS,1
GENELLE,GENELLE,1
GENERAL,GENERAL,1
GENESIS,GENESIS,217
GENESIS,GÉNESIS,18
GENESIS,GÈNESIS,2
GENESSI,GENESSI,1
GENESYS,GENESYS,1
GENETTE,GENETTE,1
GENEVA,GENEVA,12
GENEVALISSE,GENEVALISSE,1
GENEVIE,GENEVIE,1
GENEVIEVE,GENEVIEVE,91
GENEVIEVE,GENEVIÉVE,1
GENEVIEVE MARIE,GENEVIEVE MARIE,1
GENISA,GENISA,1
GENISIS,GENISIS,6
GENJI,GENJI,1
GENNADY,GENNADY,1
GENNESIS,GENNESIS,2
GENO,GENO,2
GENOVEBA,GENOVEBA,1
GENOVEVA,GENOVEVA,1
GENRY,GENRY,1
GENTILLE,GENTILLE,1
GENTRI,GENTRI,1
GENTRY,GENTRY,9
GEO,GEO,2
GEOFFREY,GEOFFREY,1
GEOGADDI,GEOGADDI,1
GEORDY,GEORDY,1
GEORGE,GEORGE,163
GEORGEANN,GEORGEANN,1
GEORGETTE,GEORGETTE,1
GEORGIA,GEORGIA,115
GEORGIA GRACE,GEORGIA GRACE,1
GEORGIANA,GEORGIANA,7
GEORGIE,GEORGIE,9
GEORGINA,GEORGINA,17
GEORGIOS,GEORGIOS,1
GEOSTELLE,GEOSTELLE,1
GEOVANI,GEOVANI,1
GEOVANII,GEOVANII,1
GEOVANNA,GEOVANNA,1
GEOVANNI,GEOVANNI,6
GEOVANNY,GEOVANNY,5
GEOVANY,GEOVANY,4
GEOVANY DE JESUS,GEOVANY DE JESUS,1
GER'MANNI,GER'MANNI,1
GERALD,GERALD,9
GERALDENE,GERALDENE,1
GERALDINE,GERALDINE,10
GERALDINEY,GERALDINEY,1
GERALDO,GERALDO,1
GERALE,GERALE,2
GERALT,GERALT,1
GERARD,GERARD,9
GERARDH,GERARDH,1
GERARDO,GERARDO,42
GERARDO CLEMENTE,GERARDO CLEMENTE,1
GERARDO SEBASTIAN,GERARDO SEBASTIAN,1
GERBER,GERBER,1
GERDA,GERDA,1
GEREMIAH,GEREMIAH,1
GEREMY,GEREMY,1
GEREON,GEREON,1
GERHARD,GERHARD,1
GERHARDT,GERHARDT,1
GERIN,GERIN,1
GERMAIN,GERMAIN,1
GERMAN,GERMAN,5
GERMAN,GERMÁN,1
GERMANCA,GERMANCA,1
GERMANII,GERMANII,1
GERMARI,GERMARI,1
GERO,GERO,1
GERONI,GERONI,1
GERONIMO,GERONIMO,8
GERRARD,GERRARD,1
GERRICK,GERRICK,1
GERSHOM,GERSHOM,1
GERSON,GERSON,14
GERTRUDE,GERTRUDE,3
GERVIN,GERVIN,1
GERVONTA,GERVONTA,1
GERYN,GERYN,1
GERZON,GERZON,1
GESEL,GESEL,1
GESELLE,GESELLE,1
GETAWENDE,GETAWENDE,1
GETSAI,GETSAI,1
GETSEMANI,GETSEMANI,1
GEVA,GEVA,1
GEVYRA,GEVYRA,1
GEXEL,GEXEL,1
GEYSER,GEYSER,1
GEYSON,GEYSON,1
GEZDY,GEZDY,1
GHAITH,GHAITH,2
GHAVIAN,GHAVIAN,1
GHAZAD,GHAZAD,1
GHISLAINE,GHISLAINE,1
GHNANIKA RIYA,GHNANIKA RIYA,1
GI SUNG,GI SUNG,1
GI'ANNA,GI'ANNA,1
GIA,GIA,31
GIA'NOVA,GIA'NOVA,1
GIA-NGUYEN,GIA-NGUYEN,1
GIADA,GIADA,2
GIAH,GIAH,1
GIAHAN,GIAHAN,1
GIAHNA,GIAHNA,2
GIALANA,GIALANA,1
GIAN,GIAN,12
GIAN,GÍAN,1
GIAN LUKE,GIAN LUKE,1
GIAN VICTOR,GIAN VICTOR,1
GIANA,GIANA,15
GIANCARLO,GIANCARLO,6
GIANELLA,GIANELLA,3
GIANELLE,GIANELLE,1
GIANELLY,GIANELLY,1
GIANFRANCO,GIANFRANCO,1
GIANI,GIANI,3
GIANINA,GIANINA,1
GIANLIS,GIANLIS,1
GIANLUCA,GIANLUCA,6
GIANLUCIANO,GIANLUCIANO,1
GIANMARCO,GIANMARCO,1
GIANMICHAEL,GIANMICHAEL,1
GIANNA,GIANNA,204
GIANNA BLISS,GIANNA BLISS,1
GIANNAH,GIANNAH,2
GIANNI,GIANNI,35
GIANNI,GIÁNNI,1
GIANNINA,GIANNINA,1
GIANNIS,GIANNIS,4
GIANNY,GIANNY,1
GIANPIERO,GIANPIERO,1
GIARLETTE,GIARLETTE,1
GIAVANNA,GIAVANNA,4
GIAVANNI,GIAVANNI,1
GIAVINA,GIAVINA,1
GIAVONA,GIAVONA,1
GIAVONNA,GIAVONNA,2
GIAVONNI,GIAVONNI,1
GIBRAN,GIBRAN,4
GIBRAN,GIBRÁN,2
GIBSON,GIBSON,15
GIDDEON,GIDDEON,1
GIDEON,GIDEON,49
GIFFORD,GIFFORD,1
GIGA,GIGA,1
GIGI,GIGI,4
GIHANNA,GIHANNA,1
GIL,GIL,1
GILA,GILA,1
GILAH,GILAH,1
GILANA,GILANA,2
GILBERT,GILBERT,11
GILBERTO,GILBERTO,10
GILDA,GILDA,1
GILES,GILES,1
GILLERMO,GILLERMO,1
GILLIAN,GILLIAN,4
GILLIAN ROSE,GILLIAN ROSE,1
GILLY,GILLY,1
GIMENA,GIMENA,1
GIMENNA,GIMENNA,1
GIMMENA,GIMMENA,1
GINA,GINA,2
GINA-GRACE,GINA-GRACE,1
GINEVIEVE,GINEVIEVE,1
GINEVRA,GINEVRA,1
GINGER,GINGER,3
GINNY,GINNY,1
GIO,GIO,7
GIOIA,GIOIA,2
GIONNE,GIONNE,1
GIONNI,GIONNI,2
GIONNI YITZHAK,GIONNI YITZHAK,1
GIORDANA,GIORDANA,1
GIORGIA,GIORGIA,1
GIORGIANNA,GIORGIANNA,1
GIORGIO,GIORGIO,2
GIOSUE,GIOSUE,1
GIOVANA,GIOVANA,3
GIOVANI,GIOVANI,7
GIOVANNA,GIOVANNA,17
GIOVANNI,GIOVANNI,129
GIOVANNIE,GIOVANNIE,1
GIOVANNY,GIOVANNY,5
GIOVAUGHNI,GIOVAUGHNI,1
GIOVONI,GIOVONI,1
GIRAY,GIRAY,1
GISEL,GISEL,2
GISELA,GISELA,6
GISELDA,GISELDA,1
GISELE,GISELE,10
GISELLA,GISELLA,1
GISELLE,GISELLE,52
GISELLE,GÍSELLE,1
GISSEL,GISSEL,4
GISSELLA,GISSELLA,1
GISSELLE,GISSELLE,10
GITZEL,GITZEL,1
GIULIA,GIULIA,6
GIULIANA,GIULIANA,9
GIULIANI,GIULIANI,1
GIULIANNA,GIULIANNA,2
GIULIETTA,GIULIETTA,3
GIULISSA,GIULISSA,1
GIUSEPPE,GIUSEPPE,1
GIXANE,GIXANE,1
GIYA,GIYA,1
GIZELLA,GIZELLA,1
GIZELLE,GIZELLE,1
GIZZELLE,GIZZELLE,1
GJEVA,GJEVA,1
GJORJA,GJORJA,1
GLADIS,GLADIS,1
GLADYS,GLADYS,4
GLEN,GLEN,1
GLENDA,GLENDA,2
GLENDY,GLENDY,2
GLENN,GLENN,5
GLENNA,GLENNA,1
GLENY,GLENY,1
GLIRIAN,GLIRIAN,1
GLIZZY,GLIZZY,1
GLO'VONNE,GLO'VONNE,1
GLORIA,GLORIA,25
GLORIANA,GLORIANA,2
GLORIANNA,GLORIANNA,1
GLORIBELLE,GLORIBELLE,1
GLORY,GLORY,6
GLORYMAR,GLORYMAR,1
GOBIND,GOBIND,1
GODA LUNA,GODA LUNA,1
GODDESS,GODDESS,3
GODESSEY,GODESSEY,1
GODRIC,GODRIC,3
GODSWILL,GODSWILL,1
GOHAN,GOHAN,3
GOHITHA SAHASRA,GOHITHA SAHASRA,1
GOKUL,GOKUL,1
GOLDEN,GOLDEN,8
GOLDIE,GOLDIE,31
GOLDIE RU,GOLDIE RU,1
GOMATHISANKAR,GOMATHISANKAR,1
GONI,GONI,1
GONSALO,GONSALO,1
GONZALO,GONZALO,8
GORDEN,GORDEN,1
GORDON,GORDON,5
GORDY,GORDY,1
GORETTI,GORETTI,1
GORGEOUS,GORGEOUS,1
GORMAN,GORMAN,1
GOTTI,GOTTI,2
GOVIND,GOVIND,3
GOWRAVI,GOWRAVI,1
GOWRI,GOWRI,1
GOWSHIK REDDY,GOWSHIK REDDY,1
GRACE,GRACE,224
GRACEANN,GRACEANN,1
GRACEILA,GRACEILA,1
GRACELYN,GRACELYN,21
GRACELYNN,GRACELYNN,12
GRACEMARIE,GRACEMARIE,1
GRACEN,GRACEN,3
GRACEYN,GRACEYN,1
GRACIANA,GRACIANA,1
GRACIANO,GRACIANO,1
GRACIE,GRACIE,38
GRACIELA,GRACIELA,9
GRACIELLA,GRACIELLA,3
GRACY,GRACY,1
GRACYN,GRACYN,2
GRADY,GRADY,24
GRAE,GRAE,1
GRAECYN,GRAECYN,1
GRAEME,GRAEME,3
GRAESYN,GRAESYN,1
GRAHAM,GRAHAM,141
GRAISON,GRAISON,1
GRALEN,GRALEN,1
GRANGER,GRANGER,5
GRANIT,GRANIT,1
GRANT,GRANT,75
GRANUAILE,GRANUAILE,1
GRASE,GRASE,1
GRATEFUL LAURE,GRATEFUL LAURE,1
GRAY,GRAY,15
GRAYCE,GRAYCE,1
GRAYDEN,GRAYDEN,1
GRAYDON,GRAYDON,1
GRAYLEN,GRAYLEN,1
GRAYSEN,GRAYSEN,7
GRAYSON,GRAYSON,279
GRAYSTON,GRAYSTON,1
GRAYSUN,GRAYSUN,1
GREAT,GREAT,1
GREBELYN,GREBELYN,1
GRECIA,GRECIA,14
GREECE,GREECE,1
GREEICY,GREEICY,2
GREELEY,GREELEY,1
GREENLY,GREENLY,1
GREER,GREER,10
GREEVA,GREEVA,1
GREG,GREG,1
GREGG,GREGG,1
GREGGORY,GREGGORY,1
GREGOR,GREGOR,1
GREGORIO,GREGORIO,2
GREGORY,GREGORY,33
GREIDY,GREIDY,1
GREIS,GREIS,1
GREISY,GREISY,2
GRETA,GRETA,18
GRETCHEN,GRETCHEN,4
GRETEL,GRETEL,10
GRETHEL,GRETHEL,5
GRETHNA,GRETHNA,1
GRETL,GRETL,1
GRETTA,GRETTA,3
GRETTEL,GRETTEL,10
GRETTELL,GRETTELL,1
GREY,GREY,25
GREY'SON,GREY'SON,1
GREYSEN,GREYSEN,1
GREYSI,GREYSI,1
GREYSON,GREYSON,102
GREYSON JAMES,GREYSON JAMES,1
GRIDLEY,GRIDLEY,1
GRIER,GRIER,3
GRIERSON,GRIERSON,1
GRIEZMANN,GRIEZMANN,1
GRIFFIN,GRIFFIN,85
GRIMM,GRIMM,1
GRIS,GRIS,2
GRISEL,GRISEL,1
GRISELDA,GRISELDA,2
GRISLEY,GRISLEY,1
GROOVIN,GROOVIN,1
GROVER,GROVER,1
GRYFFIN,GRYFFIN,2
GRYFFINN,GRYFFINN,1
GUADALUPE,GUADALUPE,35
GUERY,GUERY,1
GUHAN,GUHAN,3
GUILLERMO,GUILLERMO,33
GUINEVERE,GUINEVERE,12
GUIOVANI,GUIOVANI,1
GUL BANO,GUL BANO,1
GUL DASTA,GUL DASTA,1
GULIANA,GULIANA,1
GULIETTA,GULIETTA,1
GULLIETHA,GULLIETHA,1
GUNNAR,GUNNAR,17
GUNNARD,GUNNARD,1
GUNNER,GUNNER,20
GUO,GUO,1
GURBAAZ,GURBAAZ,1
GURBANI,GURBANI,1
GURION,GURION,1
GURISHA,GURISHA,1
GURMAAN SINGH,GURMAAN SINGH,1
GURMEHER,GURMEHER,1
GURTAJ,GURTAJ,1
GURVIR,GURVIR,1
GUS,GUS,10
GUSSIE,GUSSIE,1
GUSTAV,GUSTAV,3
GUSTAVITO,GUSTAVITO,1
GUSTAVO,GUSTAVO,34
GUTHRIE,GUTHRIE,1
GUY,GUY,14
GUZMAN,GUZMAN,1
GWEN,GWEN,19
GWENDOLINE,GWENDOLINE,1
GWENDOLYN,GWENDOLYN,38
GWENDOLYNN,GWENDOLYNN,2
GWENEVERE,GWENEVERE,2
GWENYTH,GWENYTH,3
GWENYVERE,GWENYVERE,1
GWYNELLE,GWYNELLE,1
GWYNELYN,GWYNELYN,1
GWYNETH,GWYNETH,14
GWYNNA,GWYNNA,1
GYAH,GYAH,1
GYANA,GYANA,1
GYANINA,GYANINA,1
GYAVANNA,GYAVANNA,1
GYDDION,GYDDION,1
GYNES,GYNES,1
GYNESIS,GYNESIS,1
GYSELLA,GYSELLA,1
HA,HA,1
HA'LYNN,HA'LYNN,1
HAADI,HAADI,1
HAAGR,HAAGR,1
HAAKEN,HAAKEN,1
HAALA,HAALA,1
HAAMID ZUHAIN,HAAMID ZUHAIN,1
HAARIL,HAARIL,1
HAAROON,HAAROON,1
HAASINI,HAASINI,1
HABELYN,HABELYN,1
HABIB,HABIB,1
HABY,HABY,1
HACK,HACK,1
HACKETT,HACKETT,1
HADALYNN,HADALYNN,1
HADASHA,HADASHA,2
HADASSA,HADASSA,3
HADASSAH,HADASSAH,9
HADASSHA,HADASSHA,1
HADDASAH,HADDASAH,1
HADDEN,HADDEN,1
HADDIE,HADDIE,3
HADDON,HADDON,1
HADDY,HADDY,1
HADEN,HADEN,1
HADES,HADES,1
HADI,HADI,5
HADIA,HADIA,3
HADID,HADID,2
HADIYAH,HADIYAH,2
HADJA,HADJA,1
HADLEE,HADLEE,6
HADLEIGH,HADLEIGH,4
HADLEY,HADLEY,100
HADLIE,HADLIE,1
HADLYN,HADLYN,1
HADLYNNE,HADLYNNE,1
HADRIAN,HADRIAN,3
HADRIEL,HADRIEL,1
HADYA,HADYA,1
HADYEH,HADYEH,1
HADYN,HADYN,1
HAEDYN,HAEDYN,1
HAEZALIE,HAEZALIE,1
HAEZEL,HAEZEL,2
HAFFORD,HAFFORD,1
HAFSA,HAFSA,4
HAFSAH,HAFSAH,4
HAGEN,HAGEN,3
HAI'ZLEY,HAI'ZLEY,1
HAIDEN,HAIDEN,3
HAIDER,HAIDER,1
HAIDYN,HAIDYN,1
HAILEE,HAILEE,5
HAILEN,HAILEN,1
HAILEY,HAILEY,116
HAILIE,HAILIE,2
HAILYN,HAILYN,1
HAISE,HAISE,1
HAISLEY,HAISLEY,8
HAIZEL,HAIZEL,1
HAIZELLE,HAIZELLE,1
HAIZLEE,HAIZLEE,1
HAJAR,HAJAR,1
HAJIRATOU,HAJIRATOU,1
HAKEEM,HAKEEM,4
HAKIM,HAKIM,1
HAL,HAL,5
HALA,HALA,2
HALAH,HALAH,1
HALANNA,HALANNA,1
HALCYON,HALCYON,2
HALE,HALE,4
HALEEMA,HALEEMA,2
HALEIGH,HALEIGH,1
HALEN,HALEN,7
HALEY,HALEY,44
HALID,HALID,1
HALILA,HALILA,1
HALIMA,HALIMA,3
HALIMAH,HALIMAH,1
HALIMATOU,HALIMATOU,1
HALINA,HALINA,1
HALIT,HALIT,1
HALLE,HALLE,19
HALLELUIA,HALLELUIA,1
HALLEY,HALLEY,1
HALLIE,HALLIE,62
HALO,HALO,15
HALSEY,HALSEY,2
HALSTEN,HALSTEN,1
HALSTON,HALSTON,8
HALYN,HALYN,1
HAMAD,HAMAD,1
HAMDAAN,HAMDAAN,1
HAMDAN,HAMDAN,1
HAMDIYA,HAMDIYA II,1
HAMED,HAMED,2
HAMID,HAMID,1
HAMIDULLAH,HAMIDULLAH,1
HAMILTON,HAMILTON,2
HAMMAD,HAMMAD,1
HAMPTON,HAMPTON,7
HAMY,HAMY,1
HAMZA,HAMZA,15
HAMZAH,HAMZAH,2
HAMZEH,HAMZEH,1
HAN,HAN,5
HANA,HANA,21
HANAH,HANAH,1
HANAMI,HANAMI,1
HANAN,HANAN,3
HANANEEL,HANANEEL,1
HANDAN,HANDAN,1
HANEEN,HANEEN,1
HANEESH,HANEESH,1
HANESLY,HANESLY,1
HANI,HANI,1
HANIA,HANIA,3
HANICK,HANICK,1
HANIEL,HANIEL,4
HANIKA,HANIKA,1
HANISHKA,HANISHKA,1
HANIYA,HANIYA,2
HANK,HANK,41
HANKS,HANKS,1
HANLEY,HANLEY,2
HANNA,HANNA,31
HANNAH,HANNAH,242
HANNE,HANNE,1
HANNELORE,HANNELORE,1
HANNELY,HANNELY,1
HANNIA,HANNIA,3
HANNY,HANNY,2
HANORA,HANORA,1
HANS,HANS,2
HANSA,HANSA,2
HANSEL,HANSEL,11
HANSELEM,HANSELEM,1
HANSEN,HANSEN,1
HANSH ARYAN,HANSH ARYAN,1
HANSHRUTH,HANSHRUTH,1
HANSIKA,HANSIKA,2
HANSSEL,HANSSEL,1
HANSSEN,HANSSEN,1
HANU,HANU,1
HANUMAN,HANUMAN,1
HANVIKA,HANVIKA,4
HANYELI,HANYELI,1
HANZELL,HANZELL,1
HANZU,HANZU,1
HAO,HAO,1
HAON,HAON,1
HAPPINESS,HAPPINESS,2
HAPPY,HAPPY,2
HAR,HAR,1
HARBOR,HARBOR,2
HARDEN,HARDEN,1
HARDHIK,HARDHIK,1
HARDIK,HARDIK,1
HARDIN,HARDIN,1
HARDY,HARDY,4
HAREE,HAREE,1
HAREEM,HAREEM,1
HAREER,HAREER,1
HAREL,HAREL,1
HARELIN,HARELIN,1
HARENI,HARENI,1
HARFATEH,HARFATEH,1
HARI,HARI,2
HARINI,HARINI,2
HARIPRIYA,HARIPRIYA,1
HARIS,HARIS,5
HARISH,HARISH,1
HARISHVAA,HARISHVAA,1
HARITA,HARITA,1
HARITH,HARITH,1
HARLAN,HARLAN,12
HARLAND,HARLAND,5
HARLEAUX,HARLEAUX,1
HARLEE,HARLEE,7
HARLEEN,HARLEEN,3
HARLEIGH,HARLEIGH,5
HARLEM,HARLEM,9
HARLEM DEAN,HARLEM DEAN,1
HARLEN,HARLEN,5
HARLEY,HARLEY,44
HARLEY,HARLÉY,1
HARLIE,HARLIE,4
HARLIN,HARLIN,1
HARLO,HARLO,1
HARLOE,HARLOE,1
HARLOW,HARLOW,70
HARLOWE,HARLOWE,5
HARLYN,HARLYN,1
HARLYNN,HARLYNN,4
HARMONEE,HARMONEE,2
HARMONEY,HARMONEY,2
HARMONI,HARMONI,7
HARMONIE,HARMONIE,3
HARMONIEE,HARMONIEE,1
HARMONII,HARMONII,1
HARMONY,HARMONY,23
HARNAV,HARNAV,1
HARNOOR SINGH,HARNOOR SINGH,1
HAROL,HAROL,1
HAROLD,HAROLD,20
HAROON,HAROON,3
HAROUN,HAROUN,1
HARPER,HARPER,325
HARPER MAE,HARPER MAE,1
HARPOR,HARPOR,1
HARPYR,HARPYR,1
HARRAM,HARRAM,1
HARRELL,HARRELL,1
HARRIET,HARRIET,11
HARRIETTE,HARRIETTE,2
HARRINGTON,HARRINGTON,1
HARRIS,HARRIS,20
HARRISEN,HARRISEN,1
HARRISON,HARRISON,163
HARRY,HARRY,16
HARSEERAT,HARSEERAT,1
HARSHA,HARSHA,1
HARSHAD,HARSHAD,2
HARSHAI,HARSHAI,1
HARSHIKA,HARSHIKA,4
HARSHIL,HARSHIL,1
HARSHITA,HARSHITA,1
HART,HART,8
HARTLAN,HARTLAN,1
HARTLEN,HARTLEN,1
HARTLEY,HARTLEY,10
HARTLYN,HARTLYN,1
HARU,HARU,2
HARUKI,HARUKI,1
HARUN,HARUN,3
HARUTO,HARUTO,1
HARVEST,HARVEST,1
HARVEY,HARVEY,44
HARVIN,HARVIN,2
HASAN,HASAN,5
HASANAT,HASANAT,2
HASANI,HASANI,1
HASET,HASET,2
HASHEM,HASHEM,1
HASHER,HASHER,1
HASHIM,HASHIM,2
HASHIR,HASHIR,1
HASIKA,HASIKA,1
HASKELL,HASKELL,1
HASLEY,HASLEY,1
HASNAIN,HASNAIN,2
HASRET,HASRET,1
HASSAAN,HASSAAN,1
HASSAN,HASSAN,8
HASSANAH,HASSANAH,1
HASSATOU,HASSATOU,1
HASSET,HASSET,2
HASSIER,HASSIER,1
HASSIN,HASSIN,1
HASTINGS,HASTINGS,1
HASTON,HASTON,1
HASYA,HASYA,1
HATCHER,HATCHER,3
HATHAWAY,HATHAWAY,1
HATIM,HATIM,1
HATLEY,HATLEY,1
HATSHEPSUT,HATSHEPSUT,1
HATTIE,HATTIE,46
HATZIRY,HATZIRY,1
HAUSER,HAUSER,1
HAVA,HAVA,1
HAVAH,HAVAH,1
HAVANA,HAVANA,8
HAVANNA,HAVANNA,1
HAVEN,HAVEN,49
HAVENLY,HAVENLY,1
HAVI,HAVI,1
HAVI,HÁVI,1
HAVIH,HAVIH,1
HAVILAH,HAVILAH,3
HAVISH,HAVISH,1
HAVISHA,HAVISHA,2
HAVOC,HAVOC,1
HAVVA,HAVVA,1
HAVYA,HAVYA,1
HAVYN,HAVYN,1
HAWA,HAWA,5
HAWK,HAWK,10
HAWKE,HAWKE,3
HAWKEN,HAWKEN,1
HAWKINS,HAWKINS,4
HAWKS,HAWKS,1
HAWTHORN,HAWTHORN,1
HAWTHORNE,HAWTHORNE,3
HAWWA,HAWWA,1
HAYA,HAYA,14
HAYAAN,HAYAAN,3
HAYAMI,HAYAMI,1
HAYAN KRISHNA,HAYAN KRISHNA,1
HAYAT,HAYAT,1
HAYAWOR,HAYAWOR,1
HAYDEE,HAYDEE,2
HAYDEN,HAYDEN,125
HAYDN,HAYDN,5
HAYDON,HAYDON,2
HAYEON,HAYEON,1
HAYES,HAYES,154
HAYLANY,HAYLANY,1
HAYLEE,HAYLEE,9
HAYLEE-GRACE,HAYLEE-GRACE,1
HAYLEY,HAYLEY,20
HAYLIE,HAYLIE,3
HAYLIN,HAYLIN,1
HAYLO,HAYLO,1
HAYLOR,HAYLOR,1
HAYLYN,HAYLYN,1
HAYNES,HAYNES,2
HAYS,HAYS,6
HAYSLETT,HAYSLETT,1
HAYSTON,HAYSTON,1
HAYTAM,HAYTAM,1
HAYUL,HAYUL,1
HAYULE,HAYULE,1
HAYWARD,HAYWARD,1
HAYYAN,HAYYAN,1
HAYZE,HAYZE,1
HAYZEE,HAYZEE,1
HAYZEL,HAYZEL,1
HAYZEN,HAYZEN,4
HAZAEL,HAZAEL,3
HAZE,HAZE,6
HAZEL,HAZEL,240
HAZEL-JAZLYN,HAZEL-JAZLYN,1
HAZELENE,HAZELENE,1
HAZELLE,HAZELLE,1
HAZELLYNN,HAZELLYNN,1
HAZELYNN,HAZELYNN,2
HAZEN,HAZEN,5
HAZIEL,HAZIEL,6
HAZIEL AUSTIN,HAZIEL AUSTIN,1
HAZINE,HAZINE,1
HAZIQAH MARYAM,HAZIQAH MARYAM,1
HAZLEIGH,HAZLEIGH,1
HAZLEY,HAZLEY,1
HAZLIN,HAZLÍN,1
HAZMIN,HAZMIN,1
HAZOOR,HAZOOR,1
HAZURI,HAZURI,1
HAZYL,HAZYL,1
HEAMSHARAN,HEAMSHARAN,1
HEART,HEART,3
HEATH,HEATH,11
HEATHCLIFF,HEATHCLIFF,1
HEATHER,HEATHER,8
HEATHERLEE,HEATHERLEE,1
HEATON,HEATON,1
HEAVEN,HEAVEN,21
HEAVENLEE,HEAVENLEE,1
HEAVENLEY,HEAVENLEY,1
HEAVENLI,HEAVENLI,1
HEAVENLY,HEAVENLY,7
HEAVYN,HEAVYN,1
HEBA,HEBA,1
HEBECCA,HEBECCA,1
HEBER,HEBER,1
HEBRAEI,HEBRAEI,1
HECATE,HECATE,1
HECTOR,HECTOR,65
HECTOR,HÉCTOR,2
HEDANIS,HEDANIS,1
HEDER,HEDER,1
HEDY,HEDY,2
HEDYA,HEDYA,1
HEELA,HEELA,2
HEIDI,HEIDI,66
HEIDY,HEIDY,19
HEILAN,HEILAN,1
HEILEN,HEILEN,1
HEILY,HEILY,3
HEILYN,HEILYN,2
HEINER,HEINER,1
HEISLEIGH,HEISLEIGH,1
HEISON,HEISON,2
HEITOR,HEITOR,1
HEIZEL,HEIZEL,1
HEJLLAL,HEJLLAL,1
HELA,HELA,1
HELAINA,HELAINA,1
HELAMAN,HELAMAN,1
HELANA,HELANA,1
HELANIE,HELANIE,1
HELANY,HELANY,1
HELAYNA,HELAYNA,1
HELDRICK,HELDRICK,1
HELEN,HELEN,52
HELEN,HELÉN,1
HELENA,HELENA,41
HELENE,HELENE,3
HELENE,HÉLÈNE,1
HELENITA,HELENITA,1
HELI,HELI,1
HELIA,HELIA,1
HELINA,HELINA,1
HELIO,HELIO,1
HELIOS,HELIOS,3
HELLEN,HELLEN,13
HELLER,HELLER,1
HELO,HELO,1
HELOISE,HÉLOÏSE,1
HEMANI,HEMANI,1
HEMANSH,HEMANSH,1
HEMANSHI,HEMANSHI,1
HEMERSON,HEMERSON,1
HEMKRISH,HEMKRISH,1
HEMLOCK,HEMLOCK,1
HEMMALEE,HEMMALEE,1
HEMMING,HEMMING,1
HEMSLEY,HEMSLEY,1
HENA,HENA,2
HENAZ,HENAZ,1
HENCY,HENCY,2
HENDERSON,HENDERSON,4
HENDRICK,HENDRICK,2
HENDRICKS,HENDRICKS,2
HENDRIK,HENDRIK,1
HENDRIX,HENDRIX,59
HENDRIXSON,HENDRIXSON,1
HENDRIXX,HENDRIXX,1
HENLEE,HENLEE,2
HENLEY,HENLEY,23
HENLYE,HENLYE,1
HENNA,HENNA,1
HENNAH,HENNAH,1
HENNELE,HENNELE,1
HENNESSY,HENNESSY,2
HENNING,HENNING,1
HENRI,HENRI,17
HENRICK,HENRICK,2
HENRIETTA,HENRIETTA,11
HENRIK,HENRIK,7
HENRIQUE,HENRIQUE,2
HENRRY,HENRRY,5
HENRY,HENRY,576
HENSLEE,HENSLEE,1
HENSLEY,HENSLEY,9
HENSLIE,HENSLIE,1
HENSLLIE,HENSLLIE,1
HENSON,HENSON,1
HENSSER,HENSSER,1
HENZO,HENZO,1
HEPHZIBAH,HEPHZIBAH,1
HERA,HERA,4
HERA ISABELLE,HERA ISABELLE,1
HERAN,HERAN,1
HERANI,HERANI,1
HERBERT,HERBERT,1
HERCULES,HERCULES,1
HERI,HERI,1
HERIBERTO,HERIBERTO,7
HERIWOLF,HERIWOLF,1
HERLINDA,HERLINDA,1
HERLIS,HERLIS,1
HERMELANDO,HERMELANDO,1
HERMES,HERMES,2
HERMES,HERMÉS,1
HERMILA,HERMILA,1
HERMILO,HERMILO,1
HERMINIA,HERMINIA,1
HERMINIO,HERMINIO,1
HERMIONE,HERMIONE,4
HERNAN,HERNAN,8
HERNAN,HERNÁN,3
HERNAN EMIR,HERNÁN EMIR,1
HERNANDO,HERNANDO,1
HERO,HERO,2
HERON,HERON,1
HERSCHEL,HERSCHEL,2
HERSH,HERSH,1
HERU,HERU,2
HESAT,HESAT,1
HESHAM,HESHAM,2
HESSLER,HESSLER,1
HESTER,HESTER,2
HESTON,HESTON,1
HETHVIK,HETHVIK,2
HETTIE,HETTIE,1
HETWIK,HETWIK,1
HEVERT,HEVERT,1
HEWAD,HEWAD,1
HEWAN,HEWAN,1
HEWITT,HEWITT,1
HEYDEN,HEYDEN,1
HEYSEL,HEYSEL,1
HEYSELL,HEYSELL,1
HEYSSEL,HEYSSEL,1
HEZEKANI,HEZEKANI,1
HEZEKIAH,HEZEKIAH,22
HEZEKIAH MICAH,HEZEKIAH MICAH,1
HIAN,HIAN,1
HIBA,HIBA,2
HIBIKI,HIBIKI,1
HICHAM,HICHAM,1
HIJRATULLAH,HIJRATULLAH,1
HIKEN,HIKEN,1
HIKMAH,HIKMAH,1
HILAND,HILAND,1
HILARIA,HILARIA,1
HILARIO,HILARIO,1
HILARY,HILARY,6
HILDA,HILDA,3
HILDE,HILDE,1
HILDEGARD,HILDEGARD,2
HILDY,HILDY,1
HILL,HILL,1
HILLARY,HILLARY,4
HILLIARD,HILLIARD,1
HILLMAN,HILLMAN,1
HILTON,HILTON,3
HIMA ANVIKA,HIMA ANVIKA,1
HIMABINDU,HIMABINDU,1
HIMANI,HIMANI,1
HINATA,HINATA,1
HIRA,HIRA,1
HIRAM,HIRAM,7
HIRO,HIRO,5
HIROKO,HIROKO,1
HIROMI,HIROMI,1
HIROMY,HIROMY,2
HIROSHI,HIROSHI,1
HIRVING,HIRVING,1
HISMAELA,HISMAELA,1
HITAKSHI,HITAKSHI,1
HITANSHI,HITANSHI,1
HITCHENS,HITCHENS,1
HITHA,HITHA,1
HITHARTH,HITHARTH,1
HIYAB,HIYAB,1
HIYAN,HIYAN,1
HIZA,HIZA,1
HIZURU,HIZURU,1
HOBBES,HOBBES,1
HOBSON,HOBSON,1
HODA,HODA,2
HODSON,HODSON,1
HOGAN,HOGAN,3
HOLCOMBE,HOLCOMBE,1
HOLDEN,HOLDEN,72
HOLDER,HOLDER,1
HOLDIN,HOLDIN,1
HOLDON,HOLDON,1
HOLDYN,HOLDYN,1
HOLIDAY,HOLIDAY,3
HOLLAND,HOLLAND,33
HOLLEEN,HOLLEEN,1
HOLLEY,HOLLEY,1
HOLLIDAY,HOLLIDAY,2
HOLLIE,HOLLIE,5
HOLLINS,HOLLINS,1
HOLLIS,HOLLIS,29
HOLLISTER,HOLLISTER,1
HOLLY,HOLLY,31
HOLLY JO,HOLLY JO,1
HOLLYN,HOLLYN,5
HOLLYNN,HOLLYNN,1
HOLSTON,HOLSTON,1
HOLSTYN,HOLSTYN,1
HOLT,HOLT,7
HOLTEN,HOLTEN,1
HOLTIN,HOLTIN,1
HOLTON,HOLTON,4
HOLY,HOLY,1
HOMAIA,HOMAIA,1
HOMER,HOMER,2
HOMERO,HOMERO,5
HONDO,HONDO,1
HONEST,HONEST,3
HONESTI,HONESTI,1
HONESTY,HONESTY,4
HONEY,HONEY,6
HONIX,HONIX,1
HONNESHA,HONNESHA,1
HONNESTY,HONNESTY,1
HONOR,HONOR,2
HONORE,HONORE,1
HONORE,HONORÉ,1
HONORIO,HONORIO,2
HOOPER,HOOPER,1
HOORA,HOORA,1
HOORAIN,HOORAIN,2
HOORIYA,HOORIYA,1
HOPE,HOPE,51
HOPE MADELYN,HOPE MADELYN,1
HOPKINS,HOPKINS,1
HOPPER,HOPPER,2
HORACE,HORACE,1
HORACIO,HORACIO,3
HORAIN,HORAIN,1
HORANIA,HORANIA,1
HORLANDO,HORLANDO,1
HOSANNA,HOSANNA,5
HOSEA,HOSEA,1
HOSNA,HOSNA,1
HOUCK,HOUCK,1
HOUNDSTOOTH,HOUNDSTOOTH,1
HOUSTON,HOUSTON,20
HOUSTON-HENDRIX,HOUSTON-HENDRIX,1
HOVEY,HOVEY,1
HOWARD,HOWARD,13
HOWL,HOWL,1
HOYT,HOYT,2
HREDHAAN REDDY,HREDHAAN REDDY,1
HRIDAAN,HRIDAAN,3
HRIDAY,HRIDAY,3
HRIDHAAN,HRIDHAAN,3
HRIDHAN,HRIDHAN,1
HRIDHAY,HRIDHAY,1
HRIDITH,HRIDITH,1
HRIM,HRIM,1
HRISHIKESH,HRISHIKESH,1
HRITHIK,HRITHIK,1
HRUDAY,HRUDAY,1
HRUDHYA,HRUDHYA,1
HUBER,HUBER,1
HUBERT,HUBERT,5
HUCK,HUCK,8
HUCKLEBERRY,HUCKLEBERRY,1
HUDA,HUDA,5
HUDSON,HUDSON,330
HUDSON SAWYER,HUDSON SAWYER,1
HUDSYN,HUDSYN,1
HUGH,HUGH,13
HUGHES,HUGHES,1
HUGI,HUGI,1
HUGO,HUGO,75
HULISHER,HULISHER,1
HUMAAYD,HUMAAYD,1
HUMAIRA,HUMAIRA,1
HUMAYD,HUMAYD,1
HUMBERTO,HUMBERTO,11
HUMZA,HUMZA,4
HUNOR,HUNOR,1
HUNTER,HUNTER,133
HUNTLEIGH,HUNTLEIGH,2
HUNTLEY,HUNTLEY,2
HURLEY,HURLEY,1
HURREM,HURREM,2
HUSAIN,HUSAIN,1
HUSAINA,HUSAINA,2
HUSNA,HUSNA,5
HUSSAIN,HUSSAIN,4
HUSSEIN,HUSSEIN,5
HUSTON,HUSTON,1
HUTCH,HUTCH,2
HUTCHENS,HUTCHENS,1
HUTCHINS,HUTCHINS,1
HUTCHISON,HUTCHISON,1
HUTTON,HUTTON,1
HUVAN,HUVAN,1
HUVAN REDDY,HUVAN REDDY,1
HUX,HUX,2
HUXLEY,HUXLEY,16
HUXTON,HUXTON,3
HUZAYFAH,HUZAYFAH,1
HYDE,HYDE,2
HYDEN,HYDEN,1
HYEDI,HYEDI,1
HYLA,HYLA,1
HYLIA,HYLIA,1
HYRIE,HYRIE,1
I'KEYAH,I'KEYAH,1
I'MANI,I'MANI,1
I'MARI,I'MARI,1
I'MPRISS,I'MPRISS,1
I'NIYAH,I'NIYAH,1
I'OURA,I'OURA,1
I'RA,I'RA,1
I'VIANNA,I'VIANNA,1
I'YAHNA,I'YAHNA,1
I'YONIA,I'YONIA,1
IAAN,IAAN,1
IAIN,IAIN,4
IAM,IAM,8
IAN,IAN,306
IAN ALEXIS,IAN ALEXIS,1
IANA,IANA,1
IANINA,IANINA,1
IANN,IANN,2
IANNA,IANNA,2
IBBIE,IBBIE,1
IBELLA,IBELLA,1
IBHAN,IBHAN,1
IBRAHAM,IBRAHAM,1
IBRAHEEM,IBRAHEEM,4
IBRAHIM,IBRAHIM,34
IBRAHIM ABDUL,IBRAHIM ABDUL,1
IBRAHIM-KHALIL,IBRAHIM-KHALIL,1
IBRIA,IBRIA,1
IBUKUNOLUWA,IBUKUNOLUWA,1
IBY,IBY,1
ICARUS,ICARUS,1
ICE'LYNN,ICE'LYNN,2
ICELYNN,ICELYNN,1
ICEMIR,ICEMIR,1
ICIYANNA,ICIYANNA,1
ICY,ICY,1
IDA,IDA,8
IDABELLE,IDABELLE,1
IDAIH,IDAIH,1
IDALIA,IDALIA,5
IDALIE,IDALIE,2
IDALIS,IDALIS,1
IDAN,IDAN,3
IDANIA,IDANIA,1
IDAYRA,IDAYRA,1
IDDO,IDDO,1
IDEN,IDEN,1
IDHIKA,IDHIKA,1
IDIALISE,IDIALISE,1
IDOL,IDOL,1
IDONIS,IDONIS,1
IDREES,IDREES,3
IDRIHS,IDRIHS,1
IDRIS,IDRIS,21
IDRIS-CAMILE,IDRIS-CAMILE,1
IDRIZ,IDRIZ,1
IESA,IESA,1
IESAA,IESAA,1
IESIAH,IESIAH,1
IFE,IFE,2
IFEANYI,IFEANYI,1
IFECHIMELU,IFECHIMELU,1
IFEOLUWA,IFEOLUWA,1
IFRA REYAH,IFRA REYAH,1
IFZA,IFZA,1
IGGY,IGGY,3
IGHOSA,IGHOSA,1
IGNACIA,IGNACIA,1
IGNACIO,IGNACIO,17
IGNAR,IGNAR,1
IGNATIUS,IGNATIUS,4
IHAANTARA,IHAANTARA,1
IHAM,IHAM,1
IHAN,IHAN,1
IHAN AADHIRAN,IHAN AADHIRAN,1
IHLAMONAE,IHLAMONAE,1
IHMIR,IHMIR,1
IHSAN,IHSAN,2
IHWAN,IHWAN,1
IIZARIAH,IIZARIAH,1
IKADI,IKADI,1
IKAIKA,IKAIKA,1
IKAL,IKAL,1
IKANSH,IKANSH,1
IKARIS,IKARIS,1
IKE,IKE,5
IKENIK,IKENIK,1
IKENNY,IKENNY,1
IKER,IKER,102
IKHEEM,IKHEEM,1
IKSA,IKSA,1
IKSHA,IKSHA,1
IKSHAAN,IKSHAAN,1
IKSHVAKU,IKSHVAKU,1
IKTAN,IKTAN,1
ILA,ILA,16
ILAH,ILAH,3
ILAI,ILAI,2
ILAM,ILAM,1
ILAMAI,ILAMAI,1
ILAN,ILAN,12
ILAN,ILÁN,1
ILANA,ILANA,9
ILANI,ILANI,2
ILANY,ILANY,2
ILARIA,ILARIA,2
ILARIYA,ILARIYA,1
ILAULY,ILAULY,1
ILAY,ILAY,1
ILAYAIAH,ILAYAIAH,1
ILAYAN,ILAYAN,1
ILDEFONSO,ILDEFONSO,2
ILDIKO,ILDIKO,1
ILEANA,ILEANA,2
ILEARA,ILEARA,1
ILEEN,ILEEN,1
ILEIA,ILEIA,1
ILENE,ILENE,2
ILERI,ILERI,1
ILES,ILES,2
ILEY,ILEY,1
ILEYAN,ILEYAN,1
ILHAAM,ILHAAM,1
ILHAN,ILHAN,2
ILHEEN SAIHON,ILHEEN SAIHON,1
ILIA,ILIA,2
ILIAN,ILIAN,1
ILIANA,ILIANA,24
ILIANI,ILIANI,2
ILIANNA,ILIANNA,3
ILIAS,ILIAS,3
ILIJAH,ILIJAH,1
ILINA,ILINA,1
ILIR,ILIR,1
ILISA,ILISA,1
ILISABET,ILISABET,1
ILLANA,ILLANA,1
ILLARI,ILLARI,1
ILLES,ILLES,1
ILLIA,ILLIA,1
ILLIAM,ILLIAM,1
ILLIANA,ILLIANA,6
ILLIANNA,ILLIANNA,2
ILLIAS,ILLIAS,1
ILLINOISE,ILLINOISE,1
ILLITHIA,ILLITHIA,1
ILLIYA,ILLIYA,1
ILLYA,ILLYA,1
ILLYANA,ILLYANA,1
ILLYLA,ILLYLA,1
ILO,ILO,1
ILSA,ILSA,1
ILSE,ILSE,1
ILUKA,ILUKA,1
ILUMINADA,ILUMINADA,1
ILWAAD,ILWAAD,1
ILY,ILY,3
ILYA,ILYA,5
ILYAAS,ILYAAS,1
ILYANA,ILYANA,3
ILYANNA,ILYANNA,3
ILYAS,ILYAS,3
ILYES,ILYES,1
ILZE,ILZE,1
IM'UNIQUE,IM'UNIQUE,1
IMA,IMA,1
IMAAN,IMAAN,1
IMAGEN,IMAGEN,1
IMALAI,IMALAI,1
IMAN,IMAN,11
IMANI,IMANI,26
IMANOL,IMANOL,2
IMARA,IMARA,1
IMARAH,IMARAH,1
IMARAY,IMARAY,1
IMARI,IMARI,1
IMAYA,IMAYA,3
IMAZA,IMAZA,1
IMELDA,IMELDA,3
IMENA,IMENA,1
IMIAS,IMÍAS,1
IMILIA,IMILIA,1
IMIR,IMIR,2
IMIRA,IMIRA,1
IMISIOLUWA,IMISIOLUWA,2
IMMANUEL,IMMANUEL,9
IMMANUEL JAY,IMMANUEL JAY,1
IMOGEN,IMOGEN,13
IMOGENE,IMOGENE,7
IMRAN,IMRAN,9
IMRI,IMRI,2
IMRIE,IMRIE,1
INA,INA,1
INAARA,INAARA,1
INAAYA,INAAYA,9
INAAYA NOOR,INAAYA NOOR,1
INAKI,INAKI,1
INAKI,IÑAKI,1
INARA,INARA,14
INARI,INARI,1
INAYA,INAYA,12
INAYAH,INAYAH,3
INAYAT,INAYAT,1
INBAN,INBAN,1
INCHARA,INCHARA,1
INDALECIO,INDALECIO,3
INDEYANI,INDEYANI,1
INDI,INDI,1
INDIA,INDIA,8
INDIANA,INDIANA,13
INDICA,INDICA,1
INDIE,INDIE,30
INDIE ROSE,INDIE ROSE,1
INDIGO,INDIGO,17
INDIO,INDIO,2
INDIRA,INDIRA,3
INDIYA,INDIYA,1
INDRA,INDRA,4
INDRAASTRA,INDRAASTRA,1
INDRYX,INDRYX,1
INDU AARUSHI,INDU AARUSHI,1
INDY,INDY,11
INEISHA,INEISHA,1
INEMA,INEMA,1
INES,INÉS,9
INES,INES,7
INESLY,INESLY,1
INEZ,INEZ,9
INEZA,INEZA,2
INFINITY,INFINITY,1
INGRID,INGRID,15
INGRIS,INGRIS,2
INGRY,INGRY,1
INIGO,INIGO,1
INIKA,INIKA,1
INIKO,INIKO,1
INIYA,INIYA,6
INIYAA,INIYAA,1
INIYAN,INIYAN,1
INIYAVEL,INIYAVEL,1
INKA,INKA,1
INMER,INMER,1
INNA,INNA,1
INNOCENCIA,INNOCENCIA,1
INSIYA,INSIYA,3
INSPYRE,INSPYRE,1
INZALEYA,INZALEYA,1
INZO,INZO,1
IO,IO,1
IOAS,IOAS,1
IONA,IONA,6
IONE,IONE,2
IONESCU,IONESCU,1
IONI,IONI,1
IPSA,IPSA,1
IQRA,IQRA,9
IRA,IRA,37
IRA NIDHI,IRA NIDHI,1
IRA REDDY,IRA REDDY,1
IRABIA,IRABIA,1
IRAH,IRAH,1
IRAJ,IRAJ,1
IRALDY,IRALDY,1
IRALENE,IRALENE,1
IRAM,IRAM,1
IRAN,IRAN,1
IRAQ,IRAQ,1
IRASEMA,IRASEMA,1
IRAV,IRAV,2
IRBY,IRBY,1
IRE,IRE,1
IRE,IRÉ,1
IREE,IREE,1
IRELAND,IRELAND,3
IRELIA,IRELIA,2
IRELYN,IRELYN,4
IRELYND,IRELYND,1
IRELYNN,IRELYNN,1
IREM,IREM,1
IRENA,IRENA,2
IRENA,IRÈNA,1
IRENE,IRENE,32
IREOLUWA,IREOLUWA,1
IRETZI,IRETZI,1
IRFAAN,IRFAAN,1
IRFAN,IRFAN,2
IRHA,IRHA,4
IRHIANNA,IRHIANNA,1
IRIANA,IRIANA,1
IRIANNA,IRIANNA,1
IRIDESSA,IRIDESSA,1
IRIE,IRIE,10
IRIKA,IRIKA,1
IRINA,IRINA,11
IRIS,IRIS,122
IRISBELLE,IRISBELLE,1
IRIZA,IRIZA,1
IRLANDA,IRLANDA,2
IRMA,IRMA,5
IROH,IROH,1
IROMI,IROMI,1
IRSHIKA,IRSHIKA,1
IRUABOGHENE,IRUABOGHENE,1
IRULAN,IRULAN,1
IRVIN,IRVIN,6
IRVING,IRVING,6
IRWIN,IRWIN,1
IRYN,IRYN,1
IS'LYNN,IS'LYNN,1
ISA,ISA,10
ISA ELIANNA,ISA ELIANNA,1
ISA'BELLE,ISA'BELLE,1
ISAAC,ISAAC,326
ISAAC ALEXANDER,ISAAC ALEXANDER,1
ISAAC ELIAS,ISAAC ELIAS,1
ISAAC-ERIK,ISAAC-ERIK,1
ISAAC-LOUIE,ISAAC-LOUIE,1
ISAAK,ISAAK,3
ISAAT,ISAAT,1
ISABEL,ISABEL,138
ISABELA,ISABELA,34
ISABELE,ISABELE,1
ISABELL,ISABELL,4
ISABELLA,ISABELLA,631
ISABELLE,ISABELLE,92
ISABELLE FRANCESCA,ISABELLE FRANCESCA,1
ISABELLE MINNA,ISABELLE MINNA,1
ISADELA,ISADELA,1
ISADORA,ISADORA,11
ISADORE,ISADORE,2
ISAEL,ISAEL,17
ISAGHA,ISAGHA,1
ISAHI,ISAHI,1
ISAHIAS,ISAHIAS,1
ISAI,ISAI,10
ISAI,ISAÍ,1
ISAIA,ISAIA,1
ISAIAH,ISAIAH,231
ISAIAS,ISAIAS,47
ISAIAS,ISAÍAS,4
ISAID,ISAID,1
ISAIDA,ISAIDA,1
ISAIH,ISAIH,1
ISAIS,ISAIS,2
ISALENA,ISALENA,1
ISALETT,ISALETT,1
ISALIA,ISALIA,1
ISALYN,ISALYN,1
ISAMAR,ISAMAR,1
ISAMARI,ISAMARI,1
ISAMAY,ISAMAY,1
ISAMILA,ISAMILA,1
ISANA,ISANA,1
ISANDER,ISANDER,1
ISANDRO,ISANDRO,1
ISAURA,ISAURA,1
ISAYAH,ISAYAH,1
ISAYAH SUCCESS,ISAYAH SUCCESS,1
ISBEIDY,ISBEIDY,1
ISELA,ISELA,4
ISELIN,ISELIN,1
ISHA,ISHA,25
ISHA REDDY,ISHA REDDY,1
ISHAA,ISHAA,2
ISHAAN,ISHAAN,42
ISHAAN SRIVATSA,ISHAAN SRIVATSA,1
ISHAAN VARMA,ISHAAN VARMA,1
ISHAAN VIHAARI,ISHAAN VIHAARI,1
ISHAANA,ISHAANA,1
ISHAANI,ISHAANI,1
ISHAANVI,ISHAANVI,1
ISHAANVI REDDY,ISHAANVI REDDY,1
ISHADVIKA,ISHADVIKA,1
ISHAN,ISHAN,10
ISHANA,ISHANA,3
ISHANI,ISHANI,4
ISHANTH,ISHANTH,1
ISHANVI,ISHANVI,13
ISHAR,ISHAR,1
ISHAV,ISHAV,1
ISHELLE,ISHELLE,1
ISHEMA,ISHEMA,1
ISHIKA,ISHIKA,13
ISHIR,ISHIR,1
ISHIRA,ISHIRA,2
ISHITA,ISHITA,5
ISHTA,ISHTA,1
ISHVEER,ISHVEER,1
ISHVIKA,ISHVIKA,1
ISHYA,ISHYA,1
ISIAH,ISIAH,4
ISIAIAH,ISIAIAH,1
ISIAS,ISIAS,1
ISIDORA,ISIDORA,1
ISIDORE,ISIDORE,1
ISIDRO,ISIDRO,14
ISIO,ISIO,1
ISIS,ISIS,8
ISITA,ISITA,1
ISKAI,ISKAI,1
ISKANDER,ISKANDER,1
ISKRA,ISKRA,1
ISLA,ISLA,234
ISLA LINEE,ISLA LINEÉ,1
ISLA MAE,ISLA MAE,1
ISLAH,ISLAH,2
ISLAND,ISLAND,1
ISLANDER,ISLANDER,1
ISLANY,ISLANY,1
ISLAY,ISLAY,1
ISLEM,ISLEM,1
ISLEY,ISLEY,6
ISMAEEL,ISMAEEL,2
ISMAEL,ISMAEL,72
ISMAEL MESSIAH,ISMAEL MESSIAH,1
ISMAELA,ISMAELA,1
ISMAIL,ISMAIL,3
ISMAL,ISMAL,1
ISMERAI,ISMERAI,1
ISMERIE,ISMERIE,1
ISMOILJON,ISMOILJON,1
ISOBEL,ISOBEL,7
ISOLDE,ISOLDE,2
ISOLINA,ISOLINA,1
ISOM,ISOM,1
ISRAA,ISRAA,1
ISRAEL,ISRAEL,81
ISRAELLA,ISRAELLA,1
ISRAH,ISRAH,1
ISRALE,ISRALE,1
ISRAYEL,ISRAYEL,1
ISSA,ISSA,12
ISSABELLA,ISSABELLA,1
ISSAC,ISSAC,17
ISSACK,ISSACK,1
ISSAEL,ISSAEL,1
ISSAIAH,ISSAIAH,1
ISSEI,ISSEI,1
ISSELLE,ISSELLE,1
ISSIAH,ISSIAH,2
ISSIS,ISSIS,1
ISTVAN,ISTVAN,1
ISUA,ISUA,1
ISURU,ISURU,1
ISZELA,ISZELA,1
ITA'LEE,ITA'LEE,1
ITAIVON,ITAIVON,1
ITALIA,ITALIA,6
ITALO,ITALO,1
ITALY,ITALY,2
ITAMAR,ITAMAR,1
ITANI,ITANI,1
ITANZI,ITANZI,1
ITATI,ITATI,1
ITATI,ITATÍ,1
ITAYETZI,ITAYETZI,2
ITBSY,ITBSY,1
ITCHLIAN,ITCHLIAN,1
ITHAN,ITHAN,2
ITHZAYANA,ITHZAYANA,1
ITISHA,ITISHA,1
ITISKA,ITISKA,1
ITTATY,ITTATY,1
ITXARELY,ITXARELY,1
ITXEL,ITXEL,1
ITXELA,ITXELA,1
ITZA,ITZA,1
ITZABEL,ITZABEL,1
ITZABELLA,ITZABELLA,4
ITZAE,ITZAE,9
ITZAEL,ITZAEL,2
ITZAHLI,ITZAHLI,1
ITZAMAR,ITZAMAR,1
ITZAMARA,ITZAMARA,2
ITZAMARAY,ITZAMARAY,1
ITZAYANA,ITZAYANA,32
ITZEL,ITZEL,66
ITZELL,ITZELL,1
ITZHEL,ITZHEL,1
ITZIA,ITZIA,2
ITZIGUERI,ITZIGUERI,1
ITZJACK,ITZJACK,1
ITZLANY,ITZLANY,1
ITZTLI,ITZTLI,1
ITZURI,ITZURI,1
ITZY,ITZY,1
IUSTIANA,IUSTIANA,1
IV'AYHA,IV'AYHA,1
IVA,IVA,7
IVAAN,IVAAN,25
IVAAN AGASTYA,IVAAN AGASTYA,1
IVAANN,IVAANN,1
IVALYNN,IVALYNN,1
IVAN,IVAN,127
IVAN,IVÁN,11
IVAN REDDY,IVAN REDDY,1
IVANA,IVANA,10
IVANALEYAH,IVANALEYAH,1
IVANIA,IVANIA,2
IVANJELYNA,IVANJELYNA,1
IVANKA,IVANKA,4
IVANNA,IVANNA,43
IVANNY,IVANNY,1
IVANSH,IVANSH,1
IVANSHI SIRI,IVANSHI SIRI,1
IVANYA,IVANYA,1
IVAR,IVAR,4
IVE,IVE,1
IVEAH,IVEAH,1
IVELINA,IVELINA,1
IVER,IVER,2
IVERSON,IVERSON,1
IVERY,IVERY,1
IVETH,IVETH,4
IVETT,IVETT,1
IVETTE,IVETTE,6
IVEY,IVEY,3
IVIANNA,IVIANNA,1
IVIE,IVIE,2
IVONNE,IVONNE,7
IVONNUE,IVONNUÉ,1
IVORI,IVORI,1
IVORIE,IVORIE,1
IVORY,IVORY,15
IVREE,IVREE,1
IVY,IVY,154
IVY'ANNA,IVY'ANNA,2
IVY'S,IVY'S,1
IVYANA,IVYANA,1
IVYANNA,IVYANNA,3
IVYANNAH,IVYANNAH,1
IVYLISSE,IVYLISSE,1
IVYS,IVYS,1
IWAN,IWAN,1
IXCHEL,IXCHEL,2
IY'AER,IY'AER,1
IY'ANNA,IY'ANNA,2
IY'LEAH,IY'LEAH,1
IYAHNA,IYAHNA,1
IYAL,IYAL,1
IYAN,IYAN,2
IYANA,IYANA,2
IYANI,IYANI,1
IYANNA,IYANNA,3
IYANNI,IYANNI,1
IYANSH,IYANSH,1
IYANU,IYANU,1
IYARI,IYARI,2
IYDEN,IYDEN,2
IYLA,IYLA,15
IYLAH,IYLAH,2
IYMARI,IYMARI,1
IYRA,IYRA,1
IZ'AIAH,IZ'AIAH,1
IZA,IZA,3
IZA'NAY,IZA'NAY,1
IZAAC,IZAAC,6
IZAAK,IZAAK,3
IZAAN,IZAAN,1
IZABEL,IZABEL,3
IZABELA,IZABELA,2
IZABELE,IZABELE,1
IZABELLA,IZABELLA,38
IZABELLE,IZABELLE,3
IZAC,IZAC,1
IZADORA,IZADORA,1
IZAEAH,IZAEAH,1
IZAEL,IZAEL,7
IZAHIR,IZAHIR,1
IZAI,IZAI,1
IZAIA,IZAIA,1
IZAIAH,IZAIAH,27
IZAIAS,IZAIAS,2
IZAIR,IZAIR,1
IZAK,IZAK,2
IZALEA,IZALEA,1
IZALIA,IZALIA,2
IZAMAR,IZAMAR,2
IZAN,IZAN,16
IZAN,IZÁN,2
IZARI,IZARI,1
IZARY,IZARY,1
IZAUH,IZAUH,1
IZAYAH,IZAYAH,4
IZEA,IZEA,1
IZEKIEL,IZEKIEL,2
IZEL,IZEL,4
IZELA,IZELA,1
IZEN GREY,IZEN GREY,1
IZEREK,IZEREK,1
IZHAN,IZHAN,1
IZHAQ,IZHAQ,1
IZIAH,IZIAH,2
IZIAIS,IZIAIS,1
IZIK,IZIK,1
IZLETTE,IZLETTE,1
IZMAEL,IZMAEL,1
IZMAYLIN,IZMAYLIN,1
IZMYLEE,IZMYLEE,1
IZNA,IZNA,1
IZORIA,IZORIA,1
IZRAH,IZRAH,1
IZREAL,IZREAL,2
IZUMI,IZUMI,2
IZYBELAH,IZYBELAH,1
IZZABELLA,IZZABELLA,2
IZZABELLE,IZZABELLE,1
IZZAC,IZZAC,1
IZZADORA,IZZADORA,1
IZZAH,IZZAH,2
IZZAK,IZZAK,1
IZZALYNN,IZZALYNN,1
IZZAN,IZZAN,1
IZZAT,IZZAT,1
IZZAYAH,IZZAYAH,1
IZZEL,IZZEL,1
IZZY,IZZY,4
J MICHAEL,J MICHAEL,1
J'ANAH,J’ANAH,1
J'ANGELO,J'ANGELO,2
J'ANTHONY,J'ANTHONY,1
J'ASIAH,J'ASIAH,1
J'ERMIAS,J'ERMIAS,2
J'KOBE,J'KOBE,1
J'KYZEN,J'KYZEN,1
J'LEIA,J'LEIA,1
J'LONI,J'LONI,1
J'LYN,J'LYN,1
J'MAYA,J'MAYA,1
J'MERION,J'MERION,1
J'NOVA,J'NOVA,1
J'PRINCE,J'PRINCE,1
J'RAEYIA,J'RAEYIA,1
J'REAM,J'REAM,1
J'SHON,J'SHON,1
J'ULAYDA,J'ULAYDA,1
J'VAUGHN,J'VAUGHN,1
J'VEON,J'VEON,1
J'WON,J'WON,1
J.R.,J.R.,1
JA'AIRE,JA'AIRE,1
JA'ANNA,JA'ANNA,1
JA'BARI,JA'BARI,1
JA'BRAILAH,JA'BRAILAH,1
JA'CAYAH,JA'CAYAH,1
JA'CEAN,JA'CEAN,1
JA'CEON,JA'CEON,2
JA'CIEON,JA'CIEON,1
JA'CION,JA'CION,1
JA'CIRA,JA'CIRA,1
JA'COBI,JA'COBI,1
JA'COREY,JA'COREY,1
JA'CORI,JA'CORI,1
JA'DARIUS,JA'DARIUS,1
JA'DAYAH,JA'DAYAH,1
JA'DORE,JA'DORE,1
JA'DOREE,JA'DOREE,1
JA'HARI,JA'HARI,1
JA'IRE,JA'IRE,1
JA'KAI,JA'KAI,1
JA'KARI,JA'KARI,4
JA'KARII,JA'KARII,1
JA'KARRI,JA'KARRI,2
JA'KAYDEN,JA'KAYDEN,1
JA'KHI,JA'KHI,1
JA'KIYA,JA'KIYA,1
JA'KORI,JA'KORI,1
JA'KYRIEE,JA'KYRIEE,1
JA'LAINA,JA'LAINA,1
JA'LAIZIA,JA'LAIZIA,1
JA'LAYAH,JA'LAYAH,1
JA'LAYLA,JA'LAYLA,1
JA'LEAH,JA'LEAH,2
JA'LECIA,JA'LECIA,1
JA'LEEL,JA'LEEL,1
JA'LEIGHA,JA'LEIGHA,1
JA'LENNA,JA'LENNA,1
JA'LIAH,JA'LIAH,1
JA'LIN,JA'LIN,1
JA'LIYAH,JA'LIYAH,4
JA'LOMPYHIA,JA'LOMPYHIA,1
JA'MAIAH,JA'MAIAH,1
JA'MAREN,JA'MAREN,1
JA'MARI,JA'MARI,4
JA'MARRI,JA'MARRI,1
JA'MAYA,JA'MAYA,1
JA'MEIRE,JA'MEIRE,1
JA'MIEN,JA'MIEN,1
JA'MIKAL,JA'MIKAL,1
JA'MILLIAN,JA'MILLIAN,1
JA'MIR,JA'MIR,4
JA'MIYA,JA'MIYA,1
JA'MIYAH,JA'MIYAH,1
JA'MORA,JA'MORA,1
JA'MORI,JA'MORI,1
JA'MYAH,JA’MYAH,1
JA'MYCHAEL,JA'MYCHAEL,1
JA'MYLAH,JA'MYLAH,1
JA'NAE,JA'NAE,1
JA'NAVIA,JA'NAVIA,1
JA'NEIYA,JA'NEIYA,1
JA'NIA,JA'NIA,1
JA'NIJAH,JA'NIJAH,1
JA'NILA,JA'NILA,1
JA'NIYAH,JA'NIYAH,4
JA'NIYLA,JA'NIYLA,1
JA'NOVA,JA'NOVA,1
JA'NOVEEA,JA'NOVEEA,1
JA'NYIA,JA'NYIA,1
JA'NYLA,JA'NYLA,2
JA'NYLAH,JA'NYLAH,1
JA'NYRAH,JA'NYRAH,1
JA'QUEZ,JA'QUEZ,1
JA'RAE,JA'RAE,1
JA'RAI,JA'RAI,1
JA'RAYLA,JA'RAYLA,1
JA'RIYAH,JA'RIYAH,1
JA'SAIAH,JA'SAIAH,1
JA'SAVION,JA'SAVION,1
JA'SHAUN,JA'SHAUN,1
JA'SHAWN,JA'SHAWN,1
JA'SHON,JA'SHON,1
JA'SIAH,JA'SIAH,3
JA'SIAN,JA'SIAN,1
JA'SIR,JA'SIR,1
JA'SIYA,JA'SIYA,1
JA'TRAYOUS,JA'TRAYOUS,1
JA'VARI,JA'VARI,1
JA'VIYA,JA'VIYA,1
JA'VON,JA'VON,2
JA'VONI,JA'VONI,1
JA'VONNI,JA'VONNI,1
JA'VONNIE,JA'VONNIE,1
JA'XHARIA,JA'XHARIA,1
JA'ZAIAH,JA'ZAIAH,1
JA'ZARIA,JA'ZARIA,1
JA'ZARIYA,JA'ZARIYA,1
JA'ZAYA,JA'ZAYA,1
JA'ZEIR,JA'ZEIR,1
JA'ZI,JA'ZI,1
JA'ZIAH,JA'ZIAH,1
JA'ZIEL,JA'ZIEL,1
JA'ZOIR,JA'ZOIR,1
JA'ZORAH,JA'ZORAH,1
JA-MAR,JA-MAR,1
JAAKKO,JAAKKO,1
JAAN,JAAN,1
JAANVI,JAANVI,6
JAANVI SREE,JAANVI SREE,1
JAANVIKA,JAANVIKA,1
JAASIEL,JAASIEL,1
JAAZIAH,JAAZIAH,1
JABARI,JABARI,3
JABES,JABES,1
JABEZ,JABEZ,3
JABRE,JABRE,1
JABULANI,JABULANI,1
JAC,JAC,1
JACAIYA,JACAIYA,1
JACARI,JACARI,1
JACE,JACE,102
JACE JAI LI,JACE JAI LI,1
JACE'ANGEL,JACE'ANGEL,1
JACE-DAVID,JACE-DAVID,1
JACEE,JACEE,2
JACEION,JACEION,2
JACEKRAEL,JACEKRAEL,1
JACELY,JACELY,1
JACELYN,JACELYN,1
JACEN,JACEN,1
JACESON,JACESON,1
JACEY,JACEY,5
JACHIN,JACHIN,1
JACI,JACI,2
JACIE,JACIE,1
JACIEL,JACIEL,8
JACIN,JACIN,1
JACINDA,JACINDA,1
JACINTO,JACINTO,4
JACK,JACK,497
JACKELIN,JACKELIN,1
JACKELINE,JACKELINE,9
JACKELYN,JACKELYN,3
JACKIE,JACKIE,12
JACKIELYNN,JACKIELYNN,1
JACKILYNN,JACKILYNN,1
JACKLYN,JACKLYN,3
JACKMARIE,JACKMARIE,1
JACKSON,JACKSON,369
JACKSTON,JACKSTON,1
JACKWILLIAMS,JACKWILLIAMS,1
JACLYNN,JACLYNN,1
JACO,JACO,2
JACOB,JACOB,379
JACOB ROI,JACOB ROI,1
JACOB SALEM,JACOB SALEM,1
JACOBI,JACOBI,3
JACOBO,JACOBO,6
JACOBY,JACOBY,6
JACOLBY,JACOLBY,1
JACOPO,JACOPO,1
JACOR,JACOR,1
JACORI,JACORI,2
JACORY,JACORY,1
JACOVI,JACOVI,1
JACQUELIN,JACQUELIN,1
JACQUELINE,JACQUELINE,51
JACQUELYN,JACQUELYN,10
JACQUELYNN,JACQUELYNN,1
JACQUES,JACQUES,3
JACQUI SIENA,JACQUI SIENA,1
JACY,JACY,2
JACYN,JACYN,1
JAD,JAD,3
JADA,JADA,14
JADAIS,JADAIS,1
JADALYNN,JADALYNN,1
JADE,JADE,155
JADE DAYANNE,JADE DAYANNE,1
JADE'LYNN,JADE'LYNN,1
JADEALICIA,JADEALICIA,1
JADELYN,JADELYN,1
JADELYNN,JADELYNN,6
JADELYNNE,JADELYNNE,1
JADEN,JADEN,58
JADESOLA,JADESOLA,1
JADEYN,JADEYN,1
JADIEL,JADIEL,16
JADIRA,JADIRA,1
JADIS,JADIS,1
JADON,JADON,7
JADONIS,JADONIS,1
JADORE,JADORE,1
JADRIAN,JADRIAN,1
JADRIEL,JADRIEL,1
JADUS,JADUS,1
JADZIA,JADZIA,1
JAE,JAE,3
JAE'CEON,JAE'CEON,1
JAE'LYN,JAE'LYN,1
JAE'VANIQUE,JAE'VANIQUE,1
JAE'ZION,JAE'ZION,1
JAEDEN,JAEDEN,2
JAEDON,JAEDON,1
JAEDYN,JAEDYN,2
JAEDYNN,JAEDYNN,1
JAEL,JAEL,11
JAEL,JAÉL,1
JAELANI,JAELANI,2
JAELANII,JAELANII,1
JAELENA,JAELENA,1
JAELIANA,JAELIANA,2
JAELIN,JAELIN,1
JAELIYANNA,JAELIYANNA,1
JAELLA,JAELLA,1
JAELLE,JAELLE,1
JAELONI,JAELONI,1
JAELYN,JAELYN,13
JAELYNN,JAELYNN,13
JAEMESON,JAEMESON,1
JAEMI,JAEMI,1
JAEMIN,JAEMIN,1
JAENNYX,JAENNYX,1
JAESON,JAESON,1
JAEVON,JAEVON,1
JAEWON,JAEWON,1
JAEYAH',JAEYAH',1
JAFAR,JAFAR,1
JAFERSON,JAFERSON,1
JAFET,JAFET,2
JAFETH,JAFETH,1
JAG,JAG,1
JAGAN,JAGAN,1
JAGANNATHAN,JAGANNATHAN,1
JAGER,JAGER,1
JAGER,JÄGER,1
JAGGER,JAGGER,19
JAGOUR,JAGOUR,1
JAGRUTI,JAGRUTI,1
JAH,JAH,1
JAH'EER,JAH'EER,1
JAH'EIL,JAH'EIL,1
JAH'KAI,JAH'KAI,1
JAH'LEAL,JAH'LEAL,1
JAH'LOVE,JAH'LOVE,1
JAH'MAICA MY'ANGEL,JAH'MAICA MY'ANGEL,1
JAH'MARI,JAH'MARI,1
JAH'MAURI,JAH'MAURI,1
JAH'REESE,JAH'REESE,1
JAH'SAI,JAH'SAI,1
JAH-BEATS,JAH-BEATS,1
JAHAAN,JAHAAN,3
JAHAIRA,JAHAIRA,1
JAHAN,JAHAN,3
JAHARI,JAHARI,1
JAHAZIAH,JAHAZIAH,1
JAHAZIEL,JAHAZIEL,4
JAHCI,JAHCI,1
JAHDAE,JAHDAE,1
JAHDAI,JAHDAI,1
JAHDANI,JAHDANI,1
JAHDEL,JAHDEL,1
JAHDIAR,JAHDIAR,1
JAHEEM,JAHEEM,1
JAHEL,JAHEL,2
JAHEL,JÁHEL,1
JAHELY,JAHELY,1
JAHI,JAHI,1
JAHIELLE,JAHIELLE,1
JAHIEM,JAHIEM,1
JAHIR,JAHIR,1
JAHIRYN,JAHIRYN,1
JAHKARRI,JAHKARRI,1
JAHKI,JAHKI,1
JAHLANI,JAHLANI,1
JAHLAYLAH,JAHLAYLAH,1
JAHLEEL,JAHLEEL,2
JAHLIL,JAHLIL,2
JAHLINA,JAHLINA,1
JAHMAI,JAHMAI,1
JAHMEIL,JAHMEIL,1
JAHMIR,JAHMIR,6
JAHNA,JAHNA,1
JAHNAVI,JAHNAVI,2
JAHNNIE,JAHNNIE,1
JAHSEH,JAHSEH,4
JAHSI,JAHSI,1
JAHSIR,JAHSIR,1
JAHVANI,JAHVANI,1
JAHZARA,JAHZARA,3
JAHZIEL,JAHZIEL,5
JAI,JAI,9
JAI DEV,JAI DEV,1
JAI',JAI',1
JAI'CEION,JAI'CEION,1
JAI'CEON,JAI'CEON,1
JAI'DYN,JAI'DYN,1
JAI'LA,JAI'LA,1
JAI'LYNN,JAI'LYNN,1
JAI'MONEE,JAI'MONEE,1
JAI'NIQUE,JAI'NIQUE,1
JAI'SHON,JAI'SHON,1
JAIA,JAIA,1
JAIAH,JAIAH,1
JAICEE,JAICEE,2
JAICEON,JAICEON,1
JAIDA,JAIDA,2
JAIDANA,JAIDANA,1
JAIDE,JAIDE,5
JAIDEE,JAIDEE,1
JAIDEEP,JAIDEEP,1
JAIDEN,JAIDEN,24
JAIDEN-KAI,JAIDEN-KAI,1
JAIDENCE,JAIDENCE,1
JAIDEV,JAIDEV,1
JAIDIN,JAIDIN,1
JAIDON,JAIDON,1
JAIDY,JAIDY,1
JAIDYN,JAIDYN,3
JAIEL,JAIEL,1
JAIKEN,JAIKEN,1
JAILA,JAILA,1
JAILAH,JAILAH,1
JAILANI,JAILANI,3
JAILEE,JAILEE,2
JAILEN,JAILEN,1
JAILENYS,JAILENYS,1
JAILYN,JAILYN,5
JAILYNE,JAILYNE,4
JAIME,JAIME,47
JAIMEE,JAIMEE,1
JAIMESON,JAIMESON,1
JAIMIE,JAIMIE,1
JAINE,JAINE,1
JAIR,JAIR,10
JAIR,JAÍR,1
JAIRA,JAIRA,1
JAIRAM,JAIRAM,1
JAIRAM CHOWDARY,JAIRAM CHOWDARY,1
JAIRE,JAIRE,1
JAIREN,JAIREN,1
JAIRO,JAIRO,18
JAIRO JEZIAH,JAIRO JEZIAH,1
JAIRON,JAIRON,2
JAIRRE,JAIRRE,1
JAIRUS,JAIRUS,2
JAISAL,JAISAL,1
JAISEN,JAISEN,1
JAISHNAV,JAISHNAV,1
JAISIKA REDDY,JAISIKA REDDY,1
JAISLYN,JAISLYN,2
JAISVI,JAISVI,1
JAITRA,JAITRA,2
JAIVEN,JAIVEN,1
JAIVIK,JAIVIK,1
JAIVIN,JAIVIN,2
JAIYA,JAIYA,1
JAIYAH,JAIYAH,1
JAIYAN,JAIYAN,1
JAIYANA,JAIYANA,2
JAIYEOLA,JAIYEOLÁ,1
JAIZEL,JAIZEL,1
JAIZON,JAIZON,1
JAIZZELLE,JAIZZELLE,1
JAK,JAK,1
JAKAI,JAKAI,2
JAKARI,JAKARI,6
JAKARIA,JAKARIA,1
JAKE,JAKE,49
JAKENZO,JAKENZO,1
JAKHAIYA,JAKHAIYA,1
JAKING,JAKING,1
JAKLYNN-MARIE,JAKLYNN-MARIE,1
JAKOB,JAKOB,14
JAKOBE,JAKOBE,3
JAKOBEE,JAKOBEE,1
JAKOBI,JAKOBI,2
JAKOBIE,JAKOBIE,1
JAKOBY,JAKOBY,2
JAKORE,JAKORE,1
JAKORI,JAKORI,2
JAKS,JAKS,2
JAKSON,JAKSON,1
JAKUB,JAKUB,3
JAKURI,JAKURI,1
JAKYREE,JAKYREE,1
JALA,JALA,1
JALAL AHMAD,JALAL AHMAD,1
JALANI,JALANI,3
JALAYA,JALAYA,3
JALAYAH,JALAYAH,2
JALEAH,JALEAH,2
JALEAH,JALEÁH,1
JALECIA,JALECIA,1
JALEEL,JALEEL,1
JALEESA,JALEESA,1
JALEEYA,JALEEYA,1
JALEN,JALEN,18
JALENA,JALENA,1
JALEXI,JALEXI,1
JALEXIS,JALEXIS,1
JALEY,JALEY,1
JALEYAH,JALEYAH,1
JALIA,JALIA,2
JALIAH,JALIAH,1
JALINA,JALINA,1
JALISSA,JALISSA,1
JALIYA,JALIYA,1
JALIYAH,JALIYAH,9
JALIYAH,JÁLIYAH,1
JALIYIAH,JALIYIAH,1
JALYN,JALYN,1
JALYNN,JALYNN,2
JAMAAL,JAMAAL,3
JAMAICA,JAMAICA,1
JAMAINE,JAMAINE,1
JAMAL,JAMAL,6
JAMAR,JAMAR,2
JAMARCUS,JAMARCUS,1
JAMAREON,JAMAREON,1
JAMARI,JAMARI,8
JAMARION,JAMARION,1
JAMARKUS,JAMARKUS,1
JAMARR,JAMARR,1
JAMAUEL,JAMAUEL,1
JAMAYA,JAMAYA,1
JAMEEL,JAMEEL,1
JAMEELAH,JAMEELAH,1
JAMEIR,JAMEIR,1
JAMEIS,JAMEIS,1
JAMEL,JAMEL,1
JAMELL,JAMELL,1
JAMELO,JAMELO,1
JAMERION,JAMERION,1
JAMES,JAMES,605
JAMES DESMOND,JAMES DESMOND,1
JAMES PATRICK,JAMES PATRICK,1
JAMES PHILLIP,JAMES PHILLIP,1
JAMESON,JAMESON,128
JAMESSA,JAMESSA,1
JAMESYN,JAMESYN,2
JAMEY,JAMEY,1
JAMEY JO,JAMEY JO,1
JAMEYAH,JAMEYAH,1
JAMIAH,JAMIAH,1
JAMICHEAL,JAMICHEAL,1
JAMIE,JAMIE,33
JAMIE LYNN,JAMIE LYNN,1
JAMIEL,JAMIEL,1
JAMIERE,JAMIERE,1
JAMIESON,JAMIESON,2
JAMIL,JAMIL,2
JAMILA,JAMILA,3
JAMIN,JAMIN,1
JAMINYA,JAMINYA,1
JAMIR,JAMIR,9
JAMIRION,JAMIRION,1
JAMISON,JAMISON,15
JAMISYN,JAMISYN,1
JAMIYA,JAMIYA,1
JAMIYAH,JAMIYAH,2
JAMYA,JAMYA,1
JAMYRAH,JAMYRAH,1
JAMYSON,JAMYSON,1
JAN,JAN,10
JANA,JANA,11
JANADI,JANADI,1
JANAE,JANAE,6
JANAE,JANAÉ,1
JANAH,JANAH,1
JANAI,JANAI,1
JANAIAH,JANAIAH,1
JANAL,JANAL,1
JANAN,JANAN,1
JANANI,JANANI,2
JANARTHANAN,JANARTHANAN,1
JANAVIE,JANAVIE,1
JANCARLOS,JANCARLOS,1
JANDY,JANDY,1
JANE,JANE,64
JANE ALEXANDRIA,JANE ALEXANDRIA,1
JANEISIE,JANEISIE,1
JANEL,JANEL,1
JANELI,JANELI,2
JANELLE,JANELLE,22
JANELLEE,JANELLEE,1
JANELLY,JANELLY,5
JANELY,JANELY,2
JANER,JANER,1
JANESSA,JANESSA,4
JANET,JANET,3
JANETH,JANETH,8
JANETT,JANETT,1
JANETTE,JANETTE,1
JANEY,JANEY,1
JANEYLI,JANEYLI,1
JANHVI,JANHVI,2
JANIA,JANIA,1
JANIAH,JANIAH,3
JANIAS,JANIAS,1
JANICA,JANICA,1
JANICE,JANICE,5
JANICE EVELYN,JANICE EVELYN,1
JANIE,JANIE,5
JANIE MICHELLE,JANIE MICHELLE,1
JANIELLE,JANIELLE,1
JANILLE,JANILLE,1
JANINE,JANINE,1
JANINNE,JANINNE,1
JANIS,JANIS,1
JANIYA,JANIYA,3
JANIYAH,JANIYAH,17
JANNAH,JANNAH,1
JANNAT,JANNAT,6
JANNELL,JANNELL,1
JANNELLE,JANNELLE,1
JANNELLI,JANNELLI,1
JANNER,JANNER,1
JANNET,JANNET,1
JANNETH,JANNETH,1
JANNEY,JANNEY,1
JANNY,JANNY,1
JANOAH,JANOAH,1
JANOVYA,JANOVYA,1
JANSEN,JANSEN,1
JANSHER,JANSHER,1
JANSON,JANSON,3
JANSSEN,JANSSEN,1
JANUARY,JANUARY,1
JANVI,JANVI,4
JANVIKA REDDY,JANVIKA REDDY,1
JANY,JANY,1
JANYLA,JANYLA,1
JAPHETH,JAPHETH,1
JAPMANN SINGH,JAPMANN SINGH,1
JAPRI,JAPRI,1
JAQUA,JAQUA,1
JAQUAN,JAQUAN,3
JAQUELIN,JAQUELIN,3
JAQUELINE,JAQUELINE,7
JAQUELYN,JAQUELYN,2
JAR-RELL,JAR-RELL,1
JARASAI,JARASAI,1
JARED,JARED,44
JARED CURTIS,JARED CURTIS,1
JAREK,JAREK,1
JARELI,JARELI,1
JARELL,JARELL,1
JARELLI,JARELLI,1
JARELY,JARELY,1
JAREN,JAREN,1
JARET,JARET,1
JARETD,JARETD,1
JARETH,JARETH,1
JARETSSI,JARETSSI,2
JARETT,JARETT,1
JARETZI,JARETZI,2
JARETZY,JARETZY,3
JARIAH,JARIAH,2
JARIELL,JARIELL,1
JARIETH,JARIETH,1
JARIHA,JARIHA,1
JARILET,JARILET,1
JARIS,JARIS,1
JARIYA,JARIYA,1
JARIYAH,JARIYAH,1
JARIYAS,JARIYAS,1
JAROD,JAROD,1
JAROSLAV,JAROSLAV,1
JARQUISE,JARQUISE,1
JARRETT,JARRETT,5
JARRISON,JARRISON,1
JARROD,JARROD,2
JARVIN,JARVIN,1
JARVIS,JARVIS,3
JARYN,JARYN,1
JASAI,JASAI,3
JASALIN,JASALIN,1
JASANI,JASANI,1
JASCELYN,JASCELYN,1
JASDY,JASDY,1
JASE,JASE,14
JASEL,JASEL,2
JASELIN,JASELIN,1
JASELLA,JASELLA,1
JASEON,JASÉON,1
JASH,JASH,1
JASHLEM,JASHLEM,1
JASHVIKA,JASHVIKA,1
JASHWANTH,JASHWANTH,1
JASHWIKA,JASHWIKA,1
JASIAH,JASIAH,19
JASIBE,JASIBE,5
JASIEL,JASIEL,8
JASIM,JASIM,2
JASIR,JASIR,1
JASIRE,JASIRE,1
JASIRI,JASIRI,1
JASLEEN,JASLEEN,5
JASLENE,JASLENE,1
JASLER,JASLER,1
JASLIN,JASLIN,2
JASLYN,JASLYN,8
JASLYNN,JASLYNN,2
JASLYNNE,JASLYNNE,1
JASMIN,JASMIN,11
JASMINE,JASMINE,73
JASMINE-NICHOLE,JASMINE-NICHOLE,1
JASMYN,JASMYN,2
JASMYNE,JASMYNE,2
JASOD,JASOD,1
JASON,JASON,127
JASON,JASÓN,1
JASON LEE,JASON LEE,1
JASPER,JASPER,93
JASPER-AVERY,JASPER-AVERY,1
JASRAJ,JASRAJ,1
JASRIA,JASRIA,1
JASSELLYN,JASSELLYN,1
JASSIAH,JASSIAH,1
JASSIEL,JASSIEL,1
JASSIR,JASSIR,1
JASSLEY,JASSLEY,1
JASSMIN,JASSMIN,1
JASSON,JASSON,2
JASTIN,JASTIN,1
JASTON,JASTON,1
JASVIK REDDY,JASVIK REDDY,1
JASVIN VARMA,JASVIN VARMA,1
JASVITHA,JASVITHA,1
JASWIK SAI,JASWIK SAI,1
JATHNIEL,JATHNIEL,2
JATIN,JATIN,2
JATMENY,JATMENY,1
JATNIEL,JATNIEL,2
JATZARETH,JATZARETH,1
JATZIRI,JATZIRI,1
JATZIRY,JATZIRY,1
JAVAEH,JAVAEH,1
JAVAEHA,JAVAEHA,1
JAVAN,JAVAN,1
JAVANTE,JAVANTE,1
JAVARI,JAVARI,1
JAVARIS,JAVARIS,2
JAVARUS,JAVARUS,1
JAVEAH,JAVEAH,2
JAVELLE,JAVELLE,1
JAVEN,JAVEN,3
JAVEON,JAVEON,1
JAVEREK,JAVEREK,1
JAVI,JAVI,5
JAVIA,JAVIA,1
JAVIEN,JAVIEN,2
JAVIER,JAVIER,127
JAVIER,JAVIER JR.,1
JAVIN,JAVIN,1
JAVION,JAVION,2
JAVON,JAVON,1
JAVONNI,JAVONNI,2
JAVONTAE,JAVONTAE,1
JAWAD,JAWAD,2
JAWAUN,JAWAUN,1
JAWID,JAWID,1
JAWU,JAWU,1
JAX,JAX,53
JAXEN,JAXEN,7
JAXI,JAXI,1
JAXIE,JAXIE,1
JAXIN,JAXIN,1
JAXINE,JAXINE,1
JAXN,JAXN,1
JAXON,JAXON,178
JAXON OLIVER,JAXON OLIVER,1
JAXSEN,JAXSEN,2
JAXSON,JAXSON,90
JAXSON ALEXANDER,JAXSON ALEXANDER,1
JAXSYN,JAXSYN,4
JAXTON,JAXTON,13
JAXTYN,JAXTYN,3
JAXX,JAXX,13
JAXXEN,JAXXEN,1
JAXXON,JAXXON,5
JAXXON-MARK,JAXXON-MARK,1
JAXYN,JAXYN,5
JAXZON,JAXZON,1
JAXZUN,JAXZUN,1
JAXZYN,JAXZYN,1
JAY,JAY,55
JAY DEN,JAY DEN,1
JAY'CEON,JAY'CEON,2
JAY'LA,JAY'LA,1
JAY'LAH,JAY'LAH,1
JAY'LAHNI,JAY'LAHNI,1
JAY'LANI,JAY'LANI,1
JAY'LEI,JAY'LEI,1
JAY'SEAN,JAY'SEAN,1
JAY'VION,JAY'VION,1
JAY'VIONE,JAY'VIONE,1
JAYA,JAYA,11
JAYADEV,JAYADEV,1
JAYAH,JAYAH,2
JAYAN,JAYAN,2
JAYANA,JAYANA,3
JAYANNA,JAYANNA,3
JAYANSH,JAYANSH,1
JAYANSH ADITYA,JAYANSH ADITYA,1
JAYANT,JAYANT,1
JAYANTH,JAYANTH,4
JAYASRI,JAYASRI,1
JAYCE,JAYCE,51
JAYCEE,JAYCEE,13
JAYCEN,JAYCEN,4
JAYCEON,JAYCEON,21
JAYCI,JAYCI,1
JAYCO,JAYCO,2
JAYCOB,JAYCOB,2
JAYCOBY,JAYCOBY,1
JAYCOP,JAYCOP,1
JAYDA,JAYDA,12
JAYDAA,JAYDAA,1
JAYDAH,JAYDAH,2
JAYDAN,JAYDAN,3
JAYDE,JAYDE,6
JAYDEE,JAYDEE,2
JAYDEL,JAYDEL,1
JAYDEN,JAYDEN,308
JAYDEN ELIJAH,JAYDEN ELIJAH,1
JAYDEN GAEL,JAYDEN GAEL,1
JAYDEN JOAKIM,JAYDEN JOAKIM,1
JAYDEN YENHSING,JAYDEN YENHSING,1
JAYDEN ZACHARY,JAYDEN ZACHARY,1
JAYDENN,JAYDENN,3
JAYDER,JAYDER,1
JAYDI,JAYDI,1
JAYDON,JAYDON,4
JAYDYN,JAYDYN,2
JAYEL,JAYEL,1
JAYLA,JAYLA,29
JAYLA AVA,JAYLA AVA,1
JAYLA-JORIM,JAYLA-JORIM,1
JAYLAH,JAYLAH,11
JAYLAN,JAYLAN,1
JAYLANA,JAYLANA,1
JAYLANI,JAYLANI,3
JAYLANIE,JAYLANIE,1
JAYLANISS,JAYLANISS,1
JAYLEAH,JAYLEAH,1
JAYLEANNA,JAYLEANNA,2
JAYLEE,JAYLEE,5
JAYLEEN,JAYLEEN,13
JAYLEIGH,JAYLEIGH,2
JAYLEN,JAYLEN,38
JAYLENE,JAYLENE,5
JAYLENN,JAYLENN,1
JAYLENNI,JAYLENNI,1
JAYLEY,JAYLEY,1
JAYLIA,JAYLIA,1
JAYLIANA,JAYLIANA,2
JAYLIANAH,JAYLIANAH,1
JAYLIEN,JAYLIEN,1
JAYLIN,JAYLIN,24
JAYLIN MATTHEW,JAYLIN MATTHEW,1
JAYLINA,JAYLINA,1
JAYLINE,JAYLINE,2
JAYLINEE,JAYLINEE,1
JAYLINN,JAYLINN,1
JAYLO,JAYLO,1
JAYLON,JAYLON,3
JAYLONI,JAYLONI,1
JAYLOR,JAYLOR,1
JAYLYN,JAYLYN,3
JAYLYNN,JAYLYNN,4
JAYMAR,JAYMAR,1
JAYME,JAYME,4
JAYMEE,JAYMEE,1
JAYMES,JAYMES,1
JAYMI,JAYMI,1
JAYMIE,JAYMIE,2
JAYNA,JAYNA,4
JAYNE,JAYNE,2
JAYNEE,JAYNEE,2
JAYON,JAYON,1
JAYQUAN,JAYQUAN,1
JAYRO,JAYRO,1
JAYSE,JAYSE,1
JAYSHAN,JAYSHAN,1
JAYSHIVNATH,JAYSHIVNATH,1
JAYSI,JAYSI,1
JAYSIAH,JAYSIAH,1
JAYSON,JAYSON,15
JAYTEN,JAYTEN,1
JAYTON,JAYTON,1
JAYVEION,JAYVEION,1
JAYVEN,JAYVEN,3
JAYVEON,JAYVEON,2
JAYVIN,JAYVIN,1
JAYVION,JAYVION,3
JAYVON,JAYVON,2
JAYVONN,JAYVONN,1
JAYVONNE,JAYVONNE,1
JAYVYN,JAYVYN,1
JAYWANT,JAYWANT,1
JAYXON,JAYXON,1
JAZ'LYNN,JAZ'LYNN,1
JAZABELLE,JAZABELLE,1
JAZAEL,JAZAEL,2
JAZAIAH,JAZAIAH,1
JAZAILA,JAZAILA,1
JAZARA,JAZARA,1
JAZARAH,JAZARAH,1
JAZARIAH,JAZARIAH,1
JAZE GABRIEL,JAZE GABRIEL,1
JAZEIL,JAZEIL,1
JAZEL,JAZEL,1
JAZELLE,JAZELLE,2
JAZETTE,JAZETTE,2
JAZHIEL,JAZHIEL,1
JAZIAH,JAZIAH,2
JAZIAS,JAZIAS,1
JAZIEL,JAZIEL,46
JAZION,JAZION,1
JAZIRA,JAZIRA,1
JAZIREA,JAZIREA,1
JAZIRIAH,JAZIRIAH,1
JAZLEEN,JAZLEEN,1
JAZLIN,JAZLIN,1
JAZLINA,JAZLINA,1
JAZLYN,JAZLYN,25
JAZLYNN,JAZLYNN,12
JAZLYNNE,JAZLYNNE,1
JAZMIN,JAZMIN,35
JAZMIN,JAZMÍN,2
JAZMINE,JAZMINE,12
JAZMINE ROSE MARIGOLD,JAZMINE ROSE MARIGOLD,1
JAZMYN,JAZMYN,1
JAZMYNE,JAZMYNE,1
JAZRIA,JAZRIA,1
JAZULA,JAZULA,1
JAZULIO,JAZULÍO,1
JAZZ,JAZZ,2
JAZZ'REAL,JAZZ'REAL,1
JAZZALYN,JAZZALYN,2
JAZZAYHA,JAZZAYHA,1
JAZZELLE,JAZZELLE,1
JAZZERAE,JAZZERAE,1
JAZZIRYAH,JAZZIRYAH,1
JAZZLEAN,JAZZLEAN,1
JAZZLENE,JAZZLENE,1
JAZZLYN,JAZZLYN,12
JAZZLYNE,JAZZLYNE,1
JAZZLYNN,JAZZLYNN,3
JAZZMINA,JAZZMINA,1
JAZZMINE,JAZZMINE,1
JAZZY,JAZZY,1
JC,JC,3
JCS,JCS,1
JE'KAI,JE'KAI,1
JE'KASH,JE'KASH,1
JE'LANI,JE’LANI,1
JE'LYRIKA,JE'LYRIKA,1
JE'VIAH,JE'VIAH,1
JE'ZEKIA,JE'ZEKIA,1
JEAN,JEAN,10
JEAN LUC,JEAN LUC,1
JEAN PIERRE,JEAN PIERRE,1
JEAN-GABRIEL,JEAN-GABRIEL,1
JEAN-LUC,JEAN-LUC,2
JEANELLA,JEANELLA,1
JEANELLE,JEANELLE,1
JEANELYS,JEANELYS,1
JEANETTE,JEANETTE,4
JEANGARDY,JEANGARDY,1
JEANMARCO,JEANMARCO,1
JEANNAE,JEANNAE,1
JEANNE,JEANNE,1
JEANNELL,JEANNELL,1
JECKSON,JECKSON,2
JECSAN,JECSAN,1
JED,JED,3
JEDAIAH,JEDAIAH,1
JEDEDIAH,JEDEDIAH,2
JEDERICK,JEDERICK,1
JEDI,JEDI,2
JEDIAH,JEDIAH,1
JEDIDIAH,JEDIDIAH,8
JEDIDIAS,JEDIDÍAS,1
JEET,JEET,1
JEEV,JEEV,2
JEEVA,JEEVA,2
JEEVANA,JEEVANA,1
JEEVAT,JEEVAT,1
JEEVI,JEEVI,1
JEEYAN,JEEYAN,1
JEFF,JEFF,2
JEFFER,JEFFER,1
JEFFERSON,JEFFERSON,24
JEFFERY,JEFFERY,6
JEFFREY,JEFFREY,25
JEFFRY,JEFFRY,4
JEFREY,JEFREY,1
JEFRID,JEFRID,1
JEFTE,JEFTE,1
JEHILYN,JEHILYN,4
JEHLANI,JEHLANI,1
JEHNNAY,JEHNNAY,1
JEHORAM,JEHORAM,1
JEHU,JEHU,2
JEHU-HENDRIX,JEHU-HENDRIX,1
JEHYLIN,JEHYLIN,1
JEICO,JEICO,1
JEICOB,JEICOB,1
JEIDEN,JEIDEN,1
JEIKER,JEIKER,1
JEILANI,JEILANI,2
JEILE,JEILE,1
JEILY,JEILY,2
JEILYN,JEILYN,1
JEIMY,JEIMY,4
JEINA,JEINA,1
JEIRAN,JEIRAN,1
JEIRELINE,JEIRELINE,1
JEIREN,JEIREN,1
JEISELLE,JEISELLE,1
JEISON,JEISON,1
JEISY,JEISY,1
JELANI,JELANI,6
JELENA,JELENA,1
JELENA-JOY,JELENA-JOY,1
JELEYNA,JELEYNA,1
JELLICA,JELLICA,1
JEMARIANO,JEMARIANO,1
JEMI,JEMI,1
JEMIELYZ,JEMIELYZ,1
JEMILY,JEMILY,1
JEMIMAH,JEMIMAH,1
JEMINI,JEMINI,1
JEMMA,JEMMA,18
JEN,JEN,1
JENA,JENA,2
JENAE,JENAE,1
JENAILYS,JENAILYS,1
JENAN,JENAN,1
JENARO,JENARO,1
JENAVI,JENAVI,1
JENAYA,JENAYA,1
JENDERSON,JENDERSON,1
JENEE,JENEÉ,1
JENESIS,JENESIS,15
JENESISS,JENESISS,1
JENEVIEVE,JENEVIEVE,5
JENIAH,JENIAH,1
JENICA,JENICA,1
JENIN,JENIN,1
JENIQUE,JENIQUE,1
JENISUS,JENISUS,1
JENIYAH,JENIYAH,1
JENNA,JENNA,19
JENNABELLE,JENNABELLE,2
JENNAH,JENNAH,1
JENNAVIEVE,JENNAVIEVE,1
JENNAYLING,JENNAYLING,1
JENNEFER,JENNEFER,1
JENNEVAH,JENNEVAH,1
JENNEVI,JENNEVI,1
JENNIE,JENNIE,2
JENNIFER,JENNIFER,34
JENNINGS,JENNINGS,11
JENNISSE,JENNISSE,1
JENNY,JENNY,8
JENNYSIS,JENNYSIS,1
JENO',JENO',1
JENROSE,JENROSE,1
JENRY,JENRY,1
JENS,JENS,1
JENSEN,JENSEN,37
JENSI,JENSI,1
JENSON,JENSON,5
JENTRY,JENTRY,4
JEORGINA,JEORGINA,1
JEOVANNI,JEOVANNI,1
JEPSON,JEPSON,1
JER'MII,JER'MII,1
JERALD,JERALD,2
JERALENE,JERALENE,1
JERAMIAH,JERAMIAH,2
JERAMIAHA,JERAMIAHA,1
JERAMY,JERAMY,2
JEREL,JEREL,2
JERELYN,JERELYN,1
JEREMI,JEREMI,1
JEREMIAH,JEREMIAH,183
JEREMIAH KOT,JEREMIAH KOT,1
JEREMIAH WILLIAM,JEREMIAH WILLIAM,1
JEREMIAS,JEREMIAS,17
JEREMIIAH,JEREMIIAH,1
JEREMIYAH,JEREMIYAH,1
JEREMMY,JEREMMY,2
JEREMY,JEREMY,74
JEREMY KALEB,JEREMY KALEB,1
JEREMY-REI,JEREMY-REI,1
JERESSIAH,JERESSIAH,1
JERESUS,JERESUS,1
JERI,JERI,1
JERIAH,JERIAH,6
JERICHO,JERICHO,8
JERICK,JERICK,1
JERICO,JERICO,1
JERIEL,JERIEL,1
JERILYN,JERILYN,1
JERISON,JERISON,1
JERIUS,JERIUS,1
JERIYAH,JERIYAH,1
JERMAINE,JERMAINE,6
JERMERY,JERMERY,1
JERMICHEAL,JERMICHEAL,1
JERNEE,JERNEE,1
JEROLD,JEROLD,1
JEROME,JEROME,5
JERONIMO,JERONIMO,3
JERONIMO,JERONIMO JR,1
JERONIMO,JERÓNIMO,1
JERRAN,JERRAN,1
JERREK,JERREK,1
JERRELL,JERRELL,1
JERRION,JERRION,1
JERRY,JERRY,12
JERSAIN,JERSAIN,1
JERSEY,JERSEY,5
JERSON,JERSON,3
JERUSALEM,JERUSALEM,2
JERUSALEN,JERUSALEN,1
JERUSALEN,JERUSALÉN,1
JERVONI,JERVONI,1
JERVYN,JERVYN,1
JERZI,JERZI,1
JERZIE,JERZIE,1
JESALYN,JESALYN,1
JESARELA,JESARELA,1
JESE,JESÉ,1
JESENIA,JESENIA,2
JESHIA,JESHIA,2
JESHUA,JESHUA,3
JESHUA,JESHÚA,1
JESI,JESI,2
JESIAH,JESIAH,12
JESLI,JESLI,1
JESLIN,JESLIN,2
JESLY,JESLY,1
JESMIN,JESMIN,1
JESPER,JESPER,1
JESS,JESS,1
JESSA,JESSA,7
JESSABELLE,JESSABELLE,2
JESSAELY,JESSAELY,1
JESSALEE,JESSALEE,1
JESSALYN,JESSALYN,1
JESSAMAE,JESSAMAE,1
JESSAMINE,JESSAMINE,1
JESSE,JESSE,105
JESSE,JESSÉ,1
JESSE-DAVIS,JESSE-DAVIS,1
JESSED,JESSED,1
JESSELYN,JESSELYN,1
JESSENIE,JESSENIE,1
JESSI,JESSI,2
JESSIA,JESSIA,4
JESSIAH,JESSIAH,5
JESSICA,JESSICA,33
JESSIE,JESSIE,28
JESSIELENN,JESSIELENN,1
JESSIELYNN,JESSIELYNN,1
JESSLYN,JESSLYN,5
JESSY,JESSY,3
JESSY DANIEL,JESSY DANIEL,1
JESTER,JESTER,2
JESUARY,JESUARY,1
JESUS,JESUS,198
JESUS,JESÚS,17
JESUSOSVALDO,JESUSOSVALDO,1
JESUTOFUNMI,JESUTOFUNMI,1
JESWIKA,JESWIKA,1
JET,JET,18
JETER,JETER,3
JETHRO,JETHRO,11
JETSEN,JETSEN,1
JETSON,JETSON,4
JETSTON,JETSTON,1
JETT,JETT,93
JETTA,JETTA,1
JETTON,JETTON,2
JETTSEN,JETTSEN,1
JETTSON,JETTSON,3
JETZIEL,JETZIEL,1
JEVAEH,JEVAEH,1
JEVALYN,JEVALYN,1
JEVIN,JEVIN,1
JEWEL,JEWEL,10
JEWEL CORAZON ESTEBAN QUETZALCOATL GLEN,JEWEL CORAZÓN ESTEBAN QUETZALCÓATL GLEN,1
JEWELIA,JEWELIA,1
JEWELIE,JEWELIE,1
JEWELS,JEWELS,2
JEWLIA,JEWLIA,1
JEWLIANA,JEWLIANA,1
JEWLZ,JEWLZ,1
JEYANSH,JEYANSH,1
JEYCOB,JEYCOB,3
JEYDEN,JEYDEN,3
JEYH'SEANN,JEYH'SEANN,1
JEYLIN,JEYLIN,1
JEYRAN,JEYRAN,1
JEYREN AZAEL,JEYREN AZAEL,1
JEZABEL,JEZABEL,1
JEZAEL,JEZAEL,2
JEZEKIAH,JEZEKIAH,1
JEZENIAH,JEZENIAH,1
JEZIAH,JEZIAH,1
JEZIEL,JEZIEL,1
JEZLANI,JEZLANI,1
JEZREEL,JEZREEL,1
JEZYVELLE,JEZYVELLE,1
JEZZY,JEZZY,1
JHA'LANI,JHA'LANI,1
JHAANVI,JHAANVI,1
JHACE,JHACE,1
JHACELYN,JHACELYN,1
JHADIEL,JHADIEL,1
JHAEL,JHAEL,1
JHAIJARY,JHAIJARY,1
JHAKUR,JHAKUR,1
JHALAE,JHALAE,1
JHAMIA,JHAMIA,1
JHAMIR,JHAMIR,1
JHAN,JHAN,1
JHANAURI,JHANAURI,1
JHANCARLOS,JHANCARLOS,1
JHANE,JHÁNE,1
JHANVI,JHANVI,1
JHASE,JHASE,1
JHASLIND,JHASLIND,1
JHAVIA,JHAVIA,1
JHAY,JHAY,1
JHAYLAN,JHAYLAN,2
JHAZARA,JHAZARA,1
JHAZLYN,JHAZLYN,1
JHENE,JHENÉ,8
JHENE,JHENE,3
JHENE,JHENÈ,1
JHENSIS,JHENSIS,1
JHERROD,JHERROD,1
JHERSI,JHERSI,1
JHERZEE',JHERZEE',1
JHESSIA,JHESSIA,1
JHETT,JHETT,4
JHEYSON,JHEYSON,1
JHIANI,JHIANI,1
JHOAN,JHOAN,4
JHOANNA,JHOANNA,2
JHOEL,JHOEL,1
JHOIVER,JHOIVER,1
JHOLMAN,JHOLMAN,1
JHON,JHON,4
JHONAIKER,JHONAIKER,1
JHONATAN,JHONATAN,2
JHONATHAN,JHONATHAN,1
JHONNY,JHONNY,2
JHORDYN,JHORDYN,2
JHORI,JHORÍ,1
JHOSUAN,JHOSUAN,1
JHOURNEE,JHOURNEE,2
JHOVANNY,JHOVANNY,1
JHREAM,JHREAM,3
JHY'AIRE,JHY'AIRE,1
JI'ANNI,JI'ANNI,1
JI'EREH,JI'EREH,1
JI'RELL,JI'RELL,1
JI'TARI,JI'TARI,1
JI'TAVIAN,JI'TAVIAN,1
JIA,JIA,7
JIAH,JIAH,1
JIAHANG,JIAHANG,1
JIALI,JIALI,1
JIALI APPHIA,JIALI APPHIA,1
JIAN,JIAN,1
JIANA,JIANA,7
JIANE,JIANE,1
JIANNA,JIANNA,13
JIANNA LOIS,JIANNA LOIS,1
JIANNI,JIANNI,6
JIAQI,JIAQI,1
JIAVANNA,JIAVANNA,1
JIAVONNI,JIAVONNI,1
JIAXI,JIAXI,1
JIAYU,JIAYU,1
JIBRAHN,JIBRAHN,1
JIBRAN,JIBRAN,1
JIBREEL,JIBREEL,2
JIDENNA,JIDENNA,2
JIDEOFOR,JIDEOFOR,1
JIEL,JIEL,1
JIEUN,JIEUN,1
JIGU,JIGU,1
JIHO,JIHO,1
JIHOO,JIHOO,1
JILBERT,JILBERT,1
JILIANI,JILIANI,1
JILIN,JILIN,1
JILL,JILL,3
JILLIAN,JILLIAN,12
JILVER,JILVER,1
JIM,JIM,1
JIMENA,JIMENA,42
JIMENAH,JIMENAH,1
JIMI,JIMI,3
JIMIN,JIMIN,1
JIMING,JIMING,1
JIMMIE,JIMMIE,4
JIMMY,JIMMY,21
JIMMY ALEXANDER,JIMMY ALEXANDER,1
JIN,JIN,4
JINA,JINA,1
JINESHA,JINESHA,1
JING,JING,1
JINGER,JINGER,1
JINGHAO,JINGHAO,1
JINGWEN,JINGWEN,1
JINGYI,JINGYI,1
JINIYAH,JINIYAH,1
JINOBILI,JINOBILI,1
JINRI,JINRI,1
JINYAO,JINYAO,1
JINZO,JINZO,1
JIO,JIO,1
JIONNI,JIONNI,3
JIOVANNA,JIOVANNA,1
JIOVANNAH,JIOVANNAH,1
JIOVANNI,JIOVANNI,7
JIOVANNII,JIOVANNII,1
JIOVANY,JIOVANY,1
JIRAH,JIRAH,1
JIRAIYA,JIRAIYA,5
JIREH,JIREH,7
JIREN,JIREN,2
JIRETH,JIRETH,1
JIRNI,JIRNI,1
JISELA,JISELA,1
JISELLE,JISELLE,3
JISHA,JISHA,1
JISHNU,JISHNU,1
JISSELA,JISSELA,1
JISSELL,JISSELL,1
JISSELLE,JISSELLE,1
JISU,JISU,1
JITESH,JITESH,1
JITESH VIRAT,JITESH VIRAT,1
JIVA,JIVA,1
JIWOO,JIWOO,1
JIWOON,JIWOON,1
JIYA,JIYA,8
JIYAAN,JIYAAN,1
JIYAH,JIYAH,1
JIYAIRE,JIYAIRE,1
JIYANA,JIYANA,3
JIYANSH,JIYANSH,1
JIYOO,JIYOO,1
JIZAEL,JIZAEL,1
JIZEL,JIZEL,1
JIZELLE,JIZELLE,3
JIZMAEL,JIZMAEL,1
JJ,JJ,3
JMALE,JMALE,1
JO,JO,5
JO'ANGEL,JO'ANGEL,1
JO'DEON,JO'DEON,1
JO'MANI,JO'MANI,1
JO'MARI,JO'MARI,1
JO'MIAH,JO'MIAH,1
JO'MIYAH,JO'MIYAH,1
JO'NIAH,JO'NIAH,1
JO'RIELL,JO'RIELL,1
JO'SIAH,JO'SIAH,2
JO'VANNI,JO'VANNI,1
JO'VELYN,JO'VELYN,1
JO'VIEE,JO'VIEE,1
JO'VONTE',JO'VONTE',1
JO'ZIAH,JO'ZIAH,2
JO-ANN,JO-ANN,1
JOAB,JOAB,2
JOACHIM,JOACHIM,3
JOAH,JOAH,3
JOAKIM,JOAKIM,1
JOALI,JOALI,1
JOALY,JOALY,1
JOAN,JOAN,22
JOANA,JOANA,3
JOANGEL,JOANGEL,1
JOANIE,JOANIE,2
JOANN,JOANN,4
JOANNA,JOANNA,57
JOANNE,JOANNE,5
JOANNY,JOANNY,1
JOANS,JOANS,1
JOANTHONY,JOANTHONY,2
JOANY,JOANY,1
JOAO,JOAO,1
JOAQUIM,JOAQUIM,1
JOAQUIN,JOAQUIN,115
JOAQUIN,JOAQUÍN,15
JOAQUIN,JOAQUÌN,1
JOAQUIN'CRUZ,JOAQUIN'CRUZ,1
JOAQUIN-ANTHONY,JOAQUIN-ANTHONY,1
JOAS,JOÁS,1
JOAVI MAYCO,JOAVI MAYCO,1
JOB,JOB,1
JOBANI,JOBANI,1
JOBE,JOBE,1
JOBY,JOBY,1
JOCABED,JOCABED,1
JOCELIN,JOCELIN,2
JOCELINE,JOCELINE,1
JOCELY,JOCELY,1
JOCELYN,JOCELYN,48
JOCELYNN,JOCELYNN,2
JOCELYNNE,JOCELYNNE,1
JOCI,JOCI,1
JOCIANE,JOCIANE,1
JOCIE,JOCIE,1
JOCSAN,JOCSAN,2
JODECI,JODECI,1
JODEON,JODEON,1
JODI,JODI,4
JODIE,JODIE,1
JODY,JODY,6
JOE,JOE,51
JOE ANGEL,JOE ANGEL,1
JOE' HOND,JOE' HOND,1
JOE'ANGEL,JOE'ANGEL,1
JOEANGEL,JOEANGEL,1
JOEANTHONY,JOEANTHONY,1
JOEDI,JOEDI,2
JOEDNIEL,JOEDNIEL,1
JOEL,JOEL,114
JOEL VALAN,JOEL VALAN,1
JOELA,JOELA,1
JOELEINA,JOELEINA,1
JOELI,JOELI,1
JOELL,JOELL,1
JOELLA,JOELLA,1
JOELLE,JOELLE,13
JOELLE MARINE,JOELLE MARINE,1
JOELLEN,JOELLEN,1
JOELY,JOELY,2
JOEN,JOEN,2
JOERAY,JOERAY,1
JOERIAN,JOERIAN,1
JOESPH,JOESPH,1
JOEVANNI,JOEVANNI,1
JOEVANNIE,JOEVANNIE,1
JOEY,JOEY,13
JOEYLEI,JOEYLEI,1
JOFFRE,JOFFRE,1
JOHAN,JOHAN,33
JOHAN-CHARLS,JOHAN-CHARLS,1
JOHANA,JOHANA,5
JOHANN,JOHANN,9
JOHANNA,JOHANNA,23
JOHANNAH,JOHANNAH,2
JOHANNES,JOHANNES,1
JOHANY,JOHANY,1
JOHARRI,JOHARRI,1
JOHN,JOHN,459
JOHN AXEL,JOHN AXEL,1
JOHN EDWARD,JOHN EDWARD,1
JOHN HENRY,JOHN HENRY,1
JOHN JACOB,JOHN JACOB,1
JOHN LEE,JOHN LEE,1
JOHN LUTHER,JOHN LUTHER,1
JOHN LYNDON,JOHN LYNDON,1
JOHN MICHAEL,JOHN MICHAEL,1
JOHN OLIVER,JOHN OLIVER,1
JOHN PAUL,JOHN PAUL,7
JOHN ROSS,JOHN ROSS,1
JOHN-BAILEY,JOHN-BAILEY,1
JOHN-BARRETT,JOHN-BARRETT,1
JOHN-BRANDON,JOHN-BRANDON,1
JOHN-DAVID,JOHN-DAVID,1
JOHN-HENRY,JOHN-HENRY,1
JOHN-LUKE,JOHN-LUKE,1
JOHN-MICHAEL,JOHN-MICHAEL,1
JOHN-PAUL,JOHN-PAUL,2
JOHNA,JOHNA,2
JOHNAN,JOHNAN,1
JOHNANTHONY,JOHNANTHONY,1
JOHNATHAN,JOHNATHAN,26
JOHNATHON,JOHNATHON,2
JOHNATON,JOHNATON,1
JOHNAVEN,JOHNAVEN,1
JOHNCHARLES,JOHNCHARLES,1
JOHNHENRY,JOHNHENRY,1
JOHNIEK,JOHNIEK,1
JOHNMARK,JOHNMARK,1
JOHNMICHAEL,JOHNMICHAEL,1
JOHNNA,JOHNNA,1
JOHNNELL,JOHNNELL,1
JOHNNI,JOHNNI,1
JOHNNIE,JOHNNIE,7
JOHNNY,JOHNNY,43
JOHNPAUL,JOHNPAUL,1
JOHNPETER,JOHNPETER,1
JOHNSON,JOHNSON,1
JOHNSTON,JOHNSTON,1
JOHNTEZ,JOHNTEZ,1
JOHNY,JOHNY,1
JOHON,JOHON,1
JOHVONNI,JOHVONNI,1
JOI,JOI,2
JOIA,JOIA,1
JOIE,JOIE,3
JOJI,JOJI,1
JOKAIUS,JOKAIUS,1
JOLA,JOLA,1
JOLEE,JOLEE,1
JOLEEN,JOLEEN,2
JOLEIGH,JOLEIGH,4
JOLEN TEXAS,JOLEN TEXAS,1
JOLENA,JOLENA,1
JOLENE,JOLENE,32
JOLETTE,JOLETTE,1
JOLI,JOLI,2
JOLIE,JOLIE,22
JOLIE,JOLIÉ,1
JOLIETTE,JOLIETTE,1
JOLINE,JOLINE,2
JOLIS,JOLIS,1
JOLISSA,JOLISSA,1
JOLMARJO,JOLMARJO,1
JOLYNE,JOLYNE,1
JOLYNN,JOLYNN,2
JOMARI,JOMARI,1
JON,JON,16
JON BENET,JON BENÉT,1
JON'VIER,JON'VIER,1
JON-ANGEL,JON-ANGEL,1
JON-COLLIN,JON-COLLIN,1
JONA,JONA,2
JONAEL,JONAEL,4
JONAH,JONAH,98
JONALYN,JONALYN,1
JONAS,JONAS,36
JONAS,JONÁS,1
JONATAN,JONATAN,4
JONATAN,JONATÁN,1
JONATHAM,JONATHAM,1
JONATHAN,JONATHAN,242
JONATHAN APOLLOS,JONATHAN APOLLOS,1
JONATHAN CARLTON,JONATHAN CARLTON,1
JONATHAN EBENEZER,JONATHAN EBENEZER,1
JONATHAN-RENE,JONATHAN-RENE,1
JONATHON,JONATHON,2
JONCARDO,JONCARDO,1
JONDARIA,JONDARIA,1
JONEL,JONEL,1
JONES,JONES,26
JONESIE,JONESIE,1
JONESSA,JONESSA,1
JONI,JONI,7
JONLUC,JONLUC,1
JONNY,JONNY,1
JONPAUL,JONPAUL,1
JONSI,JÓNSI,1
JONSON,JONSON,1
JONTAE,JONTAE,1
JONTEL,JONTEL,1
JONUS,JONUS,1
JONVONTE,JONVONTE,1
JONY,JONY,1
JONYA,JONYA,1
JOOAH,JOOAH,1
JOOD,JOOD,4
JOOE,JOOE,1
JOON,JOON,4
JOORI,JOORI,1
JOOYOON,JOOYOON,1
JOPLIN,JOPLIN,1
JORA,JORA,1
JORAI,JORAI,1
JORALITY,JORALITY,1
JORAM,JORAM,1
JORDAN,JORDAN,203
JORDANA,JORDANA,2
JORDANIA,JORDANIA,1
JORDANNI,JORDANNI,1
JORDANNY,JORDANNY,1
JORDEN,JORDEN,2
JORDI,JORDI,5
JORDI DARWIN,JORDI DARWIN,1
JORDIE,JORDIE,1
JORDIN,JORDIN,1
JORDY,JORDY,12
JORDYAN,JORDYAN,2
JORDYN,JORDYN,43
JORDYN JERZIE,JORDYN JERZIE,1
JORDYNN,JORDYNN,4
JOREA,JOREA,1
JOREN,JOREN,1
JOREN JET,JOREN JET,1
JORGE,JORGE,115
JORGINA,JORGINA,1
JORI,JORI,2
JORIEL,JORIEL,1
JORJA,JORJA,1
JORMAN,JORMAN,1
JORRAH,JORRAH,1
JORRYN,JORRYN,1
JORSHUA,JORSHUA,1
JORTH,JORTH,1
JORYELINA,JORYELINA,1
JOSAFAT,JOSAFAT,1
JOSAIAH,JOSAIAH,1
JOSALYN,JOSALYN,2
JOSBER,JOSBER,1
JOSE,JOSE,330
JOSE,JOSÉ,62
JOSE,JÓSE,2
JOSE ALBERTO,JOSE ALBERTO,1
JOSE ALEJANDRO,JOSE ALEJANDRO,1
JOSE ANGEL,JOSÉ ANGEL,1
JOSE ANTONIO,JOSE ANTONIO,2
JOSE ARTURO,JOSE ARTURO,1
JOSE DE JESUS,JOSE DE JESUS,2
JOSE EDUARDO,JOSE EDUARDO,1
JOSE FRANCISCO,JOSE FRANCISCO,1
JOSE ISMAEL,JOSE ISMAEL,1
JOSE LUIS,JOSE LUIS,2
JOSE MANUEL,JOSE MANUEL,1
JOSE MIGUEL,JOSE MIGUEL,2
JOSE RAFAEL,JOSE RAFAEL,1
JOSE TRINYDAD,JOSE TRINYDAD,1
JOSE-MICHAEL,JOSE-MICHAEL,1
JOSE-RENE,JOSE-RENE,1
JOSEALFREDO,JOSEALFREDO,1
JOSEANTONIO,JOSEANTONIO,1
JOSEF,JOSEF,4
JOSEFINA,JOSEFINA,1
JOSEFINE,JOSEFINE,2
JOSEGAEL,JOSEGAEL,1
JOSELIN,JOSELIN,2
JOSELINE,JOSELINE,3
JOSELUIS,JOSELUIS,2
JOSELYN,JOSELYN,13
JOSELYNN,JOSELYNN,2
JOSEMARIA,JOSEMARIA,1
JOSENE,JOSENE,1
JOSEP,JOSEP,2
JOSEPH,JOSEPH,329
JOSEPH MANUEL,JOSEPH MANUEL,1
JOSEPHENE,JOSEPHENE,1
JOSEPHIN,JOSEPHIN,1
JOSEPHINA,JOSEPHINA,3
JOSEPHINE,JOSEPHINE,225
JOSEPPINA,JOSEPPINA,1
JOSETTE,JOSETTE,3
JOSEY,JOSEY,5
JOSH,JOSH,4
JOSHNIKA,JOSHNIKA,2
JOSHUA,JOSHUA,308
JOSHUA ARAMAARAN,JOSHUA ARAMAARAN,1
JOSHUAN,JOSHUAN,1
JOSHUANY,JOSHUANY,1
JOSHWA,JOSHWA,1
JOSI,JOSI,1
JOSIAH,JOSIAH,276
JOSIAH ALI,JOSIAH ALI,1
JOSIAH DANIEL,JOSIAH DANIEL,1
JOSIAHS,JOSIAHS,1
JOSIANE,JOSIANE,1
JOSIANNE,JOSIANNE,1
JOSIAS,JOSIAS,14
JOSIAS,JOSÍAS,1
JOSIE,JOSIE,72
JOSIEL,JOSIEL,1
JOSIMAR,JOSIMAR,1
JOSIYAH,JOSIYAH,2
JOSKA,JOSKA,1
JOSLYN,JOSLYN,5
JOSLYNN,JOSLYNN,3
JOSMAN,JOSMAN,1
JOSMANY,JOSMANY,1
JOSMAR,JOSMAR,1
JOSOPHIA,JOSOPHIA,1
JOSPEHINE,JOSPEHINE,1
JOSS,JOSS,1
JOSSARY,JOSSARY,1
JOSSELIN,JOSSELIN,2
JOSSELINE,JOSSELINE,1
JOSSELYN,JOSSELYN,3
JOSSIAH,JOSSIAH,1
JOSSIEL,JOSSIEL,1
JOSSIYAH,JOSSIYAH,1
JOSSLYN,JOSSLYN,1
JOSSMERY,JOSSMERY,1
JOSSUE,JOSSUE,1
JOSTHYN,JOSTHYN,1
JOSTIN,JOSTIN,2
JOSUE,JOSUE,85
JOSUE,JOSUÉ,26
JOSUE,JOSÚE,2
JOSUE,JOSUÈ,1
JOSYAH,JOSYAH,1
JOTARO,JOTARO,1
JOTUNN,JOTUNN,1
JOUD,JOUD,1
JOULE,JOULE,1
JOULES,JOULES,1
JOURDAN,JOURDAN,3
JOURDYN,JOURDYN,1
JOURNEA,JOURNEA,1
JOURNEE,JOURNEE,30
JOURNEI,JOURNEI,1
JOURNEIGH,JOURNEIGH,1
JOURNEY,JOURNEY,30
JOURNI,JOURNI,7
JOURNIE,JOURNIE,4
JOURNNI,JOURNNI,1
JOVAHNNY,JOVAHNNY,1
JOVAN,JOVAN,1
JOVANA,JOVANA,1
JOVANI,JOVANI,11
JOVANNA,JOVANNA,1
JOVANNI,JOVANNI,14
JOVANNY,JOVANNY,6
JOVANTE,JOVANTE,1
JOVANY,JOVANY,4
JOVARO,JOVARO,1
JOVENSKY,JOVENSKY,1
JOVI,JOVI,8
JOVIE,JOVIE,12
JOVIENNE,JOVIENNE,1
JOVIN,JOVIN,2
JOVITA,JOVITA,2
JOVON,JOVON,1
JOVONTA,JOVONTA,1
JOY,JOY,40
JOY ESTHER,JOY ESTHER,1
JOY HAZEL,JOY HAZEL,1
JOYANNA,JOYANNA,1
JOYCE,JOYCE,14
JOYCELYN,JOYCELYN,1
JOYE,JOYE,1
JOYELLA,JOYELLA,1
JOYLIN,JOYLIN,1
JOYLINN,JOYLINN,1
JOYLLEEN,JOYLLEEN,1
JOYS,JOYS,1
JOZAE,JOZAE,1
JOZEF,JOZEF,2
JOZELLE,JOZELLE,1
JOZHIEL,JOZHIEL,1
JOZIAH,JOZIAH,11
JOZIAH RENZO,JOZIAH RENZO,1
JOZIAN,JOZIAN,1
JOZLYN,JOZLYN,1
JOZSEF,JOZSEF,1
JRAYDEN,JRAYDEN,1
JRAYLEN,JRAYLEN,1
JRAYMOND,JRAYMOND,1
JREAM,JREAM,6
JRELYN,JRELYN,1
JREW,JREW,1
JRU,JRU,3
JRUE,JRUE,10
JRUE,JRUË,1
JRUEX,JRUEX,1
JSON,JSON,1
JU'DAYAH,JU'DAYAH,1
JU'ELZ,JU'ELZ,2
JUA,JUA,1
JUAN,JUAN,222
JUAN ANGEL,JUAN ANGEL,1
JUAN ANTONIO,JUAN ANTONIO,1
JUAN AURELIO,JUAN AURELIO,1
JUAN CARLOS,JUAN CARLOS,2
JUAN DANIEL,JUAN DANIEL,1
JUAN DE DIOS,JUAN DE DIOS,1
JUAN DIEGO,JUAN DIEGO,2
JUAN DOMINGO,JUAN DOMINGO,1
JUAN EDUARDO,JUAN EDUARDO,1
JUAN MARIO,JUAN MARIO,1
JUAN PABLO,JUAN PABLO,2
JUANA,JUANA,4
JUANANDRES,JUANANDRES,1
JUANCARLOS,JUANCARLOS,1
JUANITA,JUANITA,5
JUANITO,JUANITO,1
JUAQUIN,JUAQUIN,4
JUAREESE,JUAREESE,1
JUBA,JUBA,1
JUBILEE,JUBILEE,15
JUCIANE,JUCIANE,1
JUDAH,JUDAH,106
JUDAH,JUDÄH,1
JUDAH-MACK,JUDAH-MACK,1
JUDAS,JUDAS,3
JUDAYAH,JUDAYAH,1
JUDD,JUDD,7
JUDE,JUDE,191
JUDE AARONPATRICK,JUDE AARONPATRICK,1
JUDGE,JUDGE,5
JUDIAH,JUDIAH,1
JUDIESY,JUDIESY,1
JUDIN,JUDIN,1
JUDIT,JUDIT,1
JUDITH,JUDITH,21
JUDSON,JUDSON,12
JUDUS,JUDUS,1
JUDY,JUDY,6
JUELZ,JUELZ,4
JUEUN,JUEUN,1
JUHA,JUHA,1
JUHAILEY,JUHAILEY,1
JUHCOBI,JUHCOBI,1
JUKEITH,JUKEITH,1
JULANAR,JULANAR,1
JULEE,JULEE,1
JULEESA,JULEESA,1
JULEESAH,JULEESAH,1
JULEIGHA,JULEIGHA,1
JULEISY,JULEISY,1
JULEN,JULEN,3
JULEN ANED,JULEN ANED,1
JULEP,JULEP,1
JULES,JULES,15
JULESSA,JULESSA,2
JULETTE,JULETTE,1
JULEZ,JULEZ,3
JULIA,JULIA,162
JULIA-ROSE,JULIA-ROSE,1
JULIAH,JULIAH,1
JULIAN,JULIAN,421
JULIAN,JULIÁN,13
JULIANA,JULIANA,77
JULIANN,JULIANN,3
JULIANNA,JULIANNA,69
JULIANNAH,JULIANNAH,1
JULIANNE,JULIANNE,8
JULIANO,JULIANO,1
JULIAUNA,JULIAUNA,1
JULIE,JULIE,20
JULIEANNA,JULIEANNA,2
JULIEE,JULIEE,1
JULIEN,JULIEN,25
JULIENNE,JULIENNE,2
JULIET,JULIET,98
JULIETA,JULIETA,59
JULIETH,JULIETH,7
JULIETT,JULIETT,3
JULIETTA,JULIETTA,20
JULIETTE,JULIETTE,118
JULIETTH,JULIETTH,1
JULINA,JULINA,3
JULIO,JULIO,44
JULIO CESAR,JULIO CESAR,1
JULION,JULIÓN,1
JULISA,JULISA,1
JULISSA,JULISSA,25
JULISSA DEANNA,JULISSA  DEANNA,1
JULIUS,JULIUS,63
JULIUSZ,JULIUSZ,1
JULIUZ,JULIUZ,1
JULIVETTE,JULIVETTE,1
JULIYANNA,JULIYANNA,1
JULLIAN,JULLIAN,6
JULLIANA,JULLIANA,1
JULLIET,JULLIET,1
JULLY,JULLY,1
JULY,JULY,4
JULYANO,JULYANO,1
JUMAL,JUMAL,1
JUMANA,JUMANA,1
JUN,JUN,4
JUNA,JUNA,2
JUNAID,JUNAID,1
JUNE,JUNE,163
JUNEAU,JUNEAU,2
JUNETH,JUNETH,1
JUNI,JUNI,3
JUNIA,JUNIA,6
JUNICHI,JUNICHI,1
JUNIE,JUNIE,2
JUNIEL,JUNIEL,1
JUNIOR,JUNIOR,32
JUNIPER,JUNIPER,129
JUNISSA,JUNISSA,1
JUNIUS,JUNIUS,1
JUNO,JUNO,9
JUNTELL,JUNTELL,1
JUPITER,JUPITER,15
JUQUI,JUQUI,1
JUR'NEE,JUR'NEE,1
JUR'NEIGH,JUR'NEIGH,1
JURI,JURI,1
JURIA,JURIA,1
JURIANA,JURIANA,1
JURITZA,JURITZA,1
JURIYAH,JURIYAH,1
JURMARI,JURMARI,1
JURNEE,JURNEE,3
JURON,JURON,1
JURRIEN,JURRIEN,1
JURZI,JURZI,1
JUSDEN,JUSDEN,1
JUSELI,JUSELI,1
JUSIAH,JUSIAH,1
JUSTEN,JUSTEN,1
JUSTHIN,JUSTHIN,1
JUSTICE,JUSTICE,23
JUSTIN,JUSTIN,105
JUSTINE,JUSTINE,3
JUSTINO,JUSTINO,1
JUSTUS,JUSTUS,9
JUVENAL,JUVENAL,3
JUVENTINO,JUVENTINO,2
JUVIA,JUVIA,1
JUVIE-ATZISOL,JUVIE-ATZISOL,1
JUWAINA,JUWAINA,1
JYAIRE,JYAIRE,1
JYANSH,JYANSH,1
JYE,JYE,1
JYKELL,JYKELL,1
JYLA,JYLA,1
JYLE,JYLE,1
JYN,JYN,1
JYNX,JYNX,1
JYOTIKA,JYOTIKA,1
JYRI,JYRI,1
JYSIAH,JYSIAH,1
JYUN,JYUN,1
K'AMIYAH,K'AMIYAH,1
K'AOLANI,K'AOLANI,1
K'AULANI,K'AULANI,1
K'FAYA,K'FAYA,1
K'HALANI,K'HALANI,1
K'LAHNI,K'LAHNI,1
K'LANI,K'LANI,1
K'LAUNYII,K'LAUNYII,1
K'NYAH,K'NYAH,1
K'OIR,K'OIR,1
K'RHIANNA,K'RHIANNA,1
K'YSEI,K'YSEI,1
KA'ANA,KA'ANA,1
KA'CYE,KA'CYE,1
KA'DARIUS,KA'DARIUS,1
KA'JAI,KA'JAI,1
KA'LAYENA,KA'LAYENA,1
KA'LEONA,KA'LEONA,1
KA'LEYAH,KA'LEYAH,1
KA'LIYAH,KA'LIYAH,3
KA'MAIAH,KA'MAIAH,1
KA'MAIZI,KA'MAIZI,1
KA'MALIAH,KA'MALIAH,1
KA'MARI,KA'MARI,2
KA'MARION,KA'MARION,1
KA'MAZI,KA'MAZI,1
KA'MIRA,KA'MIRA,1
KA'MIRAH,KA'MIRAH,1
KA'MIYAH,KA'MIYAH,2
KA'MONI,KA'MONI,1
KA'MORA,KA'MORA,1
KA'MORI,KA'MORI,2
KA'MYIAH,KA'MYIAH,1
KA'MYLAH,KA'MYLAH,2
KA'MYRA,KA'MYRA,1
KA'NARIEE,KA'NARIEE,1
KA'NIA,KA'NIA,1
KA'NIYA,KA'NIYA,1
KA'NYIAH,KA'NYIAH,1
KA'OIR,KA'OIR,1
KA'ORIA,KA'ORIA,1
KA'RIYAH,KA'RIYAH,1
KA'RON,KA'RON,1
KA'SANDRAH,KA'SANDRAH,1
KA'SIAH,KA'SIAH,1
KA'TRELL,KA'TRELL,1
KA'WAI,KA'WAI,1
KA'ZALE,KA'ZALE,1
KA'ZION,KA'ZION,1
KA'ZLYN,KA'ZLYN,1
KAAIRA,KAAIRA,1
KAAN,KAAN,2
KAARI,KAARI,1
KAARTHIKA,KAARTHIKA,1
KAARTHIKEYA,KAARTHIKEYA,1
KAASHVI,KAASHVI,3
KAAVYA,KAAVYA,1
KABELO,KABELO,1
KABIR,KABIR,31
KACE,KACE,4
KACE'N,KACE'N,1
KACEI,KACEI,1
KACELYN,KACELYN,1
KACEN,KACEN,3
KACEY,KACEY,25
KACEYON,KACEYON,1
KACI,KACI,1
KACIE,KACIE,3
KACIE-LEE,KACIE-LEE,1
KACII,KACII,1
KACYN,KACYN,1
KADE,KADE,22
KADEN,KADEN,60
KADENCE,KADENCE,11
KADER,KADER,1
KADHIR,KADHIR,1
KADI,KADI,2
KADIAN,KADIAN,2
KADIATOU,KADIATOU,3
KADIN,KADIN,2
KADIR,KADIR,1
KADMIS,KADMIS,1
KADON,KADON,2
KADRIAN,KADRIAN,1
KADY,KADY,1
KADYN,KADYN,2
KADYNCE,KADYNCE,1
KAE,KAE,1
KAE'CEON,KAE'CEON,1
KAE'LIN,KAE'LIN,1
KAE'LONNIE,KAE'LONNIE,1
KAE'LYNN,KAE'LYNN,1
KAE'VIANNA,KAE'VIANNA,1
KAEDAN,KAEDAN,1
KAEDEN,KAEDEN,5
KAEDUS,KAEDUS,1
KAEDYN,KAEDYN,1
KAEILY,KAEILY,1
KAEL,KAEL,2
KAELA,KAELA,1
KAELAH,KAELAH,1
KAELANI,KAELANI,3
KAELANNI,KAELANNI,1
KAELEB,KAELEB,1
KAELEEN,KAELEEN,1
KAELEIGH,KAELEIGH,1
KAELI,KAELI,11
KAELIN,KAELIN,2
KAELIS,KAELIS,1
KAELIYA,KAELIYA,1
KAELY,KAELY,3
KAELYN,KAELYN,7
KAELYNN,KAELYNN,9
KAELYNNE-FAYE,KAELYNNE-FAYE,1
KAEO,KAEO,1
KAESIN,KAESIN,1
KAESYN,KAESYN,1
KAETLYN,KAETLYN,2
KAEVIONNA,KAÉVIONNA,1
KAGE,KAGE,1
KAH'MARI,KAH'MARI,1
KAHAAN,KAHAAN,2
KAHAN,KAHAN,1
KAHARI,KAHARI,2
KAHELE,KAHELE,1
KAHELI,KAHELI,1
KAHIA,KAHIA,1
KAHILANI,KAHILANI,1
KAHILANY,KAHILANY,1
KAHIR,KAHIR,1
KAHIRA,KAHIRA,1
KAHLAN,KAHLAN,1
KAHLANI,KAHLANI,5
KAHLEA,KAHLEA,1
KAHLEO,KAHLEO,1
KAHLI,KAHLI,1
KAHLIL,KAHLIL,4
KAHMYRI,KAHMYRI,1
KAHONGO,KAHONGO,1
KAHZYI,KAHZYI,1
KAI,KAI,227
KAI SIJUWADE,KAI SIJUWADE,1
KAI YI,KAI  YI,1
KAI'A,KAI'A,1
KAI'ASIA,KAI'ASIA,1
KAI'EHR,KAI'EHR,1
KAI'EL,KAI'EL,1
KAI'JAI,KAI'JAI,1
KAI'LAN,KAI'LAN,1
KAI'LANDO,KAI'LANDO,1
KAI'LANI,KAI'LANI,1
KAI'LEL,KAI'LEL,1
KAI'LON,KAI'LON,1
KAI'LYNN,KAI'LYNN,1
KAI'MANI,KAI'MANI,1
KAI'RYN,KAI'RYN,1
KAI'SIER,KAI'SIER,1
KAI'SON,KAI'SON,2
KAI'ZYN,KAI'ZYN,1
KAI-YESHUA,KAI-YESHUA,1
KAIA,KAIA,75
KAIA,KAÏA,1
KAIAH,KAIAH,3
KAIANN ALICIA,KAIANN ALICIA,1
KAIBE,KAIBE,1
KAIBELLA,KAIBELLA,1
KAID,KAID,2
KAIDA,KAIDA,2
KAIDAN,KAIDAN,2
KAIDEN,KAIDEN,68
KAIDENCE,KAIDENCE,3
KAIDO,KAIDO,1
KAIDYN,KAIDYN,3
KAIF,KAIF,1
KAIHAN,KAIHAN,1
KAII,KAII,2
KAIKI,KAIKI,1
KAILA,KAILA,3
KAILAASH,KAILAASH,1
KAILAH,KAILAH,2
KAILAHNI,KAILAHNI,2
KAILAN,KAILAN,2
KAILANA,KAILANA,1
KAILANI,KAILANI,48
KAILANY,KAILANY,15
KAILASH,KAILASH,3
KAILAYA,KAILAYA,1
KAILE,KAILE,1
KAILEA,KAILEA,1
KAILEAH,KAILEAH,1
KAILEEN,KAILEEN,2
KAILEIA,KAILEIA,1
KAILEIGH,KAILEIGH,1
KAILEN,KAILEN,3
KAILENYS,KAILENYS,1
KAILEO,KAILEO,1
KAILER,KAILER,2
KAILEY,KAILEY,16
KAILI,KAILI,2
KAILIA,KAILIA,1
KAILIANI,KAILIANI,1
KAILIE,KAILIE,1
KAILLOU,KAILLOU,1
KAILO,KAILO,2
KAILONI,KAILONI,1
KAILOR,KAILOR,2
KAILUA,KAILUA,1
KAILUNA,KAILUNA,1
KAILY,KAILY,4
KAILYN,KAILYN,10
KAILYNNE,KAILYNNE,1
KAIN,KAIN,3
KAINAAT,KAINAAT,2
KAINAT,KAINAT,2
KAINE,KAINE,2
KAINOA,KAINOA,4
KAIO,KAIO,1
KAIOMI,KAIOMI,1
KAION,KAION,1
KAIOURE,KAIOURE,1
KAIPER,KAIPER,1
KAIRA,KAIRA,14
KAIRA REDDY,KAIRA REDDY,1
KAIRAH,KAIRAH,1
KAIRAV,KAIRAV,3
KAIRAVI,KAIRAVI,1
KAIRE,KAIRE,1
KAIRE,KAÍRE,1
KAIRE-KINDERTEN,KAIRE-KINDERTEN,1
KAIRI,KAIRI,10
KAIRO,KAIRO,33
KAIRO'KOI,KAIRO'KOI,1
KAIROS,KAIROS,2
KAIRYN,KAIRYN,1
KAIS,KAIS,5
KAISA,KAISA,1
KAISAAN,KAISAAN,1
KAISEI,KAISEI,3
KAISEN,KAISEN,2
KAISER,KAISER,6
KAISHEN,KAISHEN,1
KAISLEE,KAISLEE,1
KAISLEY,KAISLEY,9
KAISLYNNE,KAISLYNNE,1
KAISON,KAISON,19
KAISY,KAISY,1
KAITLEEN,KAITLEEN,2
KAITLIN,KAITLIN,1
KAITLYN,KAITLYN,26
KAITLYNN,KAITLYNN,2
KAITO,KAITO,2
KAITY,KAITY,1
KAIUS,KAIUS,3
KAIYA,KAIYA,16
KAIYAH,KAIYAH,3
KAIYANA,KAIYANA,1
KAIYDEN,KAIYDEN,1
KAIYEL,KAIYEL,1
KAIYO,KAIYO,1
KAIZA,KAIZA,1
KAIZEN,KAIZEN,8
KAIZEN-RENEE,KAIZEN-RENEE,1
KAIZER,KAIZER,4
KAL,KAL,3
KAL'EL,KAL'EL,1
KAL-EL,KAL-EL,3
KALAB,KALAB,1
KALADIN,KALADIN,2
KALAEYA,KALAEYA,1
KALAINEEZHAL,KALAINEEZHAL,1
KALAINERIYAN,KALAINERIYAN,1
KALAMITY,KALAMITY,1
KALAN,KALAN,2
KALANI,KALANI,18
KALASH,KALASH,1
KALAYA,KALAYA,3
KALAYAAN,KALAYAAN,1
KALAYAH,KALAYAH,4
KALAYNA,KALAYNA,1
KALAYSIA,KALAYSIA,1
KALE'A,KALE'A,1
KALEA,KALEA,6
KALEAH,KALEAH,4
KALEB,KALEB,53
KALECE,KALECE,1
KALED,KALED,1
KALEEC,KALEEC,1
KALEEL,KALEEL,1
KALEEYAH,KALEEYAH,1
KALEI,KALEI,1
KALEIA,KALEIA,4
KALEIGH,KALEIGH,3
KALEIGHA,KALEIGHA,1
KALEIOPE,KALEIOPE,1
KALEL,KALEL,3
KALEM,KALEM,1
KALEN,KALEN,1
KALENA,KALENA,1
KALEO,KALEO,7
KALESY,KALESY,1
KALET,KALET,2
KALETH,KALETH,8
KALEY,KALEY,5
KALEYA,KALEYA,1
KALEYAH,KALEYAH,2
KALI,KALI,36
KALIA,KALIA,6
KALIAH,KALIAH,5
KALIANA,KALIANA,3
KALIAS,KALIAS,2
KALIE,KALIE,3
KALIEYA,KALIEYA,1
KALIH,KALIH,1
KALIHAN,KALIHAN,1
KALII,KALII,1
KALILA,KALILA,2
KALILAH,KALILAH,1
KALINA,KALINA,5
KALINDA,KALINDA,2
KALINO,KALINO,1
KALIYA,KALIYA,1
KALIYAH,KALIYAH,9
KALKI,KALKI,5
KALLAN,KALLAN,1
KALLAWAY,KALLAWAY,1
KALLEN,KALLEN,2
KALLI,KALLI,3
KALLI,KÁLLI,1
KALLIANNE,KALLIANNE,1
KALLIE,KALLIE,10
KALLIN,KALLIN,1
KALLIOPE,KALLIOPE,3
KALLON,KALLON,1
KALLOWAY,KALLOWAY,1
KALLUM,KALLUM,1
KALLYN,KALLYN,1
KALNS,KALNS,1
KALON,KALON,2
KALSOOM,KALSOOM,1
KALSUM,KALSUM,1
KALU,KALU,2
KALUM,KALUM,1
KALVIN,KALVIN,3
KALYANI,KALYANI,1
KALYN,KALYN,3
KALYNA,KALYNA,1
KALYNN,KALYNN,1
KALYSSA,KALYSSA,1
KALYSTA,KALYSTA,2
KAM'ARI,KAM'ARI,1
KAM'BRIE,KAM'BRIE,1
KAM'RON,KAM'RON,2
KAMAAL,KAMAAL,1
KAMAKSHI,KAMAKSHI,1
KAMANI,KAMANI,1
KAMANNI,KAMANNI,1
KAMAR,KAMAR,1
KAMARAH,KAMARAH,1
KAMARI,KAMARI,27
KAMARIA,KAMARIA,2
KAMAYA,KAMAYA,2
KAMAYIAH,KAMAYIAH,1
KAMBA,KAMBA,1
KAMBREE,KAMBREE,1
KAMBREY,KAMBREY,1
KAMBRI,KAMBRI,2
KAMBRIE,KAMBRIE,1
KAMBRYN,KAMBRYN,1
KAMDEN,KAMDEN,14
KAMDIKACHI,KAMDIKACHI,1
KAMDYN,KAMDYN,9
KAMDYNN,KAMDYNN,1
KAMEA,KAMEA,3
KAMEELAH,KAMEELAH,1
KAMELAH,KAMELAH,1
KAMELYA,KAMELYA,1
KAMER,KAMER,1
KAMERON,KAMERON,20
KAMERYN,KAMERYN,1
KAMIA,KAMIA,2
KAMIL,KAMIL,3
KAMILA,KAMILA,96
KAMILAA,KAMILAA,1
KAMILAH,KAMILAH,8
KAMILAH-JOII,KAMILAH-JOII,1
KAMILEH,KAMILEH,1
KAMILIA,KAMILIA,1
KAMILLA,KAMILLA,6
KAMILLE,KAMILLE,5
KAMIRI,KAMIRI,1
KAMIYA,KAMIYA,3
KAMIYAH,KAMIYAH,8
KAMIYLAH,KAMIYLAH,1
KAMONI,KAMONI,2
KAMORA,KAMORA,4
KAMORI,KAMORI,1
KAMP,KAMP,2
KAMPTON,KAMPTON,1
KAMRAN,KAMRAN,4
KAMREN,KAMREN,2
KAMRI,KAMRI,2
KAMRIE,KAMRIE,1
KAMRII,KAMRII,1
KAMRIN,KAMRIN,1
KAMRON,KAMRON,1
KAMRYN,KAMRYN,23
KAMRYN-ROSE,KAMRYN-ROSE,1
KAMSI,KAMSI,1
KAMSIRIOCHUKWU,KAMSIRIOCHUKWU,1
KAMSIYOCHIM,KAMSIYOCHIM,1
KAMSIYOCHUKWU,KAMSIYOCHUKWU,1
KAMSIYONNA,KAMSIYONNA,1
KAMYA,KAMYA,2
KAMYAR,KAMYAR,1
KAMYLA,KAMYLA,2
KAMYRAH,KAMYRAH,1
KANAAN,KANAAN,1
KANAK,KANAK,1
KANAN,KANAN,2
KANANI,KANANI,1
KANE,KANE,29
KANEKO,KANEKO,1
KANHIN-DANIEL,KANHIN-DANIEL,1
KANI,KANI,1
KANIEL,KANIEL,2
KANILAH,KANILAH,1
KANISH,KANISH,1
KANISHK,KANISHK,3
KANISHK KRISHNA,KANISHK KRISHNA,1
KANISHKA,KANISHKA,2
KANIYA,KANIYA,2
KANKSHAW,KANKSHAW,1
KANNAN,KANNAN,2
KANNILA,KANNILA,1
KANNON,KANNON,7
KANNYN,KANNYN,2
KANO,KANO,1
KANON,KANON,2
KANSAS,KANSAS,1
KANSLEY,KANSLEY,1
KANYKEI,KANYKEI,1
KANYON,KANYON,2
KAOIR,KAOIR,1
KAOMI,KAOMI,1
KAORI,KAORI,4
KAORIS,KAORIS,1
KAPENA,KAPENA,1
KAPHIRA,KAPHIRA,1
KAPIL KARTHIK,KAPIL KARTHIK,1
KAPLAN,KAPLAN,2
KAPREE,KAPREE,1
KAPRI,KAPRI,1
KARA,KARA,11
KARALINA,KARALINA,1
KARAM,KARAM,6
KARAN,KARAN,1
KARDER,KARDER,1
KARDISON,KARDISON,1
KAREEM,KAREEM,19
KAREL,KAREL,2
KARELI,KARELI,2
KARELY,KARELY,10
KARELYN,KARELYN,2
KAREM,KAREM,1
KAREN,KAREN,21
KAREN,KARÉN,1
KARI,KARI,3
KARIA,KARIA,1
KARIAH,KARIAH,1
KARIELLE,KARIELLE,2
KARIM,KARIM,17
KARIMA,KARIMA,1
KARIME,KARIME,9
KARIME,KARIMÉ,1
KARINA,KARINA,28
KARINTHIA,KARINTHIA,1
KARIS,KARIS,4
KARISHMA,KARISHMA,1
KARISHMA AMOR,KARISHMA AMOR,1
KARISMA,KARISMA,2
KARISSA,KARISSA,2
KARIYA,KARIYA,1
KARIYAH,KARIYAH,1
KARIZMA,KARIZMA,1
KARL,KARL,7
KARL HUGO,KARL HUGO,1
KARLA,KARLA,36
KARLEE,KARLEE,6
KARLEE JAE,KARLEE JAE,1
KARLEIGH,KARLEIGH,5
KARLETTE,KARLETTE,1
KARLEY,KARLEY,4
KARLI,KARLI,3
KARLIAH,KARLIAH,2
KARLIANYS,KARLIANYS,1
KARLIE,KARLIE,2
KARLINA,KARLINA,1
KARLOS,KARLOS,3
KARLY,KARLY,4
KARMA,KARMA,6
KARMELLI,KARMELLI,1
KARMELO,KARMELO,4
KARMEN,KARMEN,4
KARMINA,KARMINA,1
KAROL,KAROL,4
KAROLAY,KAROLAY,2
KAROLINA,KAROLINA,5
KAROLINE,KAROLINE,6
KAROLYN,KAROLYN,1
KARRAR,KARRAR,1
KARRION,KARRION,1
KARRISSA,KARRISSA,1
KARSEN,KARSEN,4
KARSON,KARSON,15
KARSYN,KARSYN,12
KARTER,KARTER,56
KARTHIK,KARTHIK,5
KARTHIKA,KARTHIKA,1
KARTHIKEYA,KARTHIKEYA,6
KARTIER,KARTIER,2
KARTIER,KARTÍER,1
KARTIK,KARTIK,1
KARTIKEYA,KARTIKEYA,1
KARTTHIKEYA,KARTTHIKEYA,1
KARUNA,KARUNA,1
KARVI,KARVI,1
KARY,KARY,1
KARYM,KARYM,1
KARYSSA,KARYSSA,1
KARZAI,KARZAI,1
KASAI,KASAI,1
KASANDRA,KASANDRA,2
KASBRIKA,KASBRIKA,1
KASE,KASE,16
KASEDI,KASEDI,1
KASEM,KASEM,1
KASEN,KASEN,19
KASENYA,KASENYA,1
KASEY,KASEY,10
KASEYN,KASEYN,1
KASH,KASH,53
KASH'MIR,KASH'MIR,1
KASHAWN,KASHAWN,1
KASHAY,KASHAY,1
KASHDEN,KASHDEN,1
KASHDYN,KASHDYN,1
KASHI,KASHI,1
KASHIUS,KASHIUS,1
KASHLYN,KASHLYN,2
KASHMALA,KASHMALA,1
KASHMIR,KASHMIR,1
KASHSTON,KASHSTON,1
KASHTON,KASHTON,14
KASHTYN,KASHTYN,1
KASHTYNN,KASHTYNN,1
KASHVI,KASHVI,3
KASHVI RAO,KASHVI RAO,1
KASIAH,KASIAH,3
KASIDY,KASIDY,1
KASIM,KASIM,1
KASIN,KASIN,2
KASIRA,KASIRA,1
KASLEEN,KASLEEN,1
KASON,KASON,18
KASPAR,KASPAR,1
KASPER,KASPER,4
KASPIAN,KASPIAN,1
KASRA,KASRA,1
KASSADI,KASSADI,1
KASSANDRA,KASSANDRA,11
KASSEY,KASSEY,1
KASSH,KASSH,1
KASSHIOUS,KASSHIOUS,1
KASSI,KASSI,1
KASSIA,KASSIA,4
KASSIAN,KASSIAN,3
KASSIDIE,KASSIDIE,1
KASSIDY,KASSIDY,9
KASSIE,KASSIE,1
KASSIM,KASSIM,1
KASSIUS,KASSIUS,1
KASTAN,KASTAN,1
KASYN,KASYN,2
KAT,KAT,1
KATALAYAH,KATALAYAH,1
KATALAYIA,KATALAYIA,1
KATALEIA,KATALEIA,1
KATALEYA,KATALEYA,29
KATALEYA,KATALEYÁ,1
KATALIN,KATALIN,1
KATALINA,KATALINA,46
KATALIYA,KATALIYA,2
KATALYNA,KATALYNA,1
KATANA,KATANA,3
KATARA,KATARA,1
KATARINA,KATARINA,5
KATARYNNA,KATARYNNA,1
KATARZYNA,KATARZYNA,1
KATE,KATE,50
KATEALYIS,KATEALYIS,1
KATELIN,KATELIN,1
KATELYN,KATELYN,17
KATELYNN,KATELYNN,4
KATEMCY,KATEMCY,1
KATERI,KATERI,1
KATERIN,KATERIN,4
KATERINA,KATERINA,7
KATERYN,KATERYN,1
KATHALEYA,KATHALEYA,2
KATHALINA,KATHALINA,1
KATHARINA,KATHARINA,1
KATHARINE,KATHARINE,2
KATHE,KATHE,1
KATHERIENE,KATHERIENE,1
KATHERIN,KATHERIN,3
KATHERINE,KATHERINE,146
KATHERINNE,KATHERINNE,1
KATHERYN,KATHERYN,1
KATHERYNN,KATHERYNN,1
KATHIA,KATHIA,6
KATHLEEN,KATHLEEN,16
KATHLYN,KATHLYN,1
KATHREEN,KATHREEN,1
KATHRINE,KATHRINE,1
KATHRYN,KATHRYN,25
KATHRYNE,KATHRYNE,2
KATHUM,KATHUM,1
KATHY,KATHY,4
KATIA,KATIA,18
KATIA,KATIÁ,1
KATIANNA,KATIANNA,1
KATIE,KATIE,18
KATILYNNA,KATILYNNA,1
KATIYAH,KATIYAH,1
KATJA,KATJA,1
KATLA,KATLA,1
KATLYN,KATLYN,1
KATNISS,KATNISS,1
KATO,KATO,1
KATORI,KATORI,1
KATRIN,KATRIN,1
KATRINA,KATRINA,1
KATTALEYA,KATTALEYA,1
KATTALEYA,KATTALÉYA,1
KATTLEYA,KATTLEYA,1
KATTY,KATTY,2
KATY,KATY,9
KATYA,KATYA,2
KATYAYANI,KATYAYANI,2
KAUAN,KAUAN,2
KAULDER,KAULDER,2
KAURI,KAURI,1
KAURY,KAURY,1
KAUSAR,KAUSAR,1
KAUSHIKI,KAUSHIKI,1
KAVEAH,KAVEAH,1
KAVEH,KAVEH,2
KAVELLI KAINE,KAVELLI KAINE,1
KAVERREY,KAVERREY,1
KAVI,KAVI,6
KAVIAN,KAVIAN,1
KAVIER,KAVIER,1
KAVIN,KAVIN,5
KAVINAYA,KAVINAYA,1
KAVIR,KAVIR,3
KAVISH,KAVISH,2
KAVITA,KAVITA,2
KAVITHA,KAVITHA,1
KAVON,KAVON,1
KAVYA,KAVYA,9
KAWAI,KAWAI,1
KAWAILANI,KAWAILANI,1
KAWHI,KAWHI,1
KAWIKA,KAWIKA,1
KAY,KAY,5
KAY LEE,KAY LEE,1
KAY SENN,KAY SENN,1
KAY'CEON,KAY'CEON,1
KAY'DEN,KAY'DEN,1
KAY'LEIGH,KAY'LEIGH,1
KAY'LYNN,KAY'LYNN,1
KAY'MANI,KAY'MANI,1
KAY'ORIE,KAY'ORIE,1
KAY'SIA,KAY'SIA,1
KAY'TRELL,KAY'TRELL,1
KAY'VION,KAY'VION,1
KAYA,KAYA,13
KAYAL,KAYAL,1
KAYAN,KAYAN,2
KAYANA,KAYANA,2
KAYANEI,KAYANEI,1
KAYANI,KAYANI,1
KAYANSH,KAYANSH,1
KAYAURA,KAYAURA,1
KAYCE,KAYCE,12
KAYCEE,KAYCEE,1
KAYCEN,KAYCEN,4
KAYCEON,KAYCEON,1
KAYDAN,KAYDAN,1
KAYDANCE,KAYDANCE,2
KAYDE,KAYDE,1
KAYDEE,KAYDEE,2
KAYDEN,KAYDEN,102
KAYDEN JONAS,KAYDEN JONAS,1
KAYDEN SMITH,KAYDEN SMITH,1
KAYDENCE,KAYDENCE,9
KAYDIAN,KAYDIAN,1
KAYDIN,KAYDIN,2
KAYDION,KAYDION,1
KAYDRIUS,KAYDRIUS,1
KAYDYNN,KAYDYNN,1
KAYE,KAYE,2
KAYELENE,KAYELENE,1
KAYESON,KAYESON,1
KAYFOS,KAYFÒS,1
KAYGEN,KAYGEN,1
KAYIONNAH,KAYIONNAH,1
KAYLA,KAYLA,59
KAYLA GRACE,KAYLA GRACE,1
KAYLAH,KAYLAH,1
KAYLAHNII,KAYLAHNII,1
KAYLANEE,KAYLANEE,1
KAYLANI,KAYLANI,40
KAYLANI',KAYLANI',1
KAYLANIE,KAYLANIE,1
KAYLANNI,KAYLANNI,2
KAYLANY,KAYLANY,2
KAYLEANA,KAYLEANA,2
KAYLEB,KAYLEB,1
KAYLEE,KAYLEE,80
KAYLEEN,KAYLEEN,10
KAYLEI,KAYLEI,1
KAYLEIGH,KAYLEIGH,17
KAYLEN,KAYLEN,6
KAYLEN BILLIE ELBA ARMANDINA MABLE,KAYLEN BILLIE ELBA ARMANDINA MABLE,1
KAYLENE,KAYLENE,1
KAYLER,KAYLER,1
KAYLEY,KAYLEY,3
KAYLI,KAYLI,3
KAYLI-ROSE,KAYLI-ROSE,1
KAYLIANA,KAYLIANA,1
KAYLIE,KAYLIE,9
KAYLIN,KAYLIN,9
KAYLINA,KAYLINA,1
KAYLISSA,KAYLISSA,1
KAYLLE,KAYLLE,1
KAYLONNI,KAYLONNI,1
KAYLOR,KAYLOR,2
KAYLYN,KAYLYN,3
KAYLYNN,KAYLYNN,7
KAYMAN,KAYMAN,2
KAYN,KAYN,1
KAYNAT,KAYNAT,1
KAYNE,KAYNE,2
KAYNEN,KAYNEN,2
KAYO,KAYO,1
KAYODE,KAYODE,1
KAYRA,KAYRA,3
KAYRHYNN,KAYRHYNN,1
KAYRIN,KAYRIN,2
KAYSE,KAYSE,2
KAYSEION,KAYSEION,1
KAYSEN,KAYSEN,10
KAYSHA,KAYSHA,1
KAYSIN,KAYSIN,1
KAYSION,KAYSION,1
KAYSLEE,KAYSLEE,2
KAYSLEI,KAYSLEI,1
KAYSON,KAYSON,20
KAYTEE,KAYTEE,1
KAYVON,KAYVON,1
KAYZEN,KAYZEN,1
KAZ,KAZ,2
KAZ'MEIR,KAZ'MEIR,2
KAZIM,KAZIM,1
KAZMIERA,KAZMIERA,1
KAZU,KAZU,1
KAZUMI,KAZUMI,1
KAZY LINETH,KAZY LINETH,1
KAZZ,KAZZ,1
KDOE,KDOE,1
KE'AIRA,KE'AIRA,1
KE'ANDRE,KE'ANDRE,2
KE'ANDREA,KE'ANDREA,1
KE'ARI,KE'ARI,1
KE'ASIA,KE'ASIA,1
KE'CHELLE,KE'CHELLE,1
KE'DARIUS,KE'DARIUS,1
KE'IJAH,KE'IJAH,1
KE'KOA,KE'KOA,1
KE'LAIYA,KE'LAIYA,1
KE'LANI,KE'LANI,1
KE'MARI,KE'MARI,3
KE'MONI,KE'MONI,1
KE'MONIE,KE'MONIE,1
KE'MONTE,KE'MONTE,1
KE'NYRA,KE'NYRA,1
KE'ON,KE'ON,1
KE'SHAWN,KE'SHAWN,1
KE'VONTAY,KE'VONTAY,1
KE'YONI,KE'YONI,1
KE'YONNI,KE'YONNI,1
KE'ZIAH,KE'ZIAH,1
KEAGAN,KEAGAN,5
KEALOHALANI,KEALOHALANI,1
KEANA,KEANA,2
KEANNA,KEANNA,1
KEANO,KEANO,1
KEANU,KEANU,13
KEANYA,KEANYA,1
KEARCYN,KEARCYN,1
KEARNEY,KEARNEY,1
KEASTON,KEASTON,1
KEATING,KEATING,1
KEATON,KEATON,20
KEAURI,KEAURI,1
KEBRON,KEBRON,1
KECY,KÉCY,1
KEDIN,KEDIN,1
KEDUS,KEDUS,1
KEE'VON,KEE'VON,1
KEEAN,KEEAN,1
KEEGAN,KEEGAN,15
KEELAN,KEELAN,1
KEELEY,KEELEY,4
KEELI,KEELI,1
KEELIE,KEELIE,1
KEELY,KEELY,7
KEELYN,KEELYN,1
KEEN,KEEN,1
KEENAN,KEENAN,2
KEENEN,KEENEN,1
KEERTANA,KEERTANA,1
KEERTHANA,KEERTHANA,1
KEERTHI,KEERTHI,4
KEERTHI HAMSINI,KEERTHI HAMSINI,1
KEERTHIYAZHINI,KEERTHIYAZHINI,1
KEEV,KEEV,1
KEEYAN,KEEYAN,1
KEEYANU,KEEYANU,1
KEEZIOKWU,KEEZIOKWU,1
KEH'LANI,KEH'LANI,1
KEH'RYN,KEH'RYN,1
KEHILANI,KEHILANI,2
KEHIRY,KEHIRY,1
KEHLANI,KEHLANI,56
KEHLANIE,KEHLANIE,1
KEHLANII,KEHLANII,1
KEHLANY,KEHLANY,2
KEHLILA,KEHLILA,1
KEHOPU,KEHOPU,1
KEI,KEI,1
KEI'AIJA,KEI'AIJA,1
KEI'ANDRE,KEI'ANDRE,1
KEI'ANO,KEI'ANO,1
KEI'LEAH,KEI'LEAH,1
KEI'LON,KEI'LON,1
KEI'MARRI,KEI'MARRI,1
KEI'SEN,KEI'SEN,1
KEI'VA,KEI'VA,1
KEI'ZER,KEI'ZER,1
KEIAN,KEIAN,1
KEIANNA,KEIANNA,1
KEICY,KEICY,1
KEIDY,KEIDY,6
KEIGN,KEIGN,1
KEIIAN,KEIIAN,1
KEIKO,KEIKO,2
KEILA,KEILA,6
KEILAINI,KEILAINI,1
KEILAN,KEILAN,1
KEILANI,KEILANI,21
KEILANII,KEILANII,2
KEILANNI,KEILANNI,1
KEILANNY,KEILANNY,1
KEILANY,KEILANY,6
KEILLOR,KEILLOR,1
KEILLY,KEILLY,3
KEILY,KEILY,22
KEILYN,KEILYN,1
KEIMYLA,KEIMYLA,1
KEINER,KEINER,1
KEIO,KEIO,1
KEIONIE,KEIONIE,1
KEIOR,KEIOR,1
KEIR,KEIR,1
KEIRA,KEIRA,33
KEIRRA,KEIRRA,1
KEIRY,KEIRY,6
KEISER,KEISER,1
KEISHA,KEISHA,1
KEISHLA,KEISHLA,2
KEISHON,KEISHON,1
KEISI,KEISI,1
KEISY,KEISY,3
KEITH,KEITH,16
KEITHEN,KEITHEN,1
KEITHIAN,KEITHIAN,1
KEITHRON,KEITHRON,1
KEITLYN,KEITLYN,2
KEITTIN,KEITTIN,1
KEITTY,KEITTY,1
KEIV,KEIV,1
KEJA,KEJA,1
KEKOA,KEKOA,2
KEL,KEL,1
KEL'CEE,KEL'CEE,1
KELAIAH,KELAIAH,1
KELAIAH,KELAIÄH,1
KELANI,KELANI,3
KELANI',KELANI',1
KELANIE,KELANIE,1
KELANY,KELANY,2
KELARA,KELARA,1
KELBY,KELBY,2
KELCI,KELCI,1
KELCIE,KELCIE,2
KELCYN,KELCYN,1
KELECHI,KELECHI,1
KELENNA,KELENNA,1
KELIA,KELIA,1
KELIJIAH,KELIJIAH,1
KELILAH,KELILAH,1
KELINA,KELINA,1
KELIS,KELIS,4
KELISE,KELISE,1
KELLAN,KELLAN,11
KELLANI-ARI,KELLANI-ARI,1
KELLEDY,KELLEDY,1
KELLEN,KELLEN,14
KELLER,KELLER,4
KELLEY,KELLEY,2
KELLI,KELLI,2
KELLI ANAIS,KELLI ANAIS,1
KELLIN,KELLIN,1
KELLY,KELLY,32
KELLY RAE,KELLY RAE,1
KELLYJASON,KELLYJASON,1
KELLYN,KELLYN,1
KELO,KELO,1
KELSEY,KELSEY,21
KELSI,KELSI,3
KELSIE,KELSIE,5
KELSIEONA,KELSIEONA,1
KELSO,KELSO,1
KELSSYN,KELSSYN,1
KELSY,KELSY,3
KELTIE,KELTIE,1
KELTON,KELTON,2
KELVEY,KELVEY,1
KELVIN,KELVIN,15
KELYE,KELYE,1
KEMA,KEMA,1
KEMALA,KEMALA,1
KEMANI,KEMANI,3
KEMI,KEMI,2
KEMISTRI,KEMISTRI,1
KEMISTRY,KEMISTRY,1
KEMPER,KEMPER,1
KEMUEL,KEMUEL,2
KEMYETTA,KEMYETTA,1
KEN,KEN,4
KEN'DELLE,KEN'DELLE,1
KEN'ZABRIAN,KEN'ZABRIAN,1
KENADI,KENADI,1
KENADY,KENADY,1
KENAI,KENAI,3
KENAN,KENAN,1
KENAY,KENAY,1
KENCY,KENCY,2
KENCY ROSEMARIE,KENCY ROSEMARIE,1
KENDA,KENDA,1
KENDAHL,KENDAHL,1
KENDALL,KENDALL,57
KENDALYN,KENDALYN,1
KENDAYLEE,KENDAYLEE,1
KENDELL,KENDELL,1
KENDER,KENDER,3
KENDIE,KENDIE,1
KENDRA,KENDRA,45
KENDRIC,KENDRIC,3
KENDRICK,KENDRICK,16
KENDRIX,KENDRIX,3
KENDRY,KENDRY,4
KENDY,KENDY,1
KENDYL,KENDYL,2
KENDYLL,KENDYLL,1
KENDYN,KENDYN,1
KENECHUKWU,KENECHUKWU,3
KENEDY,KENEDY,1
KENENNA,KENENNA,1
KENI,KENI,1
KENIA,KENIA,25
KENIA,KENÍA,1
KENIA ANTONELA,KENIA ANTONELA,1
KENIDEE,KENIDEE,1
KENIEL,KENIEL,1
KENISH,KENISH,1
KENIYAH,KENIYAH,2
KENJI,KENJI,12
KENLEE,KENLEE,1
KENLEY,KENLEY,7
KENLI,KENLI,1
KENN,KENN,1
KENNA,KENNA,17
KENNADEE,KENNADEE,1
KENNADY,KENNADY,1
KENNAN,KENNAN,1
KENNAY,KENNAY,1
KENNEDI,KENNEDI,13
KENNEDY,KENNEDY,140
KENNEDY CLAIRE,KENNEDY CLAIRE,1
KENNER,KENNER,1
KENNERY,KENNERY,1
KENNETH,KENNETH,53
KENNEYAH,KENNEYAH,1
KENNIDEE,KENNIDEE,1
KENNISON,KENNISON,1
KENNITY,KENNITY,1
KENNON,KENNON,1
KENNY,KENNY,9
KENOBI,KENOBI,1
KENSHIN,KENSHIN,1
KENSI,KENSI,2
KENSINGTON,KENSINGTON,8
KENSLEY,KENSLEY,7
KENSLI,KENSLI,1
KENSLYNN,KENSLYNN,1
KENSON,KENSON,2
KENSY,KENSY,1
KENT,KENT,7
KENTLEY,KENTLEY,2
KENTORIE,KENTORIE,1
KENTRELL,KENTRELL,3
KENTRIC,KENTRIC,1
KENY,KENY,2
KENYA,KENYA,13
KENYA ROSE,KENYA ROSE,1
KENYAROSE,KENYAROSE,1
KENYN,KENYN,1
KENYON,KENYON,2
KENZ,KENZ,2
KENZA,KENZA,2
KENZI,KENZI,5
KENZIE,KENZIE,22
KENZIE MARA,KENZIE MARA,1
KENZLEE,KENZLEE,2
KENZLEIGH,KENZLEIGH,2
KENZLEY,KENZLEY,2
KENZLI,KENZLI,1
KENZO,KENZO,16
KENZY,KENZY,2
KEOKI,KEOKI,1
KEOLANI,KEOLANI,1
KEOMI,KEOMI,1
KEON,KEON,7
KEONA,KEONA,1
KEONDRE,KEONDRE,1
KEONDRICK,KEONDRICK,1
KEONE,KEONE,1
KEONI,KEONI,3
KEONI-GAGE,KEONI-GAGE,1
KEONNA,KEONNA,1
KEONTAY,KEONTAY,1
KEPA,KEPA,1
KEREM,KEREM,3
KEREN,KEREN,12
KEREN HAPUC,KEREN HAPUC,1
KERIM,KERIM,1
KERIN,KERIN,2
KERION,KERION,1
KERLY,KERLY,1
KERMIT KC,KERMIT KC,1
KERRI GRACE,KERRI GRACE,1
KERRIGAN,KERRIGAN,3
KERRY,KERRY,4
KERWIN,KERWIN,2
KERYEL,KERYEL,1
KESHAV,KESHAV,12
KESHAWN,KESHAWN,1
KESHVI,KESHVI,1
KESIA,KESIA,1
KESIENA,KESIENA,1
KESIL,KESIL,1
KESLI,KESLI,1
KESSLER,KESSLER,1
KESTREL,KESTREL,1
KETLINE CLAIRVISTONE,KETLINE CLAIRVISTONE,1
KETZALY,KETZALY,1
KETZIA,KETZIA,2
KEVA,KEVA,2
KEVAL,KEVAL,1
KEVAN,KEVAN,1
KEVEN,KEVEN,3
KEVI'YAHNA,KEVI'YAHNA,1
KEVIAN,KEVIAN,1
KEVIN,KEVIN,124
KEVION,KEVION,3
KEVONTE,KEVONTE,1
KEVYON,KEVYON,1
KEWEN,KEWEN,1
KEY'ASIA,KEY'ASIA,1
KEY'MORI,KEY'MORI,1
KEY'OIR,KEY'OIR,1
KEYA,KEYA,1
KEYAAN,KEYAAN,2
KEYALI,KEYALI,1
KEYANA,KEYANA,1
KEYANCY,KEYANCY,1
KEYBERLING,KEYBERLING,1
KEYDEL,KEYDEL,1
KEYDELIN,KEYDELIN,1
KEYDEN,KEYDEN,1
KEYLA,KEYLA,21
KEYLAM,KEYLAM,1
KEYLANI,KEYLANI,2
KEYLEE,KEYLEE,1
KEYLEEN,KEYLEEN,1
KEYLEN,KEYLEN,2
KEYLER,KEYLER,4
KEYLERS,KEYLERS,1
KEYLETH,KEYLETH,1
KEYLI,KEYLI,6
KEYLIN,KEYLIN,5
KEYLOR,KEYLOR,3
KEYMI,KEYMI,1
KEYON,KEYON,1
KEYONI,KEYONI,1
KEYRA,KEYRA,1
KEYRI,KEYRI,1
KEYRI VANESSA,KEYRI VANESSA,1
KEYRY,KEYRÝ,1
KEYSEL,KEYSEL,1
KEYSERLEE,KEYSERLEE,1
KEYSHA,KEYSHA,2
KEYSHAWN,KEYSHAWN,1
KEYSHLA,KEYSHLA,1
KEYSI,KEYSI,4
KEYSTON,KEYSTON,1
KEYTHAN,KEYTHAN,1
KEYTLIN,KEYTLIN,2
KEYURA,KEYURA,1
KEYVA,KEYVA,1
KEYVON,KEYVON,1
KEYVONTAE,KEYVONTAE,1
KEZA,KEZA,2
KEZIA,KEZIA,2
KEZIAH,KEZIAH,9
KEZLEY,KEZLEY,1
KEZON,KEZON,1
KH'ARTER,KH'ARTER,1
KH'LANI,KH'LANI,1
KHA'LANI,KHA'LANI,1
KHA'LEESI,KHA'LEESI,1
KHAALID,KHAALID,1
KHADDOUJ,KHADDOUJ,1
KHADEEJA,KHADEEJA,1
KHADEEJAH,KHADEEJAH,2
KHADIJA,KHADIJA,5
KHADIJAH,KHADIJAH,8
KHADY,KHADY,1
KHAELY,KHAELY,1
KHAI,KHAI,10
KHAI-YEE,KHAI-YEE,1
KHAIDEN,KHAIDEN,1
KHAIILYL,KHAIILYL,1
KHAILANI,KHAILANI,2
KHAILANY,KHAILANY,1
KHAILEIL,KHAILEIL,1
KHAILOU,KHAILOU,1
KHAIM,KHAIM,1
KHAIMIR,KHAIMIR,1
KHAIRO,KHAIRO,1
KHAIYANA,KHAIYANA,1
KHAIZER,KHAIZER,1
KHAJA,KHAJA,2
KHALANI,KHALANI,5
KHALEB,KHALEB,1
KHALED,KHALED,1
KHALEEL,KHALEEL,1
KHALEESI,KHALEESI,14
KHALEESI MAE,KHALEESI MAE,1
KHALEESIA,KHALEESIA,1
KHALEESY,KHALEESY,1
KHALEIGH,KHALEIGH,1
KHALESSA,KHALESSA,1
KHALEY,KHALEY,1
KHALI,KHALI,7
KHALIA,KHALIA,1
KHALID,KHALID,7
KHALIL,KHALIL,22
KHALINA,KHALINA,1
KHALIUS,KHALIUS,1
KHALIYAH,KHALIYAH,1
KHALO,KHALO,1
KHALON,KHALON,1
KHALYLA,KHALYLA,1
KHALYSE,KHALYSE,1
KHAM,KHAM,1
KHAMARI,KHAMARI,3
KHAMAURI,KHAMAURI,1
KHAMBRAIL,KHAMBRAIL,1
KHAMI,KHAMI,1
KHAMYA,KHAMYA,1
KHANAK,KHANAK,1
KHANG,KHANG,2
KHANSTONTIN,KHANSTONTIN,1
KHAOS,KHAOS,1
KHARI,KHARI,10
KHARIS,KHARIS,1
KHARISMA,KHARISMA,1
KHARISSA,KHARISSA,2
KHARLIE,KHARLIE,1
KHARMONY,KHARMONY,1
KHAROLINA,KHAROLINA,1
KHARSON,KHARSON,1
KHARTER,KHARTER,3
KHASYIN,KHASYIN,1
KHATAII,KHATAII,1
KHAY,KHAY,1
KHAYA,KHAYA,1
KHAYDIA,KHAYDIA,1
KHAYLONI,KHAYLONI,1
KHAYMEN,KHAYMEN,1
KHAYR,KHAYR,1
KHAYRI,KHAYRI,1
KHAZA,KHAZA,6
KHAZERI,KHAZERI,1
KHAZIA,KHAZIA,1
KHDIJA,KHDIJA,1
KHEEANSH REDDY,KHEEANSH REDDY,1
KHELANI,KHELANI,2
KHELEN,KHELEN,1
KHEMRICK,KHEMRICK,1
KHEPRI,KHEPRI,2
KHERRINGTON,KHERRINGTON,1
KHI'MISTRY,KHI'MISTRY,1
KHI'REEK,KHI'REEK,1
KHIA,KHIA,2
KHIAN,KHIAN,1
KHIREE,KHIREE,1
KHIYNOA,KHIYNOA,1
KHIZAR,KHIZAR,1
KHLOE,KHLOE,37
KHLOE,KHLOÉ,2
KHLONI,KHLONI,1
KHOA,KHOA,3
KHODA,KHODA,1
KHODIS,KHODIS,1
KHOI,KHOI,1
KHOI SOLOMON,KHOI SOLOMON,1
KHOI-NGUYEN,KHOI-NGUYEN,1
KHOLWANI,KHOLWANI,1
KHONNER,KHONNER,1
KHOUDIA,KHOUDIA,1
KHRIS,KHRIS,1
KHRISTEEN,KHRISTEEN,1
KHRISTIAN,KHRISTIAN,1
KHRISTOPHER,KHRISTOPHER,2
KHRYSLYN,KHRYSLYN,1
KHUSHI,KHUSHI,6
KHUSHIE,KHUSHIE,1
KHY'AIRE,KHY'AIRE,1
KHY'EIR,KHY'EIR,1
KHY'INAH,KHY'INAH,1
KHY'LON,KHY'LON,1
KHY'MARION,KHY'MARION,1
KHY'REE,KHY'REE,1
KHYA,KHYA,1
KHYATI,KHYATI,1
KHYIS,KHYIS,1
KHYLAN,KHYLAN,2
KHYLANI,KHYLANI,1
KHYLIAH,KHYLIAH,1
KHYREE,KHYREE,2
KHYRIE,KHYRIE,3
KHYRIN,KHYRIN,1
KHYSON,KHYSON,3
KHYSYN,KHYSYN,1
KHYZER,KHYZER,1
KI,KI,2
KI'ANI,KI'ANI,1
KI'LAHNI,KI'LAHNI,2
KI'LAN,KI'LAN,1
KI'MONI,KI'MONI,1
KI'MONIE,KI'MONIE,1
KI'MORA,KI'MORA,1
KI'NYZSHA,KI'NYZSHA,1
KI'TANA,KI'TANA,1
KI'YAN,KI'YAN,1
KIAAN,KIAAN,28
KIAAN REDDY,KIAAN REDDY,1
KIAANSH,KIAANSH,1
KIAARA,KIAARA,1
KIAARA AASHIMA,KIAARA AASHIMA,1
KIAH,KIAH,2
KIAMARA,KIAMARA,1
KIAN,KIAN,37
KIAN MATEO,KIAN MATEO,1
KIANA,KIANA,23
KIANAAZ,KIANAAZ,1
KIANI,KIANI,2
KIANNA,KIANNA,6
KIANNI,KIANNI,1
KIANSH,KIANSH,4
KIANU,KIANU,1
KIARA,KIARA,60
KIARO,KIARO,1
KIASH,KIASH,2
KIAVONNI,KIAVONNI,1
KIBARA,KIBARA,1
KIDA,KIDA,2
KIDUS,KIDUS,2
KIELAN,KIELAN,1
KIENLE,KIENLE,1
KIER,KIER,1
KIERA,KIERA,9
KIERAN,KIERAN,27
KIEREN,KIEREN,1
KIERLYNN,KIERLYNN,1
KIERNAN,KIERNAN,2
KIERON,KIERON,1
KIERRA,KIERRA,1
KIERSTEN,KIERSTEN,2
KIERYN,KIERYN,1
KIFAH,KIFAH,1
KIGEN,KIGEN,1
KIHWAN,KIHWAN,1
KIIANSH,KIIANSH,1
KIICHI,KIICHI,1
KIING,KIING,1
KIKA,KIKA,2
KIKI,KIKI,1
KIKURI,KIKURI,1
KILA,KILA,1
KILAH,KILAH,1
KILANI,KILANI,1
KILEY,KILEY,1
KILIAM,KILIAM,1
KILIAN,KILIAN,9
KILILA,KILILA,1
KILLARI,KILLARI,1
KILLIAM,KILLIAM,2
KILLIAN,KILLIAN,27
KILLISHA,KILLISHA,1
KILMAR,KILMAR,1
KILO,KILO,2
KILYAN,KILYAN,1
KIM,KIM,3
KIMA,KIMA,1
KIMAAYRA,KIMAAYRA,1
KIMAN,KIMAN,1
KIMANI,KIMANI,4
KIMAYA,KIMAYA,4
KIMBALL,KIMBALL,2
KIMBER,KIMBER,8
KIMBERLI,KIMBERLI,2
KIMBERLIN,KIMBERLIN,2
KIMBERLY,KIMBERLY,126
KIMBERLYN,KIMBERLYN,4
KIMBERLYNN,KIMBERLYNN,2
KIMBIRLY,KIMBIRLY,1
KIMBO,KIMBO,1
KIMIKO,KIMIKO,3
KIMIMELA,KIMIMELA,1
KIMKAYLA,KIMKAYLA,1
KIMMERY,KIMMERY,1
KIMMY,KIMMY,1
KIMONI,KIMONI,1
KIMORA,KIMORA,3
KIMYA LUCIE,KIMYA LUCIE,1
KINAN,KINAN,1
KINARA,KINARA,1
KINCADE,KINCADE,3
KINCI,KINCI,1
KINDALYN,KINDALYN,1
KINDER,KINDER,1
KINDLE,KINDLE,1
KING,KING,78
KING ALIK,KING ALIK,1
KING HENRY,KING HENRY,1
KING JUSTICE,KING JUSTICE,1
KING KAIRO,KING KAIRO,1
KING KASHTON,KING KASHTON,1
KING MARTIN,KING MARTIN,1
KING'DIOR,KING'DIOR,1
KING'ZEE,KING'ZEE,1
KINGDOM,KINGDOM,1
KINGSLEY,KINGSLEY,13
KINGSLY,KINGSLY,1
KINGSTEN,KINGSTEN,2
KINGSTENN,KINGSTENN,1
KINGSTON,KINGSTON,62
KINGSTON-JAYCE,KINGSTON-JAYCE,1
KINGSTYN,KINGSTYN,1
KINI,KINI,1
KINLEA,KINLEA,1
KINLEIGH,KINLEIGH,2
KINLEY,KINLEY,28
KINNICK,KINNICK,1
KINO,KINO,1
KINSEY,KINSEY,5
KINSLEE,KINSLEE,5
KINSLEIGH,KINSLEIGH,2
KINSLER,KINSLER,1
KINSLEY,KINSLEY,70
KINSLIE,KINSLIE,1
KINZA,KINZA,4
KINZEY,KINZEY,1
KINZIE,KINZIE,2
KINZLEIGH,KINZLEIGH,1
KINZLEY,KINZLEY,2
KINZLYN,KINZLYN,1
KINZY,KINZY,2
KIO,KIO,1
KION,KION,2
KIP,KIP,3
KIPLAN,KIPLAN,1
KIPP,KIPP,1
KIPSON,KIPSON,1
KIPTYN,KIPTYN,1
KIRA,KIRA,48
KIRA CHLOE,KIRA CHLOE,1
KIRAN,KIRAN,14
KIRAV,KIRAV,1
KIRBY,KIRBY,10
KIRI,KIRI,1
KIRIAN,KIRIAN,1
KIRIN,KIRIN,1
KIRK,KIRK,3
KIRRA,KIRRA,1
KIRRIN,KIRRIN,1
KIRSTEN,KIRSTEN,3
KIRSTEN ZABELLA,KIRSTEN ZABELLA,1
KIRTHAN,KIRTHAN,1
KIRTHIKA,KIRTHIKA,1
KIRTI,KIRTI,1
KIRTLEY,KIRTLEY,1
KISAA,KISAA,1
KISAMI,KISAMI,1
KISHAN,KISHAN,1
KISHORI,KISHORI,1
KISO,KISO,1
KIT,KIT,12
KITA,KITA,1
KITANA,KITANA,2
KITSURI,KITSURI,1
KITT,KITT,2
KITZIA,KITZIA,1
KIVA,KIVA,3
KIWANA,KIWANA,1
KIX,KIX,1
KIYA,KIYA,1
KIYAAN,KIYAAN,3
KIYAH,KIYAH,7
KIYAN,KIYAN,5
KIYANA,KIYANA,1
KIYANNA,KIYANNA,1
KIYANNAH,KIYANNAH,1
KIYANSH,KIYANSH,4
KIYARA,KIYARA,7
KIYOKO,KIYOKO,1
KIYOMI,KIYOMI,9
KIYOSHI,KIYOSHI,1
KIZANY,KIZANY,1
KLAIRE,KLAIRE,2
KLAIRITI,KLAIRITI,1
KLAJDI,KLAJDI,1
KLARA,KLARA,5
KLARANAE,KLARANAE,1
KLARISSA,KLARISSA,2
KLARITY,KLARITY,2
KLARKE,KLARKE,1
KLAUS,KLAUS,3
KLAY,KLAY,3
KLEA,KLEA,1
KLEIN,KLEIN,1
KLEO,KLEO,1
KLEONI,KLEONI,1
KLEVIN,KLEVIN,1
KLINE,KLINE,3
KLISSMAN,KLISSMAN,1
KLOE,KLOE,1
KLOE'LYNN,KLOE'LYNN,1
KLOEH,KLOEH,1
KLOHE,KLOHE,1
KLOI,KLOI,1
KLYNE,KLYNE,1
KNAIKO,KNAIKO,1
KNALA,KNALA,1
KNALIJ,KNALIJ,1
KNAZIR,KNAZIR,1
KNEALY,KNEALY,1
KNIGHT,KNIGHT,3
KNIGHT HARLOWE,KNIGHT HARLOWE,1
KNOAH,KNOAH,1
KNOI,KNOI,1
KNOLEIGE,KNOLEIGE,1
KNOLL,KNOLL,1
KNOWLEDGE,KNOWLEDGE,7
KNOX,KNOX,98
KNOXTON,KNOXTON,1
KNOXX,KNOXX,1
KNUTE,KNUTE,1
KO,KO,1
KO SHRITIK,KO SHRITIK,1
KO'NAN,KO'NAN,1
KOA,KOA,35
KOAH,KOAH,1
KOAL,KOAL,1
KOBE,KOBE,26
KOBI,KOBI,8
KOBIE,KOBIE,4
KOBIMTOCHUKWU,KOBIMTOCHUKWU,1
KOBY,KOBY,1
KODA,KODA,21
KODI,KODI,7
KODIAK,KODIAK,3
KODIE,KODIE,1
KODIE-RAE,KODIE-RAE,1
KODY,KODY,5
KOE,KOE,4
KOEN,KOEN,5
KOENIG,KOENIG,1
KOH,KOH,1
KOHANA,KOHANA,1
KOHEN,KOHEN,11
KOHZY,KOHZY,1
KOI,KOI,2
KOKO,KOKO,1
KOL,KOL,2
KOLBE,KOLBE,3
KOLBI,KOLBI,1
KOLBIE,KOLBIE,2
KOLBY,KOLBY,4
KOLE,KOLE,3
KOLEHETTE,KOLEHETTE,1
KOLIN,KOLIN,2
KOLLINS,KOLLINS,4
KOLLYNS,KOLLYNS,4
KOLSEN,KOLSEN,2
KOLSON,KOLSON,4
KOLSTON,KOLSTON,1
KOLT,KOLT,7
KOLTEN,KOLTEN,2
KOLTON,KOLTON,6
KOLTYN,KOLTYN,2
KOMAN,KOMAN,1
KOMILIA,KOMILIA,1
KONNOR,KONNOR,7
KONRAD,KONRAD,2
KONSTANTIN,KONSTANTIN,5
KONSTANTINE,KONSTANTINE,1
KOOL,KOOL,1
KOOPER,KOOPER,10
KOPELAND,KOPELAND,1
KOPELYN,KOPELYN,2
KOPLIN,KOPLIN,1
KORA,KORA,19
KORAH,KORAH,1
KORAL,KORAL,1
KORALIE,KORALIE,1
KORALINE,KORALINE,2
KORALYN,KORALYN,2
KORAYMA,KORAYMA,1
KORAZIN,KORAZIN,1
KORBEN,KORBEN,5
KORBIE,KORBIE,1
KORBIN,KORBIN,4
KORBYN,KORBYN,6
KORDALE,KORDALE,2
KOREDE,KOREDE,1
KORETTA,KORETTA,1
KORI,KORI,11
KORIE,KORIE,3
KORINTH,KORINTH,1
KORINTHIA,KORINTHIA,1
KORRA,KORRA,4
KORRI,KORRI,1
KORRIE,KORRIE,1
KORRIN,KORRIN,1
KORRINE,KORRINE,1
KORT,KORT,1
KORVIN,KORVIN,1
KORY,KORY,2
KORYMA,KORYMA,1
KORYN,KORYN,2
KORYNN,KORYNN,1
KOSISOCHI,KOSISOCHI,1
KOSLOW,KOSLOW,1
KOSMOS,KOSMOS,2
KOSTA,KOSTA,1
KOTA,KOTA,2
KOTIE,KOTIE,1
KOUNDINYA,KOUNDINYA,1
KOURI,KOURI,1
KOUROSH,KOUROSH,2
KOURTLYNN,KOURTLYNN,2
KOURTNEY,KOURTNEY,3
KOUSHA,KOUSHA,1
KOUSHALA,KOUSHALA,1
KOVE,KOVE,2
KOVI,KOVI,1
KOVYN,KOVYN,1
KOWEN,KOWEN,3
KOWSAR,KOWSAR,1
KOY,KOY,1
KRASH,KRASH,1
KRATAV,KRATAV,1
KREE,KREE,1
KREED,KREED,4
KRENO,KRENO,1
KREW,KREW,10
KREWE,KREWE,1
KREY,KREY,1
KRIDAY,KRIDAY,1
KRIDHA,KRIDHA,1
KRIDHA REDDY,KRIDHA REDDY,1
KRIDHAV,KRIDHAV,1
KRIDHYA REDDY,KRIDHYA REDDY,1
KRIJAN,KRIJAN,1
KRIPA,KRIPA,1
KRIPANYU,KRIPANYU,1
KRIS,KRIS,2
KRIS'TORIYA,KRIS'TORIYA,1
KRISA,KRISA,1
KRISH,KRISH,13
KRISHA,KRISHA,6
KRISHA REDDY,KRISHA REDDY,1
KRISHAAN,KRISHAAN,1
KRISHAN,KRISHAN,1
KRISHANG,KRISHANG,4
KRISHANK,KRISHANK,1
KRISHANTH,KRISHANTH,1
KRISHAV,KRISHAV,4
KRISHAY,KRISHAY,1
KRISHIKA,KRISHIKA,4
KRISHIKA MEENAKSHI,KRISHIKA MEENAKSHI,1
KRISHIL,KRISHIL,1
KRISHIRA,KRISHIRA,1
KRISHITA,KRISHITA,1
KRISHIV,KRISHIV,16
KRISHNA,KRISHNA,7
KRISHNA KARTHIKEYA,KRISHNA KARTHIKEYA,1
KRISHNA MEDHA,KRISHNA MEDHA,1
KRISHNAMOORTHY,KRISHNAMOORTHY,1
KRISHNAN,KRISHNAN,1
KRISHVEER,KRISHVEER,1
KRISIANO,KRISIANO,1
KRISTA,KRISTA,3
KRISTAL,KRISTAL,4
KRISTALYNN,KRISTALYNN,1
KRISTEL,KRISTEL,3
KRISTELL,KRISTELL,2
KRISTELLA,KRISTELLA,1
KRISTEN,KRISTEN,5
KRISTHEL,KRISTHEL,1
KRISTI,KRISTI,1
KRISTIAN,KRISTIAN,13
KRISTIANA,KRISTIANA,2
KRISTIE,KRISTIE,1
KRISTIN,KRISTIN,1
KRISTINA,KRISTINA,3
KRISTOFER,KRISTOFER,1
KRISTOFFERSON,KRISTOFFERSON,1
KRISTON GIAN,KRISTON GIAN,1
KRISTOPER,KRISTOPER,1
KRISTOPHER,KRISTOPHER,12
KRISTY,KRISTY,4
KRISTYN,KRISTYN,1
KRITAN,KRITAN,1
KRITARA,KRITARA,1
KRITHI,KRITHI,4
KRITHIK,KRITHIK,2
KRITHIKA,KRITHIKA,1
KRITHIN,KRITHIN,2
KRITHIN REDDY,KRITHIN REDDY,1
KRITHVIK,KRITHVIK,1
KRITI,KRITI,3
KRITIK,KRITIK,2
KRITIKA,KRITIKA,2
KRITIN,KRITIN,1
KRIYA,KRIYA,2
KRIYAANSH,KRIYAANSH,1
KRIYAN,KRIYAN,2
KRIYANSH,KRIYANSH,4
KROM,KROM,1
KROME,KROME,1
KRON,KRON,1
KROSBY,KROSBY,1
KROSS,KROSS,5
KRU,KRU,1
KRUE,KRUE,2
KRUPA,KRUPA,1
KRUSE,KRUSE,1
KRUTANSHA,KRUTANSHA,1
KRUTHIK,KRUTHIK,1
KRUZ,KRUZ,2
KRYSLEE,KRYSLEE,1
KRYSTAL,KRYSTAL,10
KRYSTALLIA,KRYSTALLIA,1
KRYSTEL,KRYSTEL,1
KRYSTELL,KRYSTELL,1
KRYSTIAN,KRYSTIAN,1
KRYSTIANA,KRYSTIANA,1
KRYSTIENE,KRYSTIENE,1
KRYSTORYA,KRYSTORYA,1
KRYSTYN,KRYSTYN,1
KRYZTHIAN,KRYZTHIAN,1
KSENA,KSENA,1
KSENIA,KSENIA,2
KSHANA,KSHANA,1
KSHETRA,KSHETRA,1
KSHIVI PARNIKA,KSHIVI PARNIKA,1
KUBO,KUBO,1
KUBRA,KUBRA,1
KUIPER,KUIPER,1
KULTURE,KULTURE,1
KUMARAN,KUMARAN,1
KUMARIKA,KUMARIKA,1
KUNAL,KUNAL,1
KUNDA,KUNDA,1
KURSTIN,KURSTIN,1
KURT,KURT,8
KURTIS,KURTIS,3
KURUSH,KURUSH,1
KUSH,KUSH,2
KUSHAAN HANISH,KUSHAAN HANISH,1
KUSHAL,KUSHAL,1
KUSHALI,KUSHALI,1
KUSHI,KUSHI,3
KUSHIRA,KUSHIRA,1
KUSHYANTH,KUSHYANTH,1
KUTHEYU,KUTHEYU,1
KUTTER,KUTTER,1
KWABENA,KWABENA,1
KWAME,KWAME,1
KWEN'TIEN,KWEN’TIEN,1
KWEST,KWEST,1
KWOK,KWOK,1
KWYN,KWYN,1
KY,KY,1
KY'AIR,KY'AIR,1
KY'AIRE,KY'AIRE,1
KY'ARI,KY'ARI,1
KY'AYRE,KY'AYRE,1
KY'CYN,KY'CYN,1
KY'DEN,KY'DEN,1
KY'EIR,KY'EIR,1
KY'ION,KY'ION,1
KY'IVRY,KY'IVRY,1
KY'LEIGH,KY'LEIGH,1
KY'MAIJAH,KY'MAIJAH,1
KY'MARIE,KY'MARIE,1
KY'MELO,KY'MELO,1
KY'RAN,KY'RAN,1
KY'REE,KY'REE,3
KY'REN,KY'REN,1
KY'REON,KY'REON,1
KY'RYN,KY'RYN,1
KY'SON,KY'SON,1
KY'VAUGHN,KY'VAUGHN,1
KY'ZIER,KY'ZIER,1
KY-MANI,KY-MANI,3
KYA,KYA,10
KYA'YONNI,KYA'YONNI,1
KYAH,KYAH,5
KYAHNI,KYAHNI,1
KYAIRE,KYAIRE,1
KYAM,KYAM,1
KYAN,KYAN,4
KYANA,KYANA,1
KYANNA,KYANNA,1
KYANNI,KYANNI,1
KYANSH,KYANSH,1
KYARAH,KYARAH,1
KYAS,KYAS,1
KYAW,KYAW,1
KYAYR,KYAYR,1
KYCEN,KYCEN,1
KYDEN,KYDEN,1
KYE,KYE,10
KYELLE,KYELLE,1
KYEN,KYEN,1
KYHLIN,KYHLIN,1
KYI,KYI,2
KYII,KYII,2
KYINLEE,KYINLEE,1
KYIRA,KYIRA,1
KYLA,KYLA,19
KYLAH,KYLAH,6
KYLAN,KYLAN,9
KYLANN,KYLANN,1
KYLAR,KYLAR,2
KYLE,KYLE,26
KYLEA,KYLEA,2
KYLEANA,KYLEANA,1
KYLEE,KYLEE,11
KYLEECE,KYLEECE,1
KYLEIGH,KYLEIGH,2
KYLEN,KYLEN,7
KYLEON,KYLEON,1
KYLER,KYLER,31
KYLER JACK,KYLER JACK,1
KYLETT,KYLETT,1
KYLIAM,KYLIAM,2
KYLIAMS,KYLIAMS,1
KYLIAN,KYLIAN,23
KYLIANNA,KYLIANNA,1
KYLIE,KYLIE,68
KYLIN,KYLIN,3
KYLINA,KYLINA,1
KYLINAH,KYLINAH,1
KYLLIAN,KYLLIAN,2
KYLO,KYLO,19
KYLO-REN,KYLO-REN,1
KYLORI,KYLORI,1
KYLYNN,KYLYNN,2
KYMANI,KYMANI,4
KYMBER,KYMBER,1
KYMORA,KYMORA,1
KYMORI,KYMORI,1
KYMREE,KYMREE,1
KYN'NAI,KYN'NAI,1
KYN'TERA,KYN'TERA,1
KYNA,KYNA,2
KYNADIE,KYNADIE,2
KYNCADE,KYNCADE,1
KYND,KYND,2
KYNDAL,KYNDAL,2
KYNDALL,KYNDALL,5
KYNEDEE,KYNEDEE,1
KYNEDY,KYNEDY,1
KYNG,KYNG,4
KYNGSLEY,KYNGSLEY,1
KYNGSTON,KYNGSTON,1
KYNLEE,KYNLEE,7
KYNLEIGH,KYNLEIGH,1
KYNLI,KYNLI,1
KYNNEDI,KYNNEDI,2
KYNNZLEI,KYNNZLEI,1
KYNSEY,KYNSEY,1
KYNSIE,KYNSIE,1
KYNSLEE,KYNSLEE,1
KYNSLEY,KYNSLEY,1
KYNSLIE,KYNSLIE,1
KYNZLEE,KYNZLEE,1
KYNZLIE,KYNZLIE,1
KYOKA,KYOKA,1
KYOMI,KYOMI,3
KYON,KYON,2
KYRA,KYRA,19
KYRAH,KYRAH,2
KYRAN,KYRAN,1
KYREE,KYREE,7
KYREE,KYREÈ,1
KYREN,KYREN,5
KYRI,KYRI,1
KYRIE,KYRIE,38
KYRIN,KYRIN,3
KYRIONE,KYRIONE,1
KYRIS,KYRIS,1
KYRISH,KYRISH,1
KYRO,KYRO,10
KYRYN,KYRYN,1
KYSEN,KYSEN,2
KYSER,KYSER,1
KYSHAWN,KYSHAWN,1
KYSIAH,KYSIAH,1
KYSON,KYSON,9
KYZEN,KYZEN,1
KYZER,KYZER,4
KZARI,KZARI,1
L'LANEYA,L'LANEYA,1
L'OREAL,L'OREAL,1
LA'BRYAN,LA'BRYAN,1
LA'DARIUS,LA'DARIUS,1
LA'DON,LA'DON,1
LA'JAE,LA'JAE,1
LA'KARI,LA'KARI,1
LA'KIER,LA'KIER,1
LA'LANIEE,LA’LANIEE,1
LA'MAIYAH,LA'MAIYAH,1
LA'MARRAH,LA'MARRAH,1
LA'MONTRE,LA'MONTRE,1
LA'MYA,LA'MYA,2
LA'MYYA,LA'MYYA,1
LA'NEYAH,LA'NEYAH,1
LA'NIA,LA'NIA,1
LA'NIQUE,LA'NIQUE,1
LA'NIYA,LA'NIYA,2
LA'NIYAH,LA'NIYAH,2
LA'PRINCE,LA'PRINCE,1
LA'RAYAH,LA'RAYAH,1
LA'RENZ,LA’RENZ,1
LA'ROSE,LA'ROSE,1
LA'RRIAH,LA'RRIAH,1
LA'TOINE,LA'TOINE,1
LA'TREVIOUS,LA'TREVIOUS,1
LA'VAIA,LA'VAIA,1
LA'ZIAH,LA'ZIAH,1
LA-ROY,LA-ROY,1
LAASYA,LAASYA,2
LAASYASRI,LAASYASRI,1
LABEED,LABEED,1
LABREIA,LABREÏA,1
LACE,LACE,1
LACEY,LACEY,13
LACHLAN,LACHLAN,19
LACI,LACI,3
LACIEL,LACIEL,1
LACY,LACY,5
LADARRIAN,LADARRIAN,1
LADD,LADD,2
LADERA,LADERA,1
LADISLADO,LADISLADO,1
LADY BIRD,LADY BIRD,1
LAE'LONNIE,LAE'LONNIE,1
LAEKEN,LAEKEN,1
LAEKYN,LAEKYN,2
LAEL,LAEL,1
LAELA,LAELA,2
LAELAH,LAELAH,2
LAELANI,LAELANI,1
LAELANNY,LAELANNY,1
LAELIUS,LAELIUS,1
LAELYN,LAELYN,1
LAETH,LAETH,2
LAETHYN,LAETHYN,1
LAETITIA,LAETITIA,1
LAFAYETTE,LAFAYETTE,1
LAGO,LAGO,1
LAH'LONNIE,LAH'LONNIE,1
LAHNA,LAHNA,1
LAI'LANI,LAI'LANI,2
LAI'MARI,LAI'MARI,1
LAI'VEE,LAI'VEE,1
LAIA,LAIA,6
LAIBA,LAIBA,2
LAIELLE,LAÍELLE,1
LAIGN,LAIGN,1
LAIJLA,LAIJLA,1
LAIKLYN,LAIKLYN,1
LAIKYN,LAIKYN,2
LAIKYNN,LAIKYNN,2
LAILA,LAILA,37
LAILAH,LAILAH,7
LAILANEE,LAILANEE,1
LAILANI,LAILANI,6
LAILEY,LAILEY,1
LAILY,LAILY,1
LAILYNN,LAILYNN,1
LAIN,LAIN,1
LAINA,LAINA,2
LAINE,LAINE,10
LAINEE,LAINEE,6
LAINEY,LAINEY,59
LAINI,LAINI,1
LAINIE,LAINIE,1
LAIRD,LAIRD,2
LAISA,LAISA,1
LAISHA,LAISHA,1
LAITH,LAITH,5
LAIYAH,LAIYAH,1
LAIZA,LAIZA,1
LAKAI,LAKAI,1
LAKALO,LAKALO,1
LAKE,LAKE,12
LAKELAND,LAKELAND,1
LAKELEE,LAKELEE,1
LAKELYN,LAKELYN,7
LAKELYNN,LAKELYNN,5
LAKEN,LAKEN,6
LAKEY,LAKEY,1
LAKIN,LAKIN,1
LAKOTA,LAKOTA,1
LAKSH,LAKSH,4
LAKSHA,LAKSHA,1
LAKSHANA,LAKSHANA,1
LAKSHARA,LAKSHARA,1
LAKSHIKA,LAKSHIKA,2
LAKSHIT,LAKSHIT,2
LAKSHITH,LAKSHITH,1
LAKSHITH SAI,LAKSHITH SAI,1
LAKSHMI,LAKSHMI,3
LAKSHMI IYANA,LAKSHMI IYANA,1
LAKSHMI SAHASRA,LAKSHMI SAHASRA,1
LAKSHYA,LAKSHYA,2
LAKSSHITA,LAKSSHITA,1
LAKU,LAKU,1
LAKYN,LAKYN,1
LALAH,LALAH,1
LALANI,LALANI,1
LALE,LALE,1
LALI,LALI,1
LALIA,LALIA,1
LALITHA SAHASRA,LALITHA SAHASRA,1
LALO,LALO,2
LALY,LALY,1
LAMAR,LAMAR,1
LAMARIAI,LAMARIAI,1
LAMAURI,LAMAURI,1
LAMERE,LAMERE,1
LAMIA,LAMIA,1
LAMITTA,LAMITTA,1
LAMIYAH,LAMIYAH,1
LAMONT,LAMONT,2
LAMONTEZ,LAMONTEZ,1
LAN,LAN,1
LANA,LANA,45
LANAH,LANAH,2
LANAYA,LANAYA,1
LANCE,LANCE,8
LANCELOT,LANCELOT,1
LANDALE,LANDALE,1
LANDAN,LANDAN,1
LANDEN,LANDEN,10
LANDER,LANDER,2
LANDO,LANDO,5
LANDON,LANDON,138
LANDREE,LANDREE,1
LANDREIGH,LANDREIGH,1
LANDREY,LANDREY,1
LANDRI,LANDRI,1
LANDRIE,LANDRIE,1
LANDRY,LANDRY,41
LANDY,LANDY,1
LANDYN,LANDYN,21
LANE,LANE,56
LANEY,LANEY,18
LANGHORN,LANGHORN,1
LANGLEY,LANGLEY,2
LANGSTON,LANGSTON,13
LANGXI,LANGXI,1
LANHAM,LANHAM,1
LANI,LANI,2
LANIA,LANIA,1
LANIAN,LANIAN,1
LANIE,LANIE,2
LANIRA,LANIRA,1
LANIYA,LANIYA,1
LANIYAH,LANIYAH,4
LANIYAH,LÁNIYAH,1
LANNA,LANNA,1
LANNETTE,LANNETTE,1
LANORA,LANORA,1
LANTAEUS,LANTAEUS,1
LANY,LANY,1
LANYE,LANYE,1
LAQUAN,LAQUAN,1
LARA,LARA,23
LARALEE,LARALEE,1
LARAMIE,LARAMIE,5
LARAYNA,LARAYNA,1
LAREEN,LAREEN,1
LARENZO,LARENZO,1
LAREYAH,LAREYAH,1
LARIAH,LARIAH,2
LARINE,LARINE,1
LARISA,LARISA,1
LARISSA,LARISSA,5
LARIYAH,LARIYAH,1
LARK,LARK,3
LARKIN,LARKIN,2
LARKIN GRACE,LARKIN GRACE,1
LARRA,LARRA,1
LARRAMORE,LARRAMORE,1
LARRIE,LARRIE,1
LARRY,LARRY,15
LARS,LARS,4
LARSEN,LARSEN,2
LARSON,LARSON,2
LARUE,LARUE,1
LASKARINA,LASKARINA,1
LASKHMI,LASKHMI,1
LASRIAN,LASRIAN,1
LASRITHA,LASRITHA,1
LASSE,LASSE,1
LASSEN,LASSEN,1
LASYA,LASYA,2
LASYASRI REDDY,LASYASRI REDDY,1
LASZLO,LASZLO,4
LATASHA,LATASHA,1
LATAYZION,LATAYZION,1
LATHAM,LATHAM,2
LATHAN,LATHAN,2
LATIF,LATIF,1
LATRELL,LATRELL,2
LATRELL'VION,LATRELL'VION,1
LAUGHTON,LAUGHTON,1
LAUR,LAUR,1
LAURA,LAURA,48
LAURALAI,LAURALAI,1
LAURALINE,LAURALINE,1
LAUREL,LAUREL,35
LAUREN,LAUREN,41
LAURENCE,LAURENCE,4
LAURENCIO,LAURENCIO,1
LAURENE-SKY,LAURENE-SKY,1
LAURENT,LAURENT,5
LAURETTE,LAURETTE,1
LAURO,LAURO,1
LAURYN,LAURYN,7
LAVAE,LAVAE,1
LAVAEL,LAVAEL,1
LAVAR,LAVAR,1
LAVARIS,LAVARIS,1
LAVELL,LAVELL,1
LAVEN,LAVEN,1
LAVENDER,LAVENDER,7
LAVI,LAVI,1
LAVINIA,LAVINIA,4
LAVITH,LAVITH,1
LAVONA,LAVONA,1
LAVYNDER,LAVYNDER,1
LAW,LAW,1
LAWINA,LAWINA,1
LAWLER,LAWLER,1
LAWR'RIYAH,LAWR'RIYAH,1
LAWRENCE,LAWRENCE,26
LAWSEN,LAWSEN,1
LAWSON,LAWSON,38
LAWTON,LAWTON,1
LAY'ANNA,LAY'ANNA,2
LAY'LENA,LAY'LENA,1
LAY'LONI,LAY'LONI,1
LAY'ONII,LAY'ONII,1
LAYA,LAYA,2
LAYAH,LAYAH,3
LAYAL,LAYAL,1
LAYAN,LAYAN,8
LAYANA,LAYANA,3
LAYANI,LAYANI,1
LAYANNA,LAYANNA,1
LAYANNI,LAYANNI,1
LAYDEN,LAYDEN,2
LAYEH,LAYEH,1
LAYELLE,LAYELLE,1
LAYENI,LAYENI,1
LAYKELYN,LAYKELYN,1
LAYKEN,LAYKEN,1
LAYLA,LAYLA,237
LAYLA'ROSE,LAYLA'ROSE,1
LAYLA-AMOUR,LAYLA-AMOUR,1
LAYLA-JO,LAYLA-JO,1
LAYLAH,LAYLAH,15
LAYLANA,LAYLANA,1
LAYLANI,LAYLANI,13
LAYLANIE,LAYLANIE,2
LAYLANII,LAYLANII,1
LAYLANNI,LAYLANNI,3
LAYLONI,LAYLONI,1
LAYLUH,LAYLUH,1
LAYMONMIE,LAYMONMIE,1
LAYNA,LAYNA,4
LAYNE,LAYNE,22
LAYNEE,LAYNEE,1
LAYNI,LAYNI,1
LAYNIE,LAYNIE,2
LAYNNA,LAYNNA,1
LAYRA,LAYRA,2
LAYTH,LAYTH,2
LAYTON,LAYTON,13
LAZAR,LAZAR,1
LAZARIAH,LAZARIAH,1
LAZARO,LAZARO,7
LAZARO AZAREL,LAZARO AZAREL,1
LAZARUS,LAZARUS,11
LAZER,LAZER,1
LAZIR,LAZIR,1
LAZLO,LAZLO,1
LAZULI,LAZULI,1
LAZZARO,LAZZARO,1
LE'ANNI,LE'ANNI,1
LE'ARIYAN,LE'ARIYAN,1
LE'ASIA,LE'ASIA,2
LE'AYJHA,LE'AYJHA,1
LE'DARIUS,LE'DARIUS,1
LE'GACY,LE'GACY,1
LE'LANI,LE'LANI,1
LE'NAE,LE'NAE,1
LE'RON,LE'RON,1
LE'ROYAL,LE’ROYAL,1
LE'YAH,LE'YAH,1
LE'ZADEN,LE'ZADEN,1
LEA,LEA,10
LEA,LÉA,2
LEA ISABEL,LEA ISABEL,1
LEABELLA,LEABELLA,1
LEAH,LEAH,192
LEAH-MARIE,LEAH-MARIE,1
LEAHLY,LEAHLY,1
LEAHNI,LEAHNI,1
LEAL,LEAL,1
LEAM,LEAM,2
LEAMSI,LEAMSI,2
LEAN,LEAN,1
LEANA,LEANA,1
LEANDER,LEANDER,2
LEANDRA,LEANDRA,1
LEANDRO,LEANDRO,27
LEANN,LEANN,2
LEANNA,LEANNA,13
LEANNE,LEANNE,4
LEANY,LEANY,1
LEANZAR,LEANZAR,1
LEAO,LEAO,1
LEAR,LEAR,1
LEAVY,LEAVY,1
LEBAN,LEBÁN,1
LEBOPO,LEBOPO,1
LEBRON,LEBRON,1
LEDA,LEDA,1
LEDGER,LEDGER,19
LEDIN,LEDIN,1
LEDIS,LEDIS,1
LEE,LEE,16
LEE'JREAM,LEE'JREAM,1
LEE'LIC,LEE'LIC,1
LEE'YAH,LEE'YAH,1
LEEAH,LEEAH,2
LEEAM,LEEAM,1
LEEANA,LEEANA,2
LEEANDRE,LEEANDRE,1
LEEANNA,LEEANNA,1
LEEBA,LEEBA,1
LEELA,LEELA,17
LEELAH,LEELAH,1
LEELAND,LEELAND,4
LEELOU,LEELOU,1
LEEMA,LEEMA,1
LEEN,LEEN,1
LEENA,LEENA,5
LEETAL,LEETAL,1
LEEVON,LEEVON,1
LEEYA,LEEYA,1
LEEYANA,LEEYANA,1
LEGACCIIE,LEGACCIIE,1
LEGACI,LEGACI,2
LEGACII,LEGACII,1
LEGACY,LEGACY,12
LEGAND,LEGAND,1
LEGEND,LEGEND,60
LEGEND-KAI,LEGEND-KÁI,1
LEGENDARI,LEGENDARI,1
LEGENDE,LEGENDE,1
LEGION,LEGION,1
LEGOND,LEGOND,1
LEGYND,LEGYND,1
LEHA,LEHA,1
LEHANI,LEHANI,1
LEHER,LEHER,1
LEHLANI,LEHLANI,3
LEHNDRE,LEHNDRE,1
LEHUA,LEHUA,1
LEI'LANI,LEI'LANI,3
LEI'ONI,LEI'ONI,1
LEI'ZHUAN,LEI'ZHUAN,1
LEIA,LEIA,50
LEIA,LEÍA,2
LEIA,LEÏA,1
LEIAH,LEIAH,4
LEIAM,LEIAM,1
LEIANA,LEIANA,1
LEIANNA,LEIANNA,1
LEIDEN,LEIDEN,1
LEIDI,LEIDI,1
LEIDY,LEIDY,2
LEIF,LEIF,11
LEIGH,LEIGH,3
LEIGH ANNE,LEIGH ANNE,1
LEIGHANN,LEIGHANN,1
LEIGHLA,LEIGHLA,1
LEIGHTON,LEIGHTON,65
LEIGHTYN,LEIGHTYN,1
LEILA,LEILA,68
LEILAH,LEILAH,3
LEILAHNI,LEILAHNI,2
LEILAHNY,LEILAHNY,1
LEILANA,LEILANA,3
LEILANEY,LEILANEY,2
LEILANI,LEILANI,154
LEILANIE,LEILANIE,2
LEILANII,LEILANII,2
LEILANNI,LEILANNI,2
LEILANNY,LEILANNY,3
LEILANY,LEILANY,36
LEILANYS,LEILANYS,1
LEILIANA,LEILIANA,3
LEILIANNA,LEILIANNA,1
LEILY,LEILY,2
LEIMY,LEIMY,1
LEINA,LEINA,2
LEINANI,LEINANI,1
LEINY,LEINY,1
LEION,LEION,2
LEIONA,LEIONA,1
LEIRE,LEIRE,1
LEISA,LEISA,1
LEISEL,LEISEL,1
LEISHA,LEISHA,1
LEITH,LEITH,1
LEJEND,LEJEND,3
LEJIN,LEJIN,1
LEJYND,LEJYND,1
LEKANKSH,LEKANKSH,1
LELA,LELA,4
LELAH,LELAH,1
LELAND,LELAND,14
LELANI,LELANI,1
LELIA,LELIA,1
LELIANA,LELIANA,1
LEMON,LEMON,1
LEMONT,LEMONT,1
LEMUEL,LEMUEL,1
LENA,LENA,50
LENA,LÉNA,1
LENAYAH,LENAYAH,1
LENCIO,LENCIO,1
LENI,LENI,10
LENIN,LENIN,3
LENKA,LENKA,1
LENNA,LENNA,4
LENNABELLE,LENNABELLE,1
LENNIE,LENNIE,3
LENNIN,LENNIN,2
LENNIX,LENNIX,2
LENNON,LENNON,64
LENNOX,LENNOX,52
LENNY,LENNY,4
LENNYN,LENNYN,1
LENO,LENO,1
LENOIR,LENOIR,1
LENORA,LENORA,9
LENORAH,LENORAH,1
LENORE,LENORE,5
LENORIS,LENORIS,1
LENOX,LENOX,3
LENTO,LENTO,1
LENTZ,LENTZ,1
LENYX,LENYX,2
LEO,LEO,351
LEO,LEÓ,1
LEO,LÉO,1
LEOBARDO,LEOBARDO,5
LEOCADIO,LEOCADIO,1
LEOCAIDO,LEOCAIDO,1
LEODAN,LEODAN,2
LEODANI,LEODANI,1
LEOFORD,LEOFORD,1
LEOMANSA,LEOMANSA,1
LEOMAR,LEOMAR,1
LEON,LEON,111
LEON,LEÓN,11
LEON,LÉON,1
LEONA,LEONA,32
LEONARD,LEONARD,17
LEONARD,LÉONARD,1
LEONARDO,LEONARDO,277
LEONAS,LEONAS,1
LEONCIO,LEONCIO,1
LEONE,LEONE,1
LEONEL,LEONEL,86
LEONELA,LEONELA,1
LEONELLO,LEONELLO,1
LEONELYS,LEONELYS,1
LEONETTA,LEONETTA,1
LEONID,LEONID,3
LEONIDAS,LEONIDAS,28
LEONIDAS,LEÓNIDAS,1
LEONIDAS,LÉONIDAS,1
LEONIE,LEONIE,3
LEONIE,LÉONIE,1
LEONILA,LEONILA,1
LEONNA,LEONNA,1
LEONOR,LEONOR,7
LEONORA,LEONORA,5
LEONTAE,LEONTAE,1
LEONTIY,LEONTIY,1
LEOPOLD,LEOPOLD,10
LEOPOLD,LÉOPOLD,1
LEOPOLDO,LEOPOLDO,4
LEORA,LEORA,3
LEOUL,LEOUL,1
LEOVANNI,LEOVANNI,1
LERA,LERA,3
LERIDA,LÉRIDA,1
LEROY,LEROY,8
LES,LES,1
LESANDRO,LESANDRO,3
LESIEL,LESIEL,1
LESLEE,LESLEE,1
LESLEY,LESLEY,2
LESLIE,LESLIE,36
LESLIEJOYCE,LESLIEJOYCE,1
LESLY,LESLY,12
LESLYE,LESLYE,1
LESMAN,LESMAN,1
LESSMY,LESSMY,1
LESTER,LESTER,4
LESTHER,LESTHER,3
LETA,LETA,2
LETHAN,LETHAN,1
LETI,LETI,1
LETICIA,LETICIA,11
LETIZIA,LETIZIA,1
LETO,LETO,1
LETTI,LETTI,2
LETTIE,LETTIE,1
LETTY,LETTY,3
LETTYCIA,LETTYCIA,1
LEUL,LEUL,3
LEV,LEV,9
LEVANDER,LEVANDER,1
LEVENT,LEVENT,1
LEVETA,LEVETA,1
LEVI,LEVI,392
LEVIANNI,LEVIANNI,1
LEVIATHAN,LEVIATHAN,2
LEVII,LEVII,1
LEVIN,LEVIN,3
LEVIS,LEVIS,1
LEVIT,LEVIT,1
LEVITICUS,LEVITICUS,2
LEVITT,LEVITT,1
LEVON,LEVON,9
LEVY,LEVY,10
LEW,LEW,2
LEWELLYN,LEWELLYN,1
LEWELYN,LEWELYN,1
LEWI,LEWI,2
LEWIS,LEWIS,36
LEX,LEX,6
LEXA,LEXA,1
LEXANDRA,LEXANDRA,1
LEXANIA,LEXANIA,1
LEXANY,LEXANY,1
LEXEIGH,LEXEIGH,1
LEXI,LEXI,30
LEXIE,LEXIE,11
LEXII,LEXII,1
LEXINGTON,LEXINGTON,2
LEXUS,LEXUS,1
LEXY,LEXY,4
LEY,LEY,1
LEYA,LEYA,4
LEYAH,LEYAH,3
LEYANA,LEYANA,1
LEYANI,LEYANI,1
LEYANNIE,LEYANNIE,1
LEYAWIIN,LEYAWIIN,1
LEYBER,LEYBER,1
LEYDA,LEYDA,2
LEYDI,LEYDI,1
LEYGRY,LEYGRY,1
LEYLA,LEYLA,24
LEYLAH,LEYLAH,3
LEYLANI,LEYLANI,15
LEYLANI,LEYLANÍ,1
LEYLANIE,LEYLANIE,2
LEYLANII,LEYLANII,1
LEYLANNI,LEYLANNI,1
LEYLI,LEYLI,1
LEYLIE,LEYLIE,1
LEYNA,LEYNA,3
LEYTON,LEYTON,4
LEYVER,LEYVER,1
LEZAYAH,LEZAYAH,1
LEZLIET,LEZLIET,1
LHEYAM,LHEYAM,1
LHOTSE,LHOTSE,1
LI'AARON,LI'AARON,1
LI'ANA,LI'ANA,1
LI'ANGELO,LI'ANGELO,1
LI-AN,LI-AN,1
LIA,LIA,71
LIA,LÍA,10
LIA ISABELLE,LIA ISABELLE,1
LIA SAMARA,LIA SAMARA,1
LIACIEL,LIACIEL,1
LIAH,LIAH,12
LIAH,LÍAH,1
LIALA,LIALA,1
LIALI,LIALI,1
LIAM,LIAM,846
LIAM,LIÁM,1
LIAM,LÍAM,1
LIAM JOSE,LIAM JOSE,1
LIAM MAYBERTO,LIAM MAYBERTO,1
LIAM SAMORI,LIAM SAMORI,1
LIAM YAEL,LIAM YAEL,1
LIAMS,LIAMS,1
LIAN,LIAN,24
LIAN,LIÁN,1
LIAN,LÍAN,1
LIAN GAEL,LIAN GAEL,1
LIANA,LIANA,36
LIANAH,LIANAH,1
LIANANGELO,LIANANGELO,1
LIANDRO,LIANDRO,2
LIANE,LIANE,1
LIANELLA,LIANELLA,1
LIANG-ANN,LIANG-ANN,1
LIANH,LIANH,1
LIANI,LIANI,2
LIANNA,LIANNA,5
LIANNAH EMRY,LIANNAH EMRY,1
LIANNE,LIANNE,4
LIANNETH,LIANNETH,1
LIANNY,LIANNY,2
LIANY,LIANY,2
LIARA,LIARA,2
LIAS,LIAS,1
LIAV,LIAV,1
LIBBY,LIBBY,7
LIBERTY,LIBERTY,10
LIBERTYY,LIBERTYY,1
LIBITSENA,LIBITSENA,1
LIBONE,LIBONE,1
LIDA,LIDA,1
LIDIA,LIDIA,6
LIDIYA,LIDIYA,1
LIEL,LIEL,1
LIELLA,LIELLA,1
LIELLE,LIELLE,1
LIEM,LIEM,2
LIESEL,LIESEL,1
LIESL,LIESL,2
LIEV,LIEV,3
LIGHT,LIGHT,1
LIHA,LIHA,2
LIHAM,LIHAM,2
LIHANSH REDDY,LIHANSH REDDY,1
LIJING,LIJING,1
LIKE,LIKE,1
LIKHITHRAM,LIKHITHRAM,1
LIL GEORGE,LIL GEORGE,1
LILA,LILA,72
LILA-OLIVIA,LILA-OLIVIA,1
LILABELLE,LILABELLE,1
LILAH,LILAH,66
LILANA,LILANA,1
LILANIE,LILANIE,1
LILAS,LILAS,1
LILE,LÍLE,1
LILES,LILES,1
LILI,LILI,3
LILI-GRACE,LILI-GRACE,1
LILIA,LILIA,16
LILIAN,LILIAN,30
LILIAN REGINA,LILIAN  REGINA,1
LILIANA,LILIANA,156
LILIANA MAE,LILIANA MAE,1
LILIANA-IZEL,LILIANA-IZEL,1
LILIANE,LILIANE,3
LILIANIE,LILIANIE,1
LILIANN,LILIANN,1
LILIANNA,LILIANNA,17
LILIANNE,LILIANNE,2
LILIBET,LILIBET,1
LILIBETH,LILIBETH,2
LILIENNE,LILIENNE,1
LILIETH,LILIETH,3
LILIROSE,LILIROSE,1
LILITH,LILITH,44
LILITU-ITRI,LILITU-ITRI,1
LILIUM,LILIUM,1
LILIYA,LILIYA,1
LILLA,LILLA,1
LILLABEE,LILLABEE,1
LILLAH,LILLAH,2
LILLAS,LILLAS,1
LILLIA,LILLIA,4
LILLIAM,LILLIAM,1
LILLIAN,LILLIAN,203
LILLIANA,LILLIANA,27
LILLIANA ROSE,LILLIANA ROSE,1
LILLIANNA,LILLIANNA,9
LILLIE,LILLIE,16
LILLIJEAN,LILLIJEAN,1
LILLITH,LILLITH,1
LILLY,LILLY,41
LILLY BELLE,LILLY BELLE,1
LILLYAN,LILLYAN,2
LILLYANA,LILLYANA,5
LILLYANN,LILLYANN,1
LILLYANNA,LILLYANNA,5
LILLYPEARL,LILLYPEARL,1
LILLYTH,LILLYTH,1
LILOU,LILOU,3
LILT,LILT,1
LILURA,LILURA,1
LILY,LILY,282
LILY ANN,LILY ANN,1
LILY GRACE,LILY GRACE,1
LILYAHNA,LILYAHNA,1
LILYAN,LILYAN,1
LILYANA,LILYANA,14
LILYANN,LILYANN,1
LILYANNA,LILYANNA,8
LILYBETH,LILYBETH,3
LILYETH,LILYETH,1
LILYJO,LILYJO,1
LIMBER,LIMBER,2
LIN,LIN,1
LINA,LINA,20
LINA-MARIE,LINA-MARIE,1
LINAE,LINAE,1
LINAROSE,LINAROSE,1
LINC,LINC,1
LINCOLN,LINCOLN,238
LINDA,LINDA,17
LINDAN,LINDAN,1
LINDEL,LINDEL,1
LINDELL,LINDELL,1
LINDEN,LINDEN,6
LINDLEY,LINDLEY,3
LINDQUIST,LINDQUIST,1
LINDSAY,LINDSAY,14
LINDSEY,LINDSEY,15
LINEA,LINEA,1
LINEN,LINEN,1
LINGGU,LINGGU,1
LINIA,LINIA,1
LINIYA,LINIYA,1
LINK,LINK,11
LINKE,LINKE,1
LINKIN,LINKIN,4
LINKYN,LINKYN,1
LINLEY,LINLEY,3
LINNA,LINNA,1
LINNAEUS,LINNAEUS,1
LINNEA,LINNEA,4
LINNEAH,LINNEAH,1
LINNIE,LINNIE,3
LINO,LINO,1
LINONGE,LINONGE,1
LINUS,LINUS,14
LINUX,LINUX,2
LINZY,LINZY,1
LION,LION,1
LIONEL,LIONEL,30
LIONIDAS,LIONIDAS,1
LIONORA,LIONORA,1
LIONSO,LIONSO,1
LIOR,LIOR,5
LIORA,LIORA,6
LIPIKA,LIPIKA,1
LIR,LIR,1
LIRA,LIRA,2
LIS,LIS,3
LISA,LISA,8
LISA MINH ANH,LISA MINH ANH,1
LISANDRA,LISANDRA,1
LISANDRO,LISANDRO,3
LISANNA,LISANNA,2
LISBETH,LISBETH,1
LISE,LISE,1
LISELI,LISELI,3
LISETH,LISETH,1
LISETTE,LISETTE,4
LISHA,LISHA,1
LISHIKA,LISHIKA,1
LISIANA,LISIANA,1
LISSA,LISSA,1
LISSANDRO,LISSANDRO,1
LISSETH,LISSETH,1
LISSETTE,LISSETTE,1
LISSMARY,LISSMARY,1
LISSY,LISSY,1
LITHIKA,LITHIKA,1
LITO,LITO,1
LITZEH,LITZEH,1
LITZY,LITZY,13
LIV,LIV,31
LIVELEE,LIVELEE,1
LIVELY,LIVELY,5
LIVI,LIVI,4
LIVIA,LIVIA,20
LIVIANA,LIVIANA,1
LIVIE,LIVIE,1
LIVIE'RAE,LIVIE'RAE,1
LIVINGSTON,LIVINGSTON,1
LIVIYA,LIVIYA,2
LIVTAAR,LIVTAAR,1
LIVVIE,LIVVIE,2
LIVY,LIVY,1
LIYA,LIYA,6
LIYAANSH,LIYAANSH,1
LIYAH,LIYAH,3
LIYANA,LIYANA,4
LIYANNA,LIYANNA,1
LIYANSHI VARMA,LIYANSHI VARMA,1
LIYANVI,LIYANVI,1
LIYASHREE,LIYASHREE,1
LIYAT,LIYAT,2
LIYLA,LIYLA,1
LIYONNAH,LIYONNAH,1
LIZ,LIZ,4
LIZ ANGELINE,LIZ ANGELINE,1
LIZA,LIZA,2
LIZA VALENTINE,LIZA VALENTINE,1
LIZABETH,LIZABETH,2
LIZAH,LIZAH,1
LIZANDRO,LIZANDRO,2
LIZANN,LIZANN,1
LIZBELLA,LIZBELLA,1
LIZBETH,LIZBETH,23
LIZEL,LIZEL,1
LIZET,LIZET,1
LIZETH,LIZETH,8
LIZETTE,LIZETTE,6
LIZNA,LIZNA,1
LIZZBETH,LIZZBETH,1
LIZZET,LIZZET,1
LIZZETT,LIZZETT,1
LIZZIE,LIZZIE,1
LIZZY,LIZZY,2
LKWLYN,LKWLYN,1
LLANA,LLANA,1
LLANO,LLANO,1
LLEWELLYN,LLEWELLYN,2
LLEWELYN,LLEWELYN,2
LLEWYN,LLEWYN,10
LLEYTON,LLEYTON,1
LLOYAL,LLOYAL,1
LLOYALTY,LLOYALTY,1
LLOYD,LLOYD,2
LLUVIA,LLUVIA,4
LLUVIA ARCUS,LLUVIA ARCUS,1
LLYIAH,LLYIAH,1
LO'RENZO,LO'RENZO,1
LO-YU,LO-YU,1
LOA,LOA,4
LOAH,LOAH,2
LOAL,LOAL,1
LOANI,LOANI,1
LOANY,LOANY,1
LOCHLAN,LOCHLAN,15
LOCHLANN,LOCHLANN,2
LOCHLYN,LOCHLYN,1
LOCHLYNN,LOCHLYNN,1
LOCHREN,LOCHREN,1
LOCKE,LOCKE,7
LOCKETT,LOCKETT,1
LOCKLYN,LOCKLYN,2
LODEN,LODEN,1
LODY,LODY,1
LOEWEN,LOEWEN,1
LOFTON,LOFTON,1
LOGAN,LOGAN,411
LOGAN,LOGÁN,1
LOGAN DALLAS,LOGAN DALLAS,1
LOGAN EMMANUEL,LOGAN EMMANUEL,1
LOGANN,LOGANN,2
LOGHAN,LOGHAN,3
LOGYN,LOGYN,1
LOHAN,LOHAN,1
LOHANY,LOHANY,1
LOHITHA SAIVIBHA,LOHITHA SAIVIBHA,1
LOIAL,LOIAL,1
LOIE,LOIE,1
LOIS,LOIS,8
LOIZA,LOÍZA,1
LOKI,LOKI,2
LOKY,LOKY,1
LOLA,LOLA,83
LOLAH,LOLAH,2
LOLITHA LAKSHMI,LOLITHA LAKSHMI,1
LOLONYO,LOLONYO,1
LOLOVIVI,LOLOVIVI,1
LOMEE,LOMEE,1
LON,LON,1
LONA,LONA,1
LONAN,LONAN,1
LONDER,LONDER,1
LONDON,LONDON,62
LONDY'N,LONDY'N,1
LONDYN,LONDYN,34
LONDYNN,LONDYNN,4
LONI,LONI,2
LONNI,LONNI,1
LONNIE,LONNIE,5
LONNY,LONNY,1
LOONA,LOONA,1
LORA,LORA,2
LORABELLA,LORABELLA,1
LORAINE,LORAINE,1
LORALAI,LORALAI,1
LORALEI,LORALEI,2
LORALIE,LORALIE,2
LORALYE,LORALYE,1
LORAYNA,LORAYNA,1
LORDE,LORDE,1
LOREACE,LOREACE,1
LOREEN,LOREEN,1
LORELAI,LORELAI,32
LORELAI CHARLOTTE,LORELAI CHARLOTTE,1
LORELEE,LORELEE,1
LORELEI,LORELEI,22
LORELI,LORELI,1
LORELLIE,LORELLIE,1
LOREN,LOREN,5
LORENA,LORENA,17
LORENZA,LORENZA,3
LORENZO,LORENZO,117
LORETO,LORETO,1
LORETTA,LORETTA,9
LOREYN,LOREYN,1
LORI,LORI,3
LORIANA,LORIANA,2
LORIANNA,LORIANNA,1
LORIELLE,LORIELLE,1
LORIEN,LORIEN,2
LORINE,LORINE,1
LORNA,LORNA,4
LORNE,LORNE,1
LORRAINE,LORRAINE,17
LORRIE,LORRIE,1
LORRIS,LORRIS,1
LORY,LORY,1
LORYANA,LORYANA,1
LORYN,LORYN,1
LOSHITH REDDY,LOSHITH REDDY,1
LOSWAN,LOSWAN,1
LOTTIE,LOTTIE,9
LOTUS,LOTUS,5
LOU,LOU,7
LOUAY,LOUAY,1
LOUDEN,LOUDEN,1
LOUELLA,LOUELLA,2
LOUI,LOUI,3
LOUIE,LOUIE,20
LOUIS,LOUIS,88
LOUIS-EMMANUEL,LOUIS-EMMANUEL,1
LOUISA,LOUISA,31
LOUISE,LOUISE,39
LOUIX,LOUIX,1
LOULA-AN,LOULA-AN,1
LOUNA,LOUNA,1
LOURDES,LOURDES,8
LOURDES YUZLEY,LOURDES YUZLEY,1
LOURYN,LOURYN,1
LOUVRE,LOUVRE,1
LOVANNI,LOVANNI,1
LOVE,LOVE,10
LOVE'AYAH,LOVE'AYAH,1
LOVEE,LOVEE,1
LOVEEN,LOVEEN,1
LOVEIANO,LOVEIANO,1
LOVELEE,LOVELEE,1
LOVELIA,LOVELIA,1
LOVELLA MARIE,LOVELLA MARIE,1
LOVELLE,LOVELLE,1
LOVELY,LOVELY,5
LOVELY-MARIE,LOVELY-MARIE,1
LOVELYNN,LOVELYNN,1
LOVETTE,LOVETTE,2
LOVIE'LEE,LOVIE'LEE,1
LOWE,LOWE,1
LOWELL,LOWELL,5
LOWEN,LOWEN,6
LOXLEY,LOXLEY,3
LOXY,LOXY,1
LOYAAL,LOYAAL,1
LOYAL,LOYAL,4
LOYALE,LOYALE,1
LOYALTY,LOYALTY,6
LOYDA,LOYDA,1
LUA,LUA,9
LUAH,LUAH,1
LUAN,LUAN,1
LUAN,LUÁN,1
LUANA,LUANA,2
LUARSEN JARIEZ,LUARSEN JARIEZ,1
LUC,LUC,6
LUCA,LUCA,319
LUCA,LUCÁ,1
LUCA AURELIO,LUCA AURELIO,1
LUCAH,LUCAH,1
LUCARIO,LUCARIO,1
LUCAS,LUCAS,466
LUCAS AIDEN,LUCAS AIDEN,1
LUCAS ALEXANDER,LUCAS ALEXANDER,2
LUCAS ARTHUR,LUCAS ARTHUR,1
LUCAS DAVID,LUCAS DAVID,1
LUCCA,LUCCA,38
LUCCAS,LUCCAS,2
LUCCHESE,LUCCHESE,1
LUCCIA,LUCCIA,1
LUCCIANA,LUCCIANA,1
LUCCIANI,LUCCIANI,1
LUCCIANO,LUCCIANO,2
LUCELLA,LUCELLA,1
LUCERITO,LUCERITO,1
LUCERO,LUCERO,15
LUCI,LUCI,2
LUCIA,LUCIA,162
LUCIA,LUCÍA,15
LUCIA ADRIANNA,LUCÍA ADRIANNA,1
LUCIA INES,LUCÍA  INÉS,1
LUCIAN,LUCIAN,21
LUCIAN LEONARDO,LUCIAN LEONARDO,1
LUCIANA,LUCIANA,37
LUCIANNA,LUCIANNA,4
LUCIANNO,LUCIANNO,1
LUCIANO,LUCIANO,47
LUCIE,LUCIE,10
LUCIELA,LUCIELA,1
LUCIEN,LUCIEN,16
LUCIENE,LUCIENE,1
LUCIENNE,LUCIENNE,2
LUCIFER,LUCIFER,3
LUCILE,LUCILE,4
LUCILLA,LUCILLA,2
LUCILLE,LUCILLE,71
LUCILLIA,LUCILLIA,2
LUCINDA,LUCINDA,11
LUCIO,LUCIO,14
LUCIUS,LUCIUS,7
LUCK,LUCK,1
LUCKIE,LUCKIE,1
LUCKY,LUCKY,8
LUCRECIA,LUCRECIA,1
LUCREZIA,LUCREZIA,1
LUCY,LUCY,252
LUCY GEORGE,LUCY GEORGE,1
LUCY-JAMES,LUCY-JAMES,1
LUCYANNA,LUCYANNA,1
LUCYNA,LUCYNA,1
LUDLOW,LUDLOW,1
LUDWIG,LUDWIG,2
LUDWIN,LUDWIN,1
LUELLA,LUELLA,8
LUFFY,LUFFY,1
LUGIANNA,LUGIANNA,1
LUHAINY,LUHAINY,1
LUIGI,LUIGI,2
LUIS,LUIS,223
LUIS,LUÍS,1
LUIS ALEJANDRO,LUIS ALEJANDRO,1
LUIS ANGEL,LUIS ANGEL,1
LUIS ENRIQUE,LUIS ENRIQUE,1
LUIS MATTEO,LUIS MATTEO,1
LUIS MIGUEL,LUIS MIGUEL,2
LUIS-ANGEL,LUIS-ÁNGEL,1
LUISA,LUISA,25
LUISANA,LUISANA,1
LUIYAN,LUIYAN,1
LUIZ,LUIZ,2
LUIZA,LUIZA,2
LUJAIN,LUJAIN,1
LUKA,LUKA,136
LUKAS,LUKAS,67
LUKAZ,LUKAZ,1
LUKE,LUKE,409
LUKE ALEXANDER,LUKE ALEXANDER,1
LUKE HENRY,LUKE HENRY,1
LUKE MICHAL,LUKE MICHAL,1
LUKE RUBEN,LUKE RUBEN,1
LUKE SKAI,LUKE SKAI,1
LUKE-EZRA,LUKE-EZRA,1
LUKIN,LUKIN,1
LUKYAN,LUKYAN,1
LULA,LULA,3
LULIE,LULIE,1
LULLABY,LULLABY,1
LULU,LULU,8
LUMANA'I,LUMANA'I,1
LUME,LUME,1
LUMEN,LUMEN,2
LUMENA,LUMENA,2
LUMI,LUMI,3
LUMIAN,LUMIAN,1
LUMINA,LUMINA,1
LUMING,LUMING,1
LUMINITA,LUMINITA,1
LUMINOUS,LUMINOUS,1
LUMIR,LUMÍR,1
LUN'YAE,LUN'YAE,1
LUN-BENJAMIN,LUN-BENJAMIN,1
LUNA,LUNA,377
LUNA ISABEL,LUNA ISABEL,1
LUNA SOLEIL,LUNA SOLEIL,1
LUNA-MAE,LUNA-MAE,1
LUNA-SOLE,LUNA-SOLÉ,1
LUNABELLA,LUNABELLA,2
LUNAH,LUNAH,3
LUNARAIN,LUNARAIN,1
LUNARIS,LUNARIS,1
LUNATTE,LUNATTE,1
LUNDYN,LUNDYN,3
LUNETTA,LUNETTA,1
LUPITA,LUPITA,9
LUQMAN,LUQMAN,3
LURA,LURA,1
LURAINE,LURAINE,1
LURENA,LURENA,1
LUSCIA,LUSCIA,1
LUTE,LUTE,1
LUTHER,LUTHER,4
LUTHIEN,LUTHIEN,2
LUV,LUV,1
LUVELLY,LUVÉLLY,1
LUVINA,LUVINA,1
LUVV,LUVV,1
LUWANNIE,LUWANNIE,1
LUWIN,LUWIN,1
LUWIS,LUWIS,1
LUX,LUX,9
LUXE,LUXE,3
LUXLEY,LUXLEY,1
LUXXON,LUXXON,1
LUYA,LUYA,1
LUYAH,LUYAH,1
LUZ,LUZ,19
LUZ LEILANI,LUZ LEILANI,1
LUZ MARIA,LUZ MARIA,2
LUZELY,LUZELY,1
LUZI,LUZI,1
LUZIA,LUZIA,2
LUZINIA,LUZINIA,1
LUZMARIA,LUZMARIA,2
LUZPAOLA,LUZPAOLA,1
LUZVIN,LUZVIN,1
LY,LY,2
LY'RICA,LY'RICA,1
LYA,LYA,3
LYAM,LYAM,3
LYAN,LYAN,2
LYANA,LYANA,3
LYANDRA,LYANDRA,1
LYANNA,LYANNA,21
LYANNA JIZELLE,LYANNA JIZELLE,1
LYANNI,LYANNI,1
LYCIDAS,LYCIDAS,1
LYDIA,LYDIA,107
LYDIA-FAYE,LYDIA-FAYE,1
LYELL,LYELL,1
LYLA,LYLA,124
LYLA GRACE,LYLA GRACE,1
LYLA JO,LYLA JO,1
LYLA LOU,LYLA LOU,2
LYLA-KAY,LYLA-KAY,1
LYLAH,LYLAH,15
LYLAROSE,LYLAROSE,1
LYLE,LYLE,23
LYLEE,LYLEE,1
LYLIANA,LYLIANA,1
LYLLA,LYLLA,2
LYLLIAN,LYLLIAN,1
LYLY,LYLY,1
LYLYANA,LYLYANA,1
LYNA,LYNA,1
LYNA-MAE,LYNA-MAE,1
LYNDEN,LYNDEN,3
LYNDON,LYNDON,27
LYNDSEY,LYNDSEY,1
LYNDSIE,LYNDSIE,1
LYNELL,LYNELL,1
LYNETTE,LYNETTE,7
LYNLEE,LYNLEE,1
LYNLEIGH,LYNLEIGH,1
LYNN,LYNN,5
LYNN'AVA,LYNN'AVA,1
LYNNA,LYNNA,1
LYNNEA,LYNNEA,1
LYNNELLE,LYNNELLE,1
LYNNEX,LYNNEX,1
LYNNIE,LYNNIE,1
LYNNIN,LYNNIN,1
LYNNLEIGH,LYNNLEIGH,1
LYNNORA,LYNNORA,2
LYNNOX,LYNNOX,2
LYNPHAS,LYNPHAS,1
LYNX,LYNX,1
LYNXTON,LYNXTON,1
LYNZALE,LYNZALE,1
LYNZIE,LYNZIE,1
LYON,LYON,3
LYONELL,LYONELL,1
LYRA,LYRA,34
LYRAA,LYRAA,1
LYRAH,LYRAH,1
LYRIC,LYRIC,28
LYRICA,LYRICA,2
LYRICAH,LYRICAH,1
LYRICAL,LYRICAL,1
LYRIK,LYRIK,6
LYRIKA,LYRIKA,1
LYRIQ,LYRIQ,4
LYRYK,LYRYK,1
LYSANDER,LYSANDER,2
LYSE,LYSE,1
LYZA,LYZA,1
M'SIAH,M'SIAH,1
M'XYIAH,M'XYIAH,1
M. IRFAN,M. IRFAN,1
MA,MA,1
MA'AT,MA'AT,1
MA'EL,MA'EL,1
MA'JAESTY,MA'JAESTY,1
MA'JESTY,MA'JESTY,1
MA'KAI,MA'KAI,1
MA'KAILYN,MA'KAILYN,1
MA'KASH,MA'KASH,1
MA'KAYLAH,MA'KAYLAH,1
MA'KENAH,MA'KENAH,1
MA'KENLEIGH,MA'KENLEIGH,1
MA'KENNA,MA'KENNA,1
MA'KENZIE,MA'KENZIE,2
MA'KHARI,MA'KHARI,1
MA'KHI,MA'KHI,1
MA'KIYAH,MA'KIYAH,1
MA'KIYLAH,MA'KIYLAH,1
MA'LAIYAH,MA'LAIYAH,1
MA'LANI,MA'LANI,3
MA'LAYAH,MA'LAYAH,5
MA'LAYNA,MA'LAYNA,1
MA'LEIGHA,MA'LEIGHA,2
MA'LIYAH,MA'LIYAH,3
MA'LUV,MA'LUV,1
MA'LYIAH,MA'LYIAH,1
MA'LYLA,MA'LYLA,1
MA'RIAH,MA'RIAH,1
MA'RIOUS,MA'RIOUS,1
MA'SIAH,MA'SIAH,1
MAACHO,MAACHO,1
MAADHAV,MAADHAV,1
MAAHEEN,MAAHEEN,1
MAAHI,MAAHI,3
MAAHIR,MAAHIR,1
MAAHITH,MAAHITH,1
MAAIRA,MAAIRA,1
MAAKHAN,MAAKHAN,1
MAALIYAH,MAALIYAH,1
MAANVI,MAANVI,3
MAANVIKA,MAANVIKA,1
MAANYA,MAANYA,2
MAANYA SHANKAR,MAANYA SHANKAR,1
MAASAI,MAASAI,1
MAAYA,MAAYA,2
MAAYAN,MAAYAN,2
MAAYRA,MAAYRA,1
MAAZ,MAAZ,1
MABEL,MABEL,60
MABELINE,MABELINE,1
MABELL,MABELL,2
MABELLE,MABELLE,1
MABELYN,MABELYN,1
MABLE,MABLE,1
MABRUR,MABRUR,1
MABRY,MABRY,11
MAC,MAC,10
MACAIAH,MACAIAH,1
MACALLAN,MACALLAN,2
MACARIO,MACARIO,2
MACASLIN,MACASLIN,1
MACAULEY,MACAULEY,1
MACCABEE,MACCABEE,1
MACEO,MACEO,4
MACEY,MACEY,1
MACI,MACI,10
MACIE,MACIE,9
MACIE-LEIGH,MACIE-LEIGH,1
MACIJAH,MACIJAH,1
MACK,MACK,30
MACKAYLA,MACKAYLA,1
MACKENDREE,MACKENDREE,1
MACKENZEE,MACKENZEE,1
MACKENZIE,MACKENZIE,77
MACKEY,MACKEY,1
MACKIE,MACKIE,1
MACKIN,MACKIN,1
MACKINLEY,MACKINLEY,1
MACKINNON,MACKINNON,1
MACKINSEY,MACKINSEY,1
MACKINZIE,MACKINZIE,1
MACKLIN,MACKLIN,8
MACKLYN,MACKLYN,1
MACKSON,MACKSON,1
MACKSTON,MACKSTON,1
MACLAIN,MACLAIN,1
MACLAINE,MACLAINE,1
MACLEAN,MACLEAN,1
MACLIN,MACLIN,2
MACLYNN,MACLYNN,2
MACMILLAN,MACMILLAN,1
MACON,MACON,2
MACPHERSON,MACPHERSON,1
MACRAY,MACRAY,1
MACSEN,MACSEN,3
MACTZIL,MACTZIL,1
MACY,MACY,14
MACYL,MACYL,1
MACYN,MACYN,3
MADAI,MADAI,2
MADALYN,MADALYN,13
MADALYNN,MADALYNN,10
MADALYNNE,MADALYNNE,1
MADANI,MADANI,2
MADAY,MADAY,1
MADCHEN,MÄDCHEN,1
MADDALENA,MADDALENA,2
MADDELYN,MADDELYN,3
MADDEN,MADDEN,10
MADDEX,MADDEX,2
MADDIE,MADDIE,10
MADDILYN,MADDILYN,1
MADDILYNN,MADDILYNN,1
MADDISON,MADDISON,31
MADDIX,MADDIX,3
MADDLYNN,MADDLYNN,1
MADDOX,MADDOX,102
MADDSIE,MADDSIE,1
MADDUX,MADDUX,4
MADDY,MADDY,2
MADDYN,MADDYN,4
MADEEHA,MADEEHA,1
MADEL,MADEL,1
MADELAINE,MADELAINE,2
MADELEINA,MADELEINA,1
MADELEINE,MADELEINE,64
MADELEYN,MADELEYN,4
MADELIN,MADELIN,7
MADELINE,MADELINE,181
MADELLINE,MADELLINE,2
MADELYN,MADELYN,145
MADELYNE,MADELYNE,3
MADELYNN,MADELYNN,22
MADHAV,MADHAV,1
MADI,MADI,1
MADIANA,MADIANA,1
MADICSON,MADICSON,1
MADICYN,MADICYN,1
MADIE,MADIE,1
MADIELLA,MADIELLA,1
MADIHA,MADIHA,1
MADILYN,MADILYN,28
MADILYNE,MADILYNE,1
MADILYNN,MADILYNN,11
MADISON,MADISON,221
MADISSON,MADISSON,11
MADISSON,MADISSÓN,1
MADISYN,MADISYN,7
MADISYN GRACE,MADISYN GRACE,1
MADIX,MADIX,1
MADIZON,MADIZON,1
MADIZONE,MADIZONE,1
MADLYN,MADLYN,1
MADS,MADS,1
MADYARLIN,MADYARLIN,1
MADYSON,MADYSON,6
MADYX,MADYX,1
MAE,MAE,38
MAE'LANI,MAE'LANI,1
MAEBELLE,MAEBELLE,1
MAEKENZIE,MAEKENZIE,1
MAEL,MAEL,6
MAEL,MAËL,2
MAEL ANDERSON,MAEL ANDERSON,1
MAELA,MAELA,2
MAELANI,MAELANI,1
MAELEE,MAELEE,2
MAELEEN,MAELEEN,1
MAELIA,MAELIA,1
MAELIE,MAELIE,1
MAELLE,MAELLE,2
MAELLE,MAËLLE,1
MAELYN,MAELYN,5
MAELYNN,MAELYNN,1
MAELYS,MAELYS,1
MAERICK,MAERICK,1
MAERIN,MAERIN,1
MAES,MAES,1
MAESON,MAESON,1
MAEVA,MAEVA,2
MAEVE,MAEVE,104
MAEVELYN,MAEVELYN,1
MAEVERLY,MAEVERLY,1
MAEVERY,MAEVERY,1
MAEVIN,MAEVIN,1
MAEVIS,MAEVIS,2
MAEVRY,MAEVRY,1
MAEZI,MAEZI,1
MAEZIE,MAEZIE,1
MAFER,MAFER,1
MAGABY,MAGABY,2
MAGALY,MAGALY,7
MAGAVI,MAGAVI,1
MAGDA,MAGDA,1
MAGDALENA,MAGDALENA,16
MAGDALENE,MAGDALENE,6
MAGDALENO,MAGDALENO,1
MAGDALYNN,MAGDALYNN,1
MAGDELI,MAGDELI,1
MAGDIEL,MAGDIEL,2
MAGELA,MAGELA,1
MAGEN,MAGEN,1
MAGGIE,MAGGIE,44
MAGGLIO,MAGGLIO,1
MAGHILAVAN,MAGHILAVAN,1
MAGIC,MAGIC,1
MAGILAN,MAGILAN,1
MAGIZH MITHRAN,MAGIZH MITHRAN,1
MAGIZHINI SHRI,MAGIZHINI SHRI,1
MAGIZHISAI,MAGIZHISAI,1
MAGIZHNAN,MAGIZHNAN,1
MAGNA,MAGNA,1
MAGNALAINA,MAGNALAINA,1
MAGNI,MAGNI,1
MAGNOLIA,MAGNOLIA,69
MAGNUS,MAGNUS,16
MAGUETTE,MAGUETTE,1
MAGYK,MAGYK,1
MAHA LAXMI,MAHA LAXMI,1
MAHAA,MAHAA,1
MAHAAN,MAHAAN,2
MAHALA,MAHALA,2
MAHALAKSHMI,MAHALAKSHMI,1
MAHALI,MAHALI,1
MAHALIA,MAHALIA,3
MAHANSH,MAHANSH,1
MAHANYA,MAHANYA,1
MAHARSHI,MAHARSHI,1
MAHAT,MAHAT,1
MAHAT SRIAN,MAHAT SRIAN,1
MAHATHI,MAHATHI,4
MAHAVEER,MAHAVEER,1
MAHAVIR,MAHAVIR,1
MAHAYLA,MAHAYLA,2
MAHDI,MAHDI,2
MAHDIYYAH,MAHDIYYAH,1
MAHEL,MAHEL,1
MAHELET,MAHELET,2
MAHER,MAHER,1
MAHESH,MAHESH,1
MAHI,MAHI,2
MAHIE,MAHIE,1
MAHIKA,MAHIKA,6
MAHIMA,MAHIMA,2
MAHIN,MAHIN,2
MAHIR,MAHIR,4
MAHIRA,MAHIRA,9
MAHIRWE,MAHIRWE,1
MAHISHNI,MAHISHNI,1
MAHISREE,MAHISREE,1
MAHLANI,MAHLANI,2
MAHLANIE,MAHLANIE,1
MAHLIK,MAHLIK,1
MAHLIQ,MAHLIQ,2
MAHLYA,MAHLYA,1
MAHNAZ,MAHNAZ,1
MAHNOOR,MAHNOOR,1
MAHOGANI,MAHOGANI,1
MAHOGANY,MAHOGANY,1
MAHRA,MAHRA,1
MAHSA,MAHSA,4
MAHVEENA HOSSAIN,MAHVEENA HOSSAIN,1
MAHYA,MAHYA,1
MAI,MAI,3
MAI'LYNN,MAI'LYNN,1
MAI'SON,MAI'SON,1
MAIA,MAIA,42
MAIAH,MAIAH,1
MAIBELLE,MAIBELLE,1
MAIBLE,MAIBLE,1
MAICOL,MAICOL,2
MAICY,MAICY,1
MAICYN,MAICYN,1
MAIDELYN,MAIDELYN,1
MAIDIELY,MAIDIELY,1
MAIEV,MAIEV,1
MAIJA,MAIJA,1
MAIKA,MAIKA,1
MAIKE,MAIKE,1
MAIKEL,MAIKEL,4
MAIKO,MAIKO,1
MAIKOL,MAIKOL,3
MAILA,MAILA,5
MAILAH,MAILAH,1
MAILANI,MAILANI,1
MAILE,MAILE,1
MAILEE,MAILEE,1
MAILEE-GREER,MAILEE-GREER,1
MAILEEN,MAILEEN,2
MAILEN,MAILEN,2
MAILENY,MAILENY,1
MAILEY,MAILEY,1
MAILIN,MAILIN,2
MAILO,MAILO,1
MAILY,MAILY,1
MAILYN,MAILYN,4
MAIMUNAH,MAIMUNAH,1
MAINE,MAINE,1
MAIOR,MAIOR,1
MAIRA,MAIRA,3
MAIRANI,MAIRANI,1
MAIRANY,MAIRANY,1
MAIRAV,MAIRAV,1
MAIRI,MAIRI,1
MAIRIN,MAIRIN,1
MAIRIS,MAIRIS,1
MAISEY,MAISEY,3
MAISIE,MAISIE,39
MAISON,MAISON,4
MAISY,MAISY,13
MAISYN,MAISYN,5
MAITE,MAITE,26
MAITE,MAITÉ,2
MAITHRI,MAITHRI,1
MAITREYA,MAITREYA,1
MAITREYI,MAITREYI,2
MAITRI,MAITRI,1
MAITTE,MAITTE,3
MAIVE,MAIVE,1
MAIYA,MAIYA,3
MAIYAH,MAIYAH,1
MAIZA,MAIZA,1
MAIZEY,MAIZEY,2
MAIZIE,MAIZIE,3
MAIZY,MAIZY,1
MAJA,MAJA,3
MAJAESTIC,MAJAESTIC,1
MAJD,MAJD,2
MAJEED,MAJEED,1
MAJESTY,MAJESTY,8
MAJEZTY,MAJEZTY,1
MAJOR,MAJOR,28
MAJOR HAAKAM,MAJOR HAAKAM,1
MAJOR WILLIAM,MAJOR WILLIAM,1
MAJYCAL,MAJYCAL,1
MAKAELA,MAKAELA,2
MAKAI,MAKAI,10
MAKAIA,MAKAIA,1
MAKAIAH,MAKAIAH,2
MAKAILAH,MAKAILAH,1
MAKAIO,MAKAIO,3
MAKALITA,MAKALITA,1
MAKANI,MAKANI,1
MAKAR,MAKAR,1
MAKARENA,MAKARENA,1
MAKARI,MAKARI,2
MAKAYLA,MAKAYLA,24
MAKAYLAH,MAKAYLAH,2
MAKAYLN,MAKAYLN,1
MAKBEL,MAKBEL,1
MAKEALA,MAKEALA,1
MAKEEN,MAKEEN,1
MAKENA,MAKENA,2
MAKENIZE,MAKENIZE,1
MAKENLEE,MAKENLEE,1
MAKENNA,MAKENNA,22
MAKENZEE,MAKENZEE,1
MAKENZI,MAKENZI,1
MAKENZIE,MAKENZIE,16
MAKEYA,MAKEYA,1
MAKHAI,MAKHAI,2
MAKHARI,MAKHARI,1
MAKHI,MAKHI,1
MAKHIYA,MAKHIYA,1
MAKHTAR,MAKHTAR,1
MAKI,MAKI,1
MAKINLEY,MAKINLEY,1
MAKINZIE,MAKINZIE,1
MAKISIG,MAKISIG,1
MAKIYAH,MAKIYAH,1
MAKKAH,MAKKAH,1
MAKOA,MAKOA,4
MAKOAH,MAKOAH,1
MAKONNEN,MAKONNEN,1
MAKOTO,MAKOTO,1
MAKSIM,MAKSIM,6
MAKSYM,MAKSYM,1
MAKSYMILIAN,MAKSYMILIAN,1
MAKYIAH,MAKYIAH,1
MAKYLA,MAKYLA,1
MAKYLAH,MAKYLAH,1
MAKYNZI,MAKYNZI,1
MAL'AKHI,MAL'AKHI,1
MALA,MALA,1
MALA'KAI,MALA'KAI,1
MALAAK,MALAAK,1
MALACAI,MALACAI,1
MALACHAI,MALACHAI,1
MALACHI,MALACHI,72
MALACHITE,MALACHITE,2
MALAEYAH,MALAEYAH,1
MALAHKI,MALAHKI,1
MALAHN,MALAHN,1
MALAHNI,MALAHNI,4
MALAI,MALAI,1
MALAIA,MALAIA,2
MALAIAH,MALAIAH,1
MALAINA,MALAINA,1
MALAK,MALAK,7
MALAKAI,MALAKAI,41
MALAKEI,MALAKEI,1
MALAKHAI,MALAKHAI,2
MALAKHI,MALAKHI,11
MALAKI,MALAKI,7
MALAKII,MALAKII,1
MALAKKHI,MALAKKHI,1
MALAKYAH,MALAKYAH,1
MALALA,MALALA,2
MALALI,MALALI,1
MALANA,MALANA,1
MALANI,MALANI,26
MALANIA,MALANIA,1
MALAUHN,MALAUHN,1
MALAUN,MALAUN,1
MALAUNI,MALAUNI,1
MALAYA,MALAYA,11
MALAYAH,MALAYAH,6
MALAYIAH,MALAYIAH,1
MALAYNAH,MALAYNAH,1
MALAYSHA,MALAYSHA,1
MALAYSIA,MALAYSIA,10
MALAZ,MALAZ,1
MALBINA,MALBINA,1
MALCOLM,MALCOLM,59
MALCOLMN,MALCOLMN,1
MALCOM,MALCOM,1
MALEAH,MALEAH,7
MALEANA,MALEANA,1
MALECHI,MALECHI,1
MALEE,MALEE,1
MALEEHA,MALEEHA,1
MALEEK,MALEEK,1
MALEENA,MALEENA,1
MALEHIA,MALEHIA,1
MALEHKA,MALEHKA,1
MALEIA,MALEIA,1
MALEIAH,MALEIAH,1
MALEIGH,MALEIGH,1
MALEIGHA,MALEIGHA,2
MALEK,MALEK,6
MALEKA,MALEKA,1
MALEKAI,MALEKAI,1
MALEKHAI,MALEKHAI,1
MALENA,MALENA,3
MALENI,MALENI,8
MALENIE,MALENIE,1
MALENII,MALENII,1
MALEO,MALEO,1
MALEYA,MALEYA,1
MALHAR,MALHAR,1
MALHORY,MALHORY,1
MALI,MALI,4
MALIA,MALIA,18
MALIA,MALÍA,1
MALIAH,MALIAH,4
MALIHA,MALIHA,2
MALIK,MALIK,30
MALIK ALI,MALIK ALI,1
MALIKA,MALIKA,2
MALIKAI,MALIKAI,6
MALIKE,MALIKÈ,1
MALIKHAI,MALIKHAI,1
MALIKI,MALIKI,3
MALIKIGH,MALIKIGH,1
MALIN,MALIN,2
MALINA,MALINA,6
MALINALLI,MALÍNALLI,1
MALINALY,MALINALY,1
MALINE,MALINE,1
MALINI,MALINI,2
MALIQ,MALIQ,1
MALIQUE,MALIQUE,1
MALIYA,MALIYA,3
MALIYAH,MALIYAH,23
MALIZA,MALIZA,1
MALLARY,MALLARY,1
MALLELY,MALLELY,1
MALLIE,MALLIE,1
MALLORIE,MALLORIE,1
MALLORY,MALLORY,18
MALONE,MALONE,4
MALONI,MALONI,1
MALONNY,MALONNY,1
MALOREE,MALOREE,1
MALORIE,MALORIE,3
MALORY,MALORY,1
MALOSI,MALOSI,1
MALU,MALU,1
MALYIAH,MALYIAH,1
MALYNN,MALYNN,1
MALYNNA,MALYNNA,1
MAMA,MAMA,1
MAMADOU,MAMADOU,5
MAMATHI,MAMATHI,1
MAME FATOU,MAME FATOU,1
MANA,MANÁ,1
MANAN,MANAN,1
MANARAH,MANARAH,1
MANASVI,MANASVI,1
MANASVIN,MANASVIN,1
MANASVINI,MANASVINI,1
MANASVINI SAI,MANASVINI SAI,1
MANAYA,MANAYA,1
MANDELA,MANDELA,1
MANDI,MANDI,1
MANDUHAI,MANDUHAI,1
MANDY,MANDY,2
MANEEHA,MANEEHA,1
MANHA,MANHA,3
MANIS,MANIS,1
MANNA,MANNA,1
MANNY,MANNY,4
MANOA,MANOA,1
MANOJ,MANOJ,1
MANOLO,MANOLO,6
MANRAJ,MANRAJ,1
MANSA,MANSA,2
MANSH,MANSH,1
MANSOOR,MANSOOR,1
MANSOUR,MANSOUR,1
MANSUR,MANSUR,1
MANTHAN,MANTHAN,1
MANTRA,MANTRA,2
MANTRAKSHI,MANTRAKSHI,1
MANU,MANU,4
MANUEL,MANUEL,86
MANUEL,MAÑUEL,1
MANUEL AMADO,MANUEL AMADO,1
MANUELA,MANUELA,3
MANUELITO,MANUELITO,1
MANUELLA,MANUELLA,1
MANUSRI,MANUSRI,1
MANVA,MANVA,1
MANVI,MANVI,2
MANVI SRIYA,MANVI SRIYA,1
MANVIK,MANVIK,2
MANVISH,MANVISH,1
MANVITHA,MANVITHA,2
MANYU,MANYU,2
MANZIL,MANZIL,1
MANZOOR,MANZOOR,1
MAPLE,MAPLE,8
MAQUEL,MAQUEL,1
MAQUINTAE,MAQUINTAE,1
MAR,MAR,4
MAR'LAIYAH,MAR'LAIYAH,1
MAR'LIA,MAR'LIA,1
MAR'QUEZ,MAR'QUEZ,1
MAR'SALLE,MAR'SALLE,1
MARA,MARA,22
MARA-BLU,MARA-BLU,1
MARABELLA,MARABELLA,1
MARABELLE,MARABELLE,1
MARACELI,MARACELI,1
MARAE,MARAE,1
MARAKI,MARAKI,2
MARAL,MARAL,1
MARAN,MARAN,1
MARANATA,MARANATA,1
MARAT,MARAT,1
MARAYA,MARAYA,1
MARAYLLI,MARAYLLI,1
MARBELIN,MARBELIN,1
MARBELLA,MARBELLA,6
MARBELY,MARBELY,1
MARC,MARC,8
MARC ANTHONY,MARC ANTHONY,1
MARCAIL,MARCAIL,1
MARCE,MARCE,1
MARCEL,MARCEL,9
MARCELA,MARCELA,16
MARCELENE,MARCELENE,1
MARCELES,MARCELES,1
MARCELI,MARCELI,1
MARCELINA,MARCELINA,4
MARCELINA NOEMI,MARCELINA NOEMI,1
MARCELINE,MARCELINE,23
MARCELINO,MARCELINO,8
MARCELIO,MARCELIO,1
MARCELIO ALBERTO,MARCELIO ALBERTO,1
MARCELLA,MARCELLA,10
MARCELLO,MARCELLO,4
MARCELLOUS,MARCELLOUS,1
MARCELLUS,MARCELLUS,13
MARCELLY,MARCELLY,1
MARCELO,MARCELO,54
MARCHA,MARCHA,1
MARCIA,MARCIA,5
MARCIANO,MARCIANO,4
MARCIE,MARCIE,2
MARCK,MARCK,1
MARCO,MARCO,57
MARCOS,MARCOS,56
MARCUS,MARCUS,82
MARCY,MARCY,2
MARDIYYAH,MARDIYYAH,1
MAREI,MAREI,1
MAREK,MAREK,7
MARELI,MARELI,3
MARELISE,MARELISE,1
MARELLY,MARELLY,1
MARELY,MARELY,2
MARELYN,MARELYN,2
MAREN,MAREN,34
MARENA,MARENA,1
MARGARET,MARGARET,137
MARGARET LOUISE,MARGARET LOUISE,1
MARGARIT,MARGARIT,1
MARGARITA,MARGARITA,7
MARGARITO,MARGARITO,2
MARGAU,MARGAU,1
MARGAUX,MARGAUX,18
MARGEAU,MARGEAU,1
MARGERY,MARGERY,1
MARGO,MARGO,21
MARGOT,MARGOT,155
MARGUERITE,MARGUERITE,9
MARHIAM,MARHIAM,1
MARI,MARI,10
MARI PAZ,MARÍ PAZ,1
MARI'ELLA,MARI'ELLA,1
MARIA,MARIA,163
MARIA,MARÍA,3
MARIA APOLO,MARIA APOLO,1
MARIA ISABEL,MARIA ISABEL,1
MARIA ISABELLA,MARIA ISABELLA,1
MARIA JEAN,MARIA JEAN,1
MARIA JOSE,MARIA JOSE,3
MARIA JOSE,MARIA JOSÉ,2
MARIA LUISA,MARIA LUISA,1
MARIA MARGARIDA,MARIA MARGARIDA,1
MARIA MAYA,MARIA MAYA,1
MARIA SOFIA,MARIA SOFIA,1
MARIA-ELENA,MARIA-ELENA,1
MARIA-JOSE,MARIA-JOSÉ,1
MARIABELLA,MARIABELLA,1
MARIAH,MARIAH,35
MARIAJOSE,MARIAJOSE,6
MARIAJOSE,MARÍAJOSÉ,1
MARIALIZ,MARIALIZ,1
MARIALUNA,MARIALUNA,1
MARIALY,MARIALY,1
MARIAM,MARIAM,22
MARIAMA,MARIAMA,4
MARIAMCIRE,MARIAMCIRE,1
MARIAN,MARIAN,7
MARIANA,MARIANA,90
MARIANE,MARIANE,1
MARIANE KAIRI,MARIANE KAIRI,1
MARIANGELA,MARIANGELA,2
MARIANNA,MARIANNA,18
MARIANNE,MARIANNE,7
MARIANO,MARIANO,10
MARIAPAULA,MARIAPAULA,1
MARIAPAZ,MARIAPAZ,1
MARIBEL,MARIBEL,7
MARIBEL GUADALUPE,MARIBEL GUADALUPE,1
MARIBELL,MARIBELL,1
MARIBELLA,MARIBELLA,5
MARIBELLE,MARIBELLE,3
MARICARMEN,MARICARMEN,1
MARICEL,MARICEL,1
MARICELA,MARICELA,3
MARICELA ISABEL,MARICELA ISABEL,1
MARICELLA,MARICELLA,2
MARICRUZ,MARICRUZ,1
MARIE,MARIE,22
MARIE-GISELLE,MARIÉ-GISELLE,1
MARIEANY,MARIEANY,1
MARIEL,MARIEL,6
MARIELA,MARIELA,16
MARIELI,MARIELI,1
MARIELLA,MARIELLA,6
MARIELLE,MARIELLE,6
MARIELLE ISHANI,MARIELLE ISHANI,1
MARIELY,MARIELY,4
MARIETH,MARIETH,1
MARIETT,MARIETT,1
MARIETTA,MARIETTA,5
MARIFER,MARIFER,2
MARIGOLD,MARIGOLD,27
MARILEE,MARILEE,1
MARILENA,MARILENA,1
MARILLA,MARILLA,1
MARILOLY,MARILOLY,1
MARILUNA,MARILUNA,1
MARILUZ,MARILUZ,2
MARILY,MARILY,2
MARILYN,MARILYN,28
MARILYNN,MARILYNN,5
MARIN,MARIN,14
MARINA,MARINA,27
MARINELLA,MARINELLA,1
MARINETTE,MARINETTE,1
MARINLEY,MARINLEY,1
MARINO,MARINO,1
MARIO,MARIO,58
MARIOLYS,MARIOLYS,1
MARION,MARION,14
MARIPOSA,MARIPOSA,1
MARIS,MARIS,4
MARISA,MARISA,4
MARISABELA,MARISABELA,1
MARISELA,MARISELA,5
MARISHKA,MARISHKA,1
MARISOL,MARISOL,25
MARISSA,MARISSA,7
MARISSA YASMINE,MARISSA YASMINE,1
MARIT,MARIT,1
MARITA,MARITA,1
MARITZA,MARITZA,6
MARIUS,MARIUS,1
MARIVEL,MARIVEL,1
MARIVI,MARIVÍ,1
MARIYA,MARIYA,2
MARIYAH,MARIYAH,2
MARIYAM,MARIYAM,2
MARIZA,MARIZA,1
MARIZET,MARIZET,1
MARJAAN,MARJAAN,1
MARJO,MARJO,1
MARJOLAINE,MARJOLAINE,1
MARJORIE,MARJORIE,15
MARK,MARK,85
MARK ANTHONY,MARK ANTHONY,1
MARKAITT,MARKAITT,1
MARKAN,MARKAN,1
MARKANTHONY,MARKANTHONY,1
MARKARI,MARKARI,1
MARKEAL,MARKEAL,1
MARKEESE,MARKEESE,1
MARKEIL,MARKEIL,1
MARKEL,MARKEL,1
MARKELL,MARKELL,1
MARKELLE,MARKELLE,1
MARKEYVIOUS,MARKEYVIOUS,1
MARKI,MARKI,1
MARKIE,MARKIE,1
MARKO,MARKO,5
MARKONJAY,MARKONJAY,1
MARKOS,MARKOS,1
MARKOV,MARKOV,1
MARKTELLO,MARKTELLO,1
MARKUS,MARKUS,4
MARLA,MARLA,1
MARLEE,MARLEE,14
MARLEE GRACE,MARLEE GRACE,1
MARLEEN,MARLEEN,2
MARLEENE,MARLEENE,1
MARLEIGH,MARLEIGH,8
MARLEM,MARLEM,1
MARLEN,MARLEN,2
MARLENA,MARLENA,3
MARLENE,MARLENE,9
MARLENN,MARLENN,1
MARLENY,MARLENY,4
MARLEY,MARLEY,62
MARLEY DALE,MARLEY DALE,1
MARLEY ROSE,MARLEY ROSE,1
MARLEY-JAYNE,MARLEY-JAYNE,1
MARLEY-ROSE,MARLEY-ROSE,1
MARLI,MARLI,4
MARLIE,MARLIE,9
MARLIN,MARLIN,3
MARLIN YOHANA,MARLIN YOHANA,1
MARLISE,MARLISE,1
MARLLELY,MARLLELY,1
MARLLEY,MARLLEY,1
MARLO,MARLO,8
MARLOE,MARLOE,1
MARLON,MARLON,14
MARLOW,MARLOW,13
MARLOWE,MARLOWE,33
MARLY,MARLY,2
MARNI,MARNI,1
MARNIE,MARNIE,5
MARNINA,MARNINA,1
MARO,MARO,1
MAROCCO,MAROCCO,1
MARON,MARON,1
MARQUEZ,MARQUEZ,1
MARQUIS,MARQUIS,3
MARQUISE,MARQUISE,1
MARRIE'KAE,MARRIE'KAE,1
MARRS,MARRS,1
MARS,MARS,9
MARSALINDA,MARSALINDA,1
MARSDEN,MARSDEN,1
MARSHA,MARSHA,1
MARSHALL,MARSHALL,40
MARSHAWN,MARSHAWN,1
MARSON,MARSON,1
MARTA,MARTA,5
MARTEZ,MARTEZ,1
MARTHA,MARTHA,15
MARTHA CLARE,MARTHA CLARE,1
MARTHA NIANG,MARTHA NIANG,1
MARTI,MARTI,1
MARTIN,MARTIN,62
MARTIN,MARTÍN,1
MARTINA,MARTINA,9
MARTINE,MARTINE,1
MARTINENZA,MARTINENZA,1
MARTY,MARTY,1
MARUSIA,MARUSIA,1
MARVEL,MARVEL,1
MARVELL,MARVELL,1
MARVELLA,MARVELLA,1
MARVELOUS,MARVELOUS,1
MARVELY,MARVELY,1
MARVIN,MARVIN,19
MARWA,MARWA,1
MARWAN,MARWAN,1
MARY,MARY,110
MARY CLAIRE,MARY CLAIRE,2
MARY DUBLIN,MARY DUBLIN,1
MARY ELLEN,MARY ELLEN,1
MARY HAYS,MARY HAYS,1
MARY JANE,MARY JANE,3
MARY KATHARINE,MARY KATHARINE,1
MARY KATHERINE,MARY KATHERINE,1
MARY LOU,MARY LOU,1
MARY LOUISE,MARY LOUISE,1
MARY LYNN,MARY LYNN,1
MARY MAXINE,MARY MAXINE,1
MARY'JANE,MARY'JANE,1
MARY-CLAY,MARY-CLAY,1
MARY-ELYANA,MARY-ELYANA,1
MARY-JANE,MARY-JANE,1
MARY-KATHERINE,MARY-KATHERINE,1
MARY-ROSE,MARY-ROSE,1
MARYAH,MARYAH,1
MARYAM,MARYAM,34
MARYANN,MARYANN,1
MARYANNE,MARYANNE,1
MARYBETH,MARYBETH,1
MARYCARMEN,MARYCARMEN,1
MARYELIZABETH,MARYELIZABETH,1
MARYELLA,MARYELLA,1
MARYJANE,MARYJANE,7
MARYJANEE,MARYJANEE,1
MARYJO,MARYJO,1
MARYLENN,MARYLENN,1
MARYLIN,MARYLIN,1
MARYLINDA,MARYLINDA,1
MARYLOU,MARYLOU,1
MARYLY,MARYLY,1
MARYN,MARYN,4
MARYNA,MARYNA,1
MARYSOL,MARYSOL,2
MARYUM,MARYUM,1
MARYURI,MARYURI,1
MARZIA,MARZIA,2
MARZIE,MARZIE,1
MARZIPAN,MARZIPAN,1
MASA,MASA,2
MASADIQ ABDULLA,MASADIQ ABDULLA,1
MASAHIRO,MASAHIRO,1
MASAI,MASAI,3
MASCEL,MASCEL,1
MASE,MASE,1
MASEN,MASEN,2
MASHA,MASHA,2
MASIAH,MASIAH,2
MASIKA,MASIKA,1
MASON,MASON,245
MASOOMA,MASOOMA,1
MASSARA,MASSARA,1
MASSIAH,MASSIAH,3
MASSIEL,MASSIEL,1
MASSILVA,MASSILVA,1
MASSIMILIANO,MASSIMILIANO,1
MASSIMO,MASSIMO,6
MASSIN,MASSIN,1
MASTA,MASTA,1
MASTAN,MASTAN,1
MASYN,MASYN,3
MATAYO,MATAYO,1
MATAYUS,MATAYUS,1
MATEEN,MATEEN,1
MATEENUDDIN,MATEENUDDIN,1
MATELYN,MATELYN,1
MATEO,MATEO,634
MATEO,MATEÓ,5
MATEO,MATÉO,4
MATEO,MATEÒ,1
MATEO GAEL,MATEO GAEL,1
MATEOS,MATEOS,1
MATEUS,MATEUS,2
MATHAN,MATHAN,1
MATHAYAS,MATHAYAS,1
MATHAYUS,MATHAYUS,2
MATHEO,MATHEO,12
MATHEO,MATHÉO,2
MATHEUS,MATHEUS,4
MATHEW,MATHEW,20
MATHIAS,MATHIAS,37
MATHIAS ALONSO,MATHIAS ALONSO,1
MATHIASS,MATHIASS,1
MATHIEU,MATHIEU,1
MATHILDA,MATHILDA,3
MATHILDE,MATHILDE,2
MATHIS,MATHIS,3
MATHYS,MATHYS,1
MATIAS,MATIAS,146
MATIAS,MATÍAS,16
MATIAZ,MATIAZ,1
MATIIAS,MATIIAS,1
MATILDA,MATILDA,46
MATILDA LOUISA,MATILDA LOUISA,1
MATILDAH,MATILDAH,1
MATILDE,MATILDE,1
MATISSE,MATISSE,1
MATS,MATS,1
MATT,MATT,5
MATTASYNN,MATTASYNN,1
MATTEO,MATTEO,121
MATTEO,MATTEÓ,1
MATTEUS,MATTEUS,1
MATTEW,MATTEW,1
MATTEX,MATTEX,1
MATTHAN,MATTHAN,1
MATTHEO,MATTHEO,1
MATTHEW,MATTHEW,330
MATTHEW JACOB,MATTHEW JACOB,1
MATTHEWA,MATTHEWA,1
MATTHEWS,MATTHEWS,1
MATTHIAS,MATTHIAS,24
MATTHIAS PIO JOACHIM,MATTHIAS PIO JOACHIM,1
MATTHIEU,MATTHIEU,3
MATTIA,MATTIA,3
MATTIAS,MATTIAS,6
MATTIE,MATTIE,6
MATTILYNN,MATTILYNN,1
MATTIS,MATTIS,4
MATTOX,MATTOX,2
MATTSON,MATTSON,1
MATYAS,MATYAS,1
MAUADDA,MAUADDA,1
MAUD,MAUD,2
MAUDE,MAUDE,4
MAURA,MAURA,4
MAUREEN,MAUREEN,1
MAURIANA,MAURIANA,1
MAURICE,MAURICE,4
MAURICE EMMANUEL JORIAN,MAURICE EMMANUEL JORIAN,1
MAURICIANA,MAURICIANA,1
MAURICIO,MAURICIO,37
MAURILIO,MAURILIO,1
MAURO,MAURO,12
MAUZIE,MAUZIE,1
MAVEN,MAVEN,8
MAVERIC,MAVERIC,1
MAVERICK,MAVERICK,186
MAVERIE,MAVERIE,1
MAVERIK,MAVERIK,2
MAVERY,MAVERY,1
MAVERYCK,MAVERYCK,3
MAVI,MAVI,2
MAVIE,MAVIE,4
MAVIELIN,MAVIELIN,1
MAVIS,MAVIS,16
MAVIS FAYE,MAVIS FAYE,1
MAVISON,MAVISON,1
MAVRIC,MAVRIC,1
MAVRICK,MAVRICK,2
MAVRIK,MAVRIK,2
MAVRYK,MAVRYK,1
MAVYSS,MAVYSS,1
MAWAHIB,MAWAHIB,1
MAX,MAX,178
MAX'EMILIANO,MAX'EMILIANO,1
MAXAMILLION,MAXAMILLION,1
MAXAMUS,MAXAMUS,1
MAXANDER,MAXANDER,1
MAXEEN,MAXEEN,1
MAXEN,MAXEN,4
MAXENCE,MAXENCE,1
MAXFIELD,MAXFIELD,1
MAXI,MAXI,1
MAXIM,MAXIM,14
MAXIME,MAXIME,1
MAXIMILANO,MAXIMILANO,1
MAXIMILIAAN,MAXIMILIAAN,1
MAXIMILIAM,MAXIMILIAM,1
MAXIMILIAN,MAXIMILIAN,27
MAXIMILIANA,MAXIMILIANA,1
MAXIMILIANO,MAXIMILIANO,72
MAXIMILIUS,MAXIMILIUS,1
MAXIMILLIAN,MAXIMILLIAN,3
MAXIMILLIANO,MAXÍMILLIANO,1
MAXIMILLIEN,MAXIMILLIEN,1
MAXIMINO,MAXIMINO,1
MAXIMO,MAXIMO,27
MAXIMO,MÁXIMO,6
MAXIMUS,MAXIMUS,55
MAXIMUS-AHMEDAIS,MAXIMUS-AHMEDAIS,1
MAXINE,MAXINE,39
MAXSON,MAXSON,3
MAXSTON,MAXSTON,1
MAXTEN,MAXTEN,1
MAXTON,MAXTON,3
MAXTYN,MAXTYN,2
MAXWELL,MAXWELL,151
MAXWELLE,MAXWELLE,1
MAXX,MAXX,4
MAXXIMILIAN,MAXXIMILIAN,1
MAXXIMILIANO,MAXXIMILIANO,1
MAXXINE,MAXXINE,1
MAXYN,MAXYN,1
MAXZARIA,MAXZARIA,1
MAY,MAY,10
MAYA,MAYA,258
MAYA CIRTA,MAYA CIRTA,1
MAYA DENISE,MAYA DENISE,1
MAYA TALIAH,MAYA TALIAH,1
MAYAAH,MAYAAH,1
MAYAAN,MAYAAN,1
MAYAH,MAYAH,5
MAYALIYA,MAYALIYA,1
MAYAN,MAYAN,5
MAYANKA,MAYANKA,1
MAYANN,MAYANN,1
MAYAR,MAYAR,1
MAYARAEE,MAYARAEE,1
MAYARI,MAYARI,4
MAYAROSE,MAYAROSE,1
MAYAS,MAYAS,3
MAYASA,MAYASA,1
MAYBEL,MAYBEL,2
MAYBELLINE,MAYBELLINE,2
MAYBRIE,MAYBRIE,2
MAYCO,MAYCO,2
MAYCOL,MAYCOL,2
MAYELI,MAYELI,3
MAYELY,MAYELY,1
MAYEN,MAYEN,1
MAYENABASI,MAYENABASI,1
MAYER,MAYER,2
MAYKELL,MAYKELL,1
MAYKOL,MAYKOL,2
MAYKOOL,MAYKOOL,1
MAYLA,MAYLA,6
MAYLAH,MAYLAH,1
MAYLANI,MAYLANI,2
MAYLEE,MAYLEE,5
MAYLEEN,MAYLEEN,1
MAYLEN,MAYLEN,3
MAYLETH,MAYLETH,1
MAYLETTE,MAYLETTE,1
MAYLI,MAYLI,2
MAYLIE,MAYLIE,1
MAYLIN,MAYLIN,9
MAYLINE,MAYLINE,2
MAYLIS,MAYLIS,2
MAYLYNN,MAYLYNN,1
MAYMOONAH,MAYMOONAH,1
MAYNE,MAYNE,1
MAYNOR,MAYNOR,4
MAYOBANEX,MAYOBANEX,1
MAYOLIN,MAYOLIN,1
MAYPRIC,MAYPRIC,1
MAYRA,MAYRA,12
MAYRANI,MAYRANI,1
MAYRELI,MAYRELI,1
MAYRIN,MAYRIN,1
MAYS,MAYS,3
MAYSAM,MAYSAM,1
MAYSE,MAYSE,1
MAYSEN,MAYSEN,4
MAYSIE,MAYSIE,1
MAYSLEY,MAYSLEY,1
MAYSON,MAYSON,7
MAYSOON,MAYSOON,1
MAYTE,MAYTE,5
MAYTHE,MAYTHE,1
MAYTHE,MAYTHÉ,1
MAYTTE,MAYTTE,1
MAYUK,MAYUK,1
MAYUKA,MAYUKA,1
MAYUKH,MAYUKH,2
MAYUKHA,MAYUKHA,3
MAYUMI,MAYUMI,2
MAYUMI GRACE,MAYUMI GRACE,1
MAYURA,MAYURA,1
MAYURI,MAYURI,1
MAYVA,MAYVA,1
MAYVEN-MICHELLE,MAYVEN-MICHELLE,1
MAYZIE,MAYZIE,1
MAYZLIE,MAYZLIE,1
MAZ'AHKING,MAZ'AHKING,1
MAZARINE,MAZARINE,2
MAZAYA,MAZAYA,1
MAZE,MAZE,3
MAZEN,MAZEN,2
MAZHI,MAZHI,1
MAZHIRA,MAZHIRA,1
MAZI,MAZI,6
MAZI'EON,MAZI'EON,1
MAZIAH,MAZIAH,1
MAZIE,MAZIE,6
MAZIKEEN,MAZIKEEN,4
MAZIKYN,MAZIKYN,1
MAZIR,MAZIR,1
MAZIYON,MAZIYON,2
MAZN,MAZN,1
MAZOREE,MAZOREE,1
MAZY,MAZY,2
MAZZELYN,MAZZELYN,1
MAZZI,MAZZI,1
MAZZY,MAZZY,5
MBELE,MBELE,1
MCALLISTER,MCALLISTER,1
MCARTHUR,MCARTHUR,1
MCCAFFREY,MCCAFFREY,1
MCCALL,MCCALL,2
MCCALLIE,MCCALLIE,1
MCCAMMON,MCCAMMON,1
MCCARTY,MCCARTY,1
MCCAULEY,MCCAULEY,2
MCCLAIN,MCCLAIN,2
MCCLENDON,MCCLENDON,1
MCCORD,MCCORD,1
MCCOY,MCCOY,9
MCCREADY,MCCREADY,1
MCCULLOCH,MCCULLOCH,1
MCCULLOUGH,MCCULLOUGH,1
MCCULLY,MCCULLY,1
MCGREGOR,MCGREGOR,1
MCKAYLA,MCKAYLA,3
MCKENLIE,MCKENLIE,1
MCKENNA,MCKENNA,18
MCKENZIE,MCKENZIE,26
MCKINLEE,MCKINLEE,1
MCKINLEY,MCKINLEY,16
MCKINNEY,MCKINNEY,1
MCKINNIN,MCKINNIN,1
MCKINSLEE,MCKINSLEE,1
MCKINSLEY,MCKINSLEY,1
MCKYLA,MCKYLA,1
MCKYNLEE,MCKYNLEE,1
MCKYNNA,MCKYNNA,1
MCLAIN,MCLAIN,1
MCLAYNE,MCLAYNE,1
MCLEAN,MCLEAN,1
MCPHERSON,MCPHERSON,1
ME'KAI,ME'KAI,1
ME'LI,ME'LI,1
ME'TRICE,ME'TRICE,1
MEA'JON,MEA'JÕN,1
MEABELLA,MEABELLA,1
MEABH,MEABH,1
MEADOW,MEADOW,27
MEAGAN,MEAGAN,3
MEBA,MEBA,1
MECCA,MECCA,1
MECCAIA,MECCAIA,1
MEDARDO,MEDARDO,1
MEDH,MEDH,1
MEDHA,MEDHA,4
MEDHANSH,MEDHANSH,3
MEDLEY,MEDLEY,1
MEELA,MEELA,1
MEELAH,MEELAH,1
MEENA,MEENA,2
MEENAKSHI,MEENAKSHI,2
MEER,MEER,2
MEERA,MEERA,29
MEESHA,MEESHA,3
MEET,MEET,1
MEEZAN,MEEZAN,1
MEGAN,MEGAN,27
MEGHA,MEGHA,5
MEGHAN,MEGHAN,14
MEGHANA,MEGHANA,1
MEGHNA,MEGHNA,1
MEGYN,MEGYN,1
MEHAAN,MEHAAN,2
MEHDI,MEHDI,2
MEHDY,MEHDY,1
MEHER,MEHER,5
MEHER VIDWAAN,MEHER VIDWAAN,1
MEHKI,MEHKI,1
MEHLANI,MEHLANI,2
MEHMET,MEHMET,1
MEHMOOD,MEHMOOD,1
MEHR,MEHR,2
MEHRA,MEHRA,1
MEHRAAB,MEHRAAB,1
MEHRAN,MEHRAN,1
MEHRAZ,MEHRAZ,1
MEHREEN,MEHREEN,2
MEHRIN,MEHRIN,1
MEHRMA,MEHRMA,1
MEHRVAAN,MEHRVAAN,1
MEHULI,MEHULI,1
MEI,MEI,1
MEI-SHIUNG,MEI-SHIUNG,1
MEIKA,MEIKA,1
MEIKO,MEIKO,1
MEILA,MEILA,1
MEILAH,MEILAH,2
MEILANI,MEILANI,4
MEILANI,MEÍLANI,1
MEILANI,MÉILANI,1
MEILANIA,MEILANIA,1
MEILIN,MEILIN,1
MEILYN,MEILYN,3
MEIR,MEIR,1
MEIRA IVRIA,MEÏRA IVRIA,1
MEIRADIKI,MEIRADIKI,1
MEISHA,MEISHA,2
MEKHI,MEKHI,3
MEKKO,MEKKO,1
MEKLIT,MEKLIT,2
MEKLITE,MEKLITE,1
MEL,MEL,2
MELA,MELA,1
MELADIE,MELADIE,1
MELAHNI,MELAHNI,1
MELAHNIE,MELAHNIE,1
MELALINA,MELALINA,1
MELANI,MELANI,11
MELANI,MELÁNI,1
MELANIA,MELANIA,4
MELANIE,MELANIE,140
MELANNI,MELANNI,1
MELANNIE,MELANNIE,3
MELANNY,MELANNY,2
MELANY,MELANY,50
MELAYA,MELAYA,2
MELCHIZEDEK,MELCHIZEDEK,2
MELCHOR,MELCHOR,1
MELCI,MELCI,1
MELEINE,MELEINE,1
MELEK,MELEK,4
MELENA,MELENA,1
MELENIE,MELENIE,1
MELESIO,MELESIO,1
MELEYA,MELEYA,1
MELI,MELI,1
MELIA,MELIA,2
MELIAH,MELIAH,1
MELIANA,MELÍANA,1
MELIDA,MELIDA,1
MELIHK,MELIHK,1
MELIJAH,MELIJAH,1
MELILLA,MELILLA,1
MELINA,MELINA,24
MELINAH,MELINAH,1
MELINDA,MELINDA,5
MELINE,MELINE,2
MELIODAS,MELIODAS,3
MELIS,MELIS,1
MELISA,MELISA,2
MELISSA,MELISSA,48
MELITTA,MELITTA,1
MELIYAH,MELIYAH,1
MELKIN,MELKIN,1
MELLA,MELLA,3
MELLANIE,MELLANIE,1
MELLIE,MELLIE,2
MELLO,MELLO,2
MELLONA,MELLONA,1
MELLOW,MELLOW,1
MELO,MELO,1
MELODEE,MELODEE,1
MELODI,MELODI,2
MELODIA,MELODIA,1
MELODIE,MELODIE,5
MELODII,MELODII,1
MELODY,MELODY,92
MELONA,MELONA,2
MELONIE,MELONIE,1
MELROSE,MELROSE,1
MELTEM,MELTEM,1
MELVIN,MELVIN,10
MELYNN,MELYNN,1
MEMPHIS,MEMPHIS,25
MENA,MENA,2
MENAAL,MENAAL,1
MENAL,MENAL,1
MENELIK,MENELIK,2
MENEN,MENEN,1
MENNA,MENNA,1
MER'SE,MER'SE,1
MERA,MERA,2
MERADIS,MERADIS,1
MERAKI,MERAKI,1
MERAL,MERAL,1
MERALDY,MERALDY,1
MERARI,MERARI,2
MERARY,MERARY,2
MERCE,MERCÈ,1
MERCED,MERCED,1
MERCEDE,MERCEDE,1
MERCEDES,MERCEDES,6
MERCEDEZ,MERCEDEZ,1
MERCEDIS,MERCEDIS,1
MERCER,MERCER,3
MERCI,MERCI,3
MERCIE,MERCIE,1
MERCURE,MERCURE,1
MERCY,MERCY,16
MEREDITH,MEREDITH,37
MEREDY,MEREDY,1
MEREL,MEREL,1
MERET,MERET,1
MERIA,MERIA,1
MERIC,MERIC,1
MERIDA,MERIDA,3
MERIDIAN,MERIDIAN,2
MERIEM,MERIEM,1
MERIGOLD-BEA,MERIGOLD-BEA,1
MERIH,MERIH,1
MERILIN,MERILIN,1
MERINA,MERINA,1
MERISHA,MERISHA,1
MERIT,MERIT,5
MERITT,MERITT,1
MERLIN,MERLIN,7
MERNA,MERNA,2
MERONA,MERONA,1
MERRICK,MERRICK,14
MERRIK,MERRIK,1
MERRILL,MERRILL,1
MERRIT,MERRIT,1
MERRITT,MERRITT,23
MERRIWEATHER,MERRIWEATHER,1
MERSANA,MERSANA,1
MERSENE,MERSENE,1
MERU,MERU,2
MERVEDI,MERVEDI,1
MERWA,MERWA,1
MERY,MERY,1
MERYK,MERYK,2
MERYL,MERYL,3
MERYN,MERYN,1
MESHAAL,MESHAAL,1
MESSI,MESSI,2
MESSIAH,MESSIAH,72
MESSIAH REY,MESSIAH REY,1
MESSIAS,MESSIAS,1
MESSIUS,MESSIUS,1
MESYAH,MESYAH,1
METASEBIA,METASEBIA,1
METEHAN,METEHAN,1
METHOD,METHOD,1
METT,METT,3
METZI,METZI,1
MEVAN,MEVAN,1
MEVANNEE,MEVANNEE,1
MEYAH,MEYAH,1
MEYAN,MEYAN,1
MEYDELYN,MEYDELYN,1
MEYER,MEYER,8
MEYERS,MEYERS,1
MEYLIN,MEYLIN,1
MEYRILIN,MEYRILIN,1
MEYRIN,MEYRIN,1
MEZ'MARIE,MEZ'MARIE,1
MEZMARIAH,MEZMARIAH,1
MHYLO,MHYLO,1
MI,MI,2
MI REY,MI REY,1
MI'AMOR,MI'AMOR,1
MI'CHAEL,MI'CHAEL,1
MI'KAELA,MI'KAELA,1
MI'KAYLA,MI'KAYLA,1
MI'KHAIYA,MI'KHAIYA,1
MI'KLEY,MI'KLEY,1
MI'LANI,MI'LANI,2
MI'LANNI,MI'LANNI,1
MI'LAYAH,MI'LAYAH,1
MI'LEAH,MI'LEAH,1
MI'LEYA,MI'LEYA,1
MIA,MIA,620
MIA,MÍA,13
MIA,MIÁ,1
MIA GISELE,MIA GISELE,1
MIA ISABELLA,MIA ISABELLA,2
MIA JAMES,MIA JAMES,1
MIA REIGN,MIA REIGN,1
MIA RENATA,MIA RENATA,1
MIA ROSE,MIA ROSE,1
MIA XIOMARA,MÍA XIOMARA,1
MIA YARETZI,MIA YARETZI,1
MIA-MACKENZIE,MIA-MACKENZIE,1
MIAAN,MIAAN,1
MIABELLA,MIABELLA,4
MIAFERNANDA,MIAFERNANDA,1
MIAH,MIAH,7
MIALANI,MIALANI,2
MIALINA,MIALINA,1
MIAMEEN,MIAMEEN,1
MIAMI,MIAMI,1
MIARI,MIARI,1
MIBSAM,MIBSAM,1
MICAELA,MICAELA,14
MICAELLA,MICAELLA,2
MICAH,MICAH,176
MICAIAH,MICAIAH,6
MICHA,MICHA,2
MICHAEL,MICHAEL,365
MICHAEL DAVID,MICHAEL DAVID,1
MICHAEL GEORGE,MICHAEL GEORGE,1
MICHAEL PAUL,MICHAEL PAUL,1
MICHAEL RYAN,MICHAEL RYAN,1
MICHAEL SAINT JAMES,MICHAEL SAINT JAMES,1
MICHAEL-ANTHONY,MICHAEL-ANTHONY,1
MICHAEL-JIREH,MICHAEL-JIREH,1
MICHAEL-RAY,MICHAEL-RAY,1
MICHAELA,MICHAELA,19
MICHAELANGELO,MICHAELANGELO,2
MICHAELI,MICHAELI,1
MICHAELL,MICHAELL,1
MICHAELLA,MICHAELLA,1
MICHAL,MICHAL,1
MICHEAL,MICHEAL,3
MICHEL,MICHEL,3
MICHELA,MICHELA,1
MICHELANGELO,MICHELANGELO,1
MICHELINA,MICHELINA,1
MICHELL,MICHELL,2
MICHELLE,MICHELLE,53
MICHI,MICHI,1
MICIAH,MICIAH,1
MICK,MICK,1
MICKAELA,MICKAELA,1
MICKELL,MICKELL,1
MICKEY,MICKEY,6
MICKINLEY,MICKINLEY,1
MICLO,MICLO,1
MICTLAN,MICTLAN,1
MIDAS,MIDAS,3
MIDHUNA,MIDHUNA,2
MIDORI,MIDORI,1
MIEKE,MIEKE,1
MIEL,MIEL,2
MIEL,MÍEL,1
MIELA,MIELA,1
MIESHA GIN,MIESHA GIN,1
MIGNONNE,MIGNONNE,1
MIGUEL,MIGUEL,143
MIGUEL ANGEL,MIGUEL  ANGEL,1
MIGUEL ANGEL,MIGUEL ANGEL,1
MIGUEL-ANGEL,MIGUEL-ANGEL,1
MIHA,MIHA,1
MIHAAN,MIHAAN,2
MIHAR,MIHAR,1
MIHIKA,MIHIKA,6
MIHIR,MIHIR,2
MIHIRA,MIHIRA,14
MIHIRA REDDY,MIHIRA REDDY,1
MIHRA,MIHRA,1
MIIAA,MIIAA,1
MIKA,MIKA,13
MIKA'EL,MIKA'EL,1
MIKAAL,MIKAAL,1
MIKAEEL,MIKAEEL,1
MIKAEL,MIKAEL,4
MIKAELA,MIKAELA,19
MIKAELLA,MIKAELLA,3
MIKAH,MIKAH,13
MIKAH ARELLA,MIKAH ARELLA,1
MIKAIAH,MIKAIAH,1
MIKASA,MIKASA,1
MIKAYELA,MIKAYELA,1
MIKAYL,MIKAYL,1
MIKAYLA,MIKAYLA,15
MIKAYLAH,MIKAYLAH,2
MIKAYLIE,MIKAYLIE,1
MIKAYLN,MIKAYLN,1
MIKAYLYNN,MIKAYLYNN,1
MIKE,MIKE,8
MIKE JACKSON,MIKE JACKSON,1
MIKEAL,MIKEAL,1
MIKEL,MIKEL,6
MIKELLE,MIKELLE,2
MIKENZIE,MIKENZIE,1
MIKEY,MIKEY,3
MIKHA,MIKHA,1
MIKHAEL,MIKHAEL,1
MIKHAIL,MIKHAIL,3
MIKHAILA ADELINE,MIKHAILA ADELINE,1
MIKI,MIKI,1
MIKIYAS,MIKIYAS,2
MIKKAH,MIKKAH,1
MIKKEL,MIKKEL,3
MIKKO,MIKKO,3
MIKLAS,MIKLAS,1
MIKLO,MIKLO,2
MIKO,MIKO,6
MIKOLAS,MIKOLAS,1
MIKYLAH,MIKYLAH,1
MILA,MILA,353
MILA JO,MILA JO,1
MILA-JOY,MILA-JOY,1
MILAAN,MILAAN,1
MILAD,MILAD,1
MILAGRO,MILAGRO,5
MILAGROS,MILAGROS,21
MILAH,MILAH,10
MILAHNI,MILAHNI,1
MILAKU,MILAKU,1
MILAM,MILAM,5
MILAN,MILAN,69
MILAN,MILÁN,9
MILAN,MÍLAN,1
MILANA,MILANA,11
MILANA,MÍLANA,1
MILANI,MILANI,31
MILANI',MILANI',1
MILANI-CAPRI,MILANI-CAPRI,1
MILANIA,MILANIA,5
MILANO,MILANO,1
MILANYA,MILANYA,1
MILAYA,MILAYA,2
MILDRED,MILDRED,1
MILEAUX,MILEAUX,1
MILEENA,MILEENA,3
MILEK,MILEK,1
MILENA,MILENA,14
MILENKA,MILENKA,1
MILES,MILES,362
MILEY,MILEY,10
MILEYDI,MILEYDI,1
MILEYDY,MILEYDY,2
MILI,MILI,1
MILIA,MILIA,1
MILIAN,MILIAN,1
MILIANA,MILIANA,2
MILIANE,MILIANE,1
MILIANI,MILIANI,2
MILICA,MILICA,1
MILINA,MILINA,1
MILINTICA,MILINTICA,1
MILIRA,MILIRA,2
MILIYAH,MILIYAH,1
MILKA,MILKA,2
MILLA,MILLA,3
MILLANNII,MILLANNII,1
MILLEE,MILLEE,1
MILLER,MILLER,46
MILLI,MILLI,2
MILLIAN,MILLIÁN,1
MILLIANO,MILLIANO,2
MILLICENT,MILLICENT,8
MILLIE,MILLIE,72
MILLION,MILLION,4
MILLIONI,MILLIONI,1
MILLS,MILLS,9
MILLY,MILLY,5
MILLYANI,MILLYANI,1
MILO,MILO,150
MILO-SCOTT,MILO-SCOTT,1
MILONI,MILONI,1
MILOS,MILOS,2
MILSSY,MILSSY,1
MILTON,MILTON,9
MILU,MILU,1
MILY,MILY,1
MILYANA,MILYANA,1
MIMI,MIMI,1
MINA,MINA,45
MINA SCARLET,MINA SCARLET,1
MINAAL,MINAAL,1
MINABELL,MINABELL,1
MINAH,MINAH,1
MINAI,MINAI,1
MINAMI,MINAMI,1
MINATO,MINATO,1
MINBAEV,MINBAEV,1
MINDY,MINDY,5
MINEOLA,MINEOLA,1
MINERVA,MINERVA,6
MINERVE,MINERVE,1
MINGYU,MINGYU,2
MINH,MINH,1
MINH-THU,MINH-THU,1
MINHA,MINHA,3
MINKA,MINKA,2
MINNA,MINNA,1
MINNETTE,MINNETTE,1
MINNIE,MINNIE,1
MINNOW,MINNOW,1
MINSA,MINSA,1
MINU,MINU,1
MINZA,MINZA,1
MIO,MIO,3
MIORI,MIORI,1
MIQUEAS,MIQUEAS,3
MIQUEZ,MIQUEZ,1
MIR,MIR,2
MIR ABDUL QAHAR,MIR ABDUL QAHAR,1
MIR-EL SAVANT,MÍR-EL SAVANT,1
MIRA,MIRA,35
MIRA BLYTHE,MIRA BLYTHE,1
MIRAAL,MIRAAL,2
MIRAAN,MIRAAN,1
MIRAAYA,MIRAAYA,1
MIRABEL,MIRABEL,5
MIRABELLE,MIRABELLE,3
MIRACLE,MIRACLE,21
MIRACLE JAYDEN,MIRACLE JAYDEN,1
MIRAE,MIRAE,1
MIRAJ,MIRAJ,1
MIRAJANE,MIRAJANE,1
MIRAKLE,MIRAKLE,1
MIRAL,MIRAL,2
MIRALUNA,MIRALUNA,1
MIRANDA,MIRANDA,47
MIRAYA,MIRAYA,7
MIREDDYS,MIREDDYS,1
MIREI,MIREI,1
MIREIA,MIREIA,2
MIREILLE,MIREILLE,4
MIREILLI,MIREILLI,1
MIREK,MIREK,1
MIRELLA,MIRELLA,1
MIREYA,MIREYA,17
MIREYAH,MIREYAH,1
MIRHA,MIRHA,5
MIRHAN,MIRHAN,1
MIRI,MIRI,1
MIRIAM,MIRIAM,32
MIRIAN,MIRIAN,3
MIRIEL,MIRIEL,1
MIRIELLE,MIRIELLE,3
MIRKO,MIRKO,1
MIRLEY,MIRLEY,1
MIRNITA,MIRNITA,1
MIRON,MIRON,1
MIROSLAVA,MIROSLAVA,2
MIRREN,MIRREN,2
MIRTHIKA,MIRTHIKA,1
MIRVAT,MIRVAT,1
MISA,MISA,1
MISAEL,MISAEL,23
MISCHA,MISCHA,4
MISHA,MISHA,5
MISHANG,MISHANG,1
MISHEA,MISHEA,1
MISHIKA,MISHIKA,1
MISHIKA REDDY,MISHIKA REDDY,1
MISHITA,MISHITA,1
MISHKA,MISHKA,7
MISHRI,MISHRI,1
MISK,MISK,4
MISSAEL,MISSAEL,1
MISSIE,MISSIE,1
MISSY,MISSY,1
MISTA,MISTA,1
MISTER,MISTER,1
MISTRAL,MISTRAL,1
MISTY,MISTY,2
MITCHELL,MITCHELL,16
MITCHLIANY,MITCHLIANY,1
MITHILA,MITHILA,2
MITHRA,MITHRA,4
MITHRAN,MITHRAN,2
MITIKSHA,MITIKSHA,1
MITSUKI,MITSUKI,1
MITZI,MITZI,2
MITZY,MITZY,2
MIVAAN,MIVAAN,6
MIXIE,MIXIE,1
MIXTLI,MIXTLI,2
MIYA,MIYA,4
MIYAH,MIYAH,3
MIYAKO,MIYAKO,1
MIYANI,MIYANI,2
MIYHARA,MIYHARA,1
MIYO,MIYO,1
MIYU,MIYU,1
MIZAAN,MIZAAN,1
MIZAEL,MIZAEL,1
MIZEL,MIZEL,1
MIZHY,MIZHY,1
MJ,MJ,1
MMESOMA,MMESOMA,1
MO'LAYAH,MO'LAYAH,1
MOA,MOA,1
MOAJ,MOAJ,1
MOANY,MOANY,1
MOAYED,MOAYED,2
MOBASIR,MOBASIR,1
MOBIUS,MOBIUS,1
MOBOLUWADURO,MOBOLUWADURO,1
MOCHA,MOCHA,1
MODESTO,MODESTO,2
MODESTY,MODESTY,1
MOECA,MOECA,1
MOFE,MOFE,1
MOFETOLU,MOFETOLU,1
MOHAB,MOHAB,2
MOHAMAD,MOHAMAD,2
MOHAMAD YASEEN,MOHAMAD YASEEN,1
MOHAMED,MOHAMED,5
MOHAMED AYMEN,MOHAMED AYMEN,1
MOHAMMAD,MOHAMMAD,20
MOHAMMAD BILAL,MOHAMMAD BILAL,1
MOHAMMAD ESSA,MOHAMMAD ESSA,1
MOHAMMAD NASIR,MOHAMMAD NASIR,1
MOHAMMAD NASSER,MOHAMMAD NASSER,1
MOHAMMADI,MOHAMMADI,1
MOHAMMED,MOHAMMED,11
MOHAMMED HUMZA,MOHAMMED HUMZA,1
MOHAMMED IZHAAN,MOHAMMED IZHAAN,1
MOHAN,MOHAN,3
MOHIN,MOHIN,2
MOHIT,MOHIT,1
MOHMMAD,MOHMMAD,1
MOHSIN,MOHSIN,1
MOHUN,MOHUN,1
MOIRA,MOIRA,9
MOISE,MOISE,1
MOISES,MOISES,36
MOISES,MOISÉS,12
MOISES,MOÍSES,1
MOISES DE,MOISES  DE,1
MOISESISAIAHS,MOISESISAIAHS,1
MOJOLAOLUWA,MOJOLAOLUWA,1
MOKSH,MOKSH,2
MOKSHA,MOKSHA,2
MOKSHAGNA,MOKSHAGNA,1
MOKSHASRI,MOKSHASRI,1
MOKSHITH,MOKSHITH,1
MOKSHITH SAI,MOKSHITH SAI,1
MOKSSH,MOKSSH,1
MOLAIYA,MOLAIYA,1
MOLIESEA,MOLIESEA,1
MOLLI,MOLLI,1
MOLLIE,MOLLIE,9
MOLLY,MOLLY,54
MOLLYANNE,MOLLYANNE,1
MOMINA,MOMINA,1
MOMOREOLUWA,MOMOREOLUWA,1
MONA,MONA,5
MONA SKYLA,MONA SKYLA,1
MONACO,MONACO,1
MONAE,MONAE,1
MONCERRAT,MONCERRAT,2
MONET,MONET,1
MONICA,MONICA,27
MONIQUE,MONIQUE,6
MONIT,MONIT,1
MONNA,MONNA,1
MONROE,MONROE,36
MONSE,MONSE,1
MONSERAT,MONSERAT,1
MONSERRAD,MONSERRAD,1
MONSERRAT,MONSERRAT,24
MONSERRATH,MONSERRATH,6
MONSETTE,MONSETTE,1
MONTAGUE,MONTAGUE,1
MONTANA,MONTANA,5
MONTARION,MONTARION,1
MONTE,MONTE,6
MONTEZ,MONTEZ,1
MONTEZUMA,MONTEZUMA,1
MONTGOMERY,MONTGOMERY,8
MONTI,MONTI,1
MONTRELL,MONTRELL,1
MONTRELLE,MONTRELLE,1
MONTSERRAT,MONTSERRAT,17
MONTY,MONTY,1
MONZERRAT,MONZERRAT,3
MONZERRATH,MONZERRATH,1
MOON,MOON,7
MOONA,MOONA,1
MOOREA,MOOREA,1
MOOZHAN,MOOZHAN,1
MORAYO,MORAYO,2
MORDECAI,MORDECAI,4
MORDIKAI-MUHAMMAD,MORDIKAI-MUHAMMAD,1
MOREI,MOREI,1
MORELAND,MORELAND,1
MORGAN,MORGAN,61
MORGANA,MORGANA,1
MORGANN,MORGANN,1
MORGANNA,MORGANNA,1
MORI,MORI,1
MORIAH,MORIAH,7
MORISEN,MORISEN,1
MORIYAH,MORIYAH,1
MORRIGAN,MORRIGAN,2
MORRIS,MORRIS,7
MORRISON,MORRISON,6
MORRO,MORRO,1
MORTAZA,MORTAZA,1
MOSAIAH,MOSAIAH,1
MOSAIC,MOSAIC,1
MOSBAH,MOSBAH,1
MOSEA,MOSEA,1
MOSELEY,MOSELEY,1
MOSES,MOSES,31
MOSES RANGER,MOSES RANGER,1
MOSHE,MOSHE,1
MOSI,MOSI,1
MOSIAH,MOSIAH,1
MOSSIN,MOSSIN,1
MOTAZ,MOTAZ,1
MOTLEY,MOTLEY,1
MOUBARAK,MOUBARAK,1
MOUHAMED,MOUHAMED,1
MOUKTHIDA,MOUKTHIDA,1
MOUMITA,MOUMITA,1
MOURYA,MOURYA,2
MOURYA REDDY,MOURYA REDDY,1
MOURYA SAI,MOURYA SAI,1
MOUSA,MOUSA,3
MOVAY,MOVAY,1
MOXIE,MOXIE,3
MOYA,MOYA,1
MOYOSORE,MOYOSORE,1
MOYOSOREOLUWA,MOYOSOREOLUWA,1
MOYSES,MOYSES,1
MOZART,MOZART,1
MOZELLA,MOZELLA,1
MOZELLE,MOZELLE,1
MOZIAH,MOZIAH,2
MRIDA,MRIDA,1
MRIKSNA,MRIKSNA,1
MRINAM,MRINAM,1
MRINANK,MRINANK,2
MU'AZ,MU'AZ,1
MUADH,MUADH,1
MUAFAQ,MUAFAQ,1
MUANDOH,MUANDOH,1
MUAZ,MUAZ,1
MUBASHRA,MUBASHRA,1
MUBINA,MUBINA,1
MUCHEN,MUCHEN,2
MUDASSER,MUDASSER,1
MUDITA,MUDITA,1
MUGDHA,MUGDHA,1
MUGDHA REDDY,MUGDHA REDDY,1
MUGI,MUGI,1
MUGISHA,MUGISHA,1
MUHAMMAD,MUHAMMAD,34
MUHAMMAD AHAD,MUHAMMAD AHAD,1
MUHAMMAD ALI,MUHAMMAD ALI,1
MUHAMMAD DANIYAL,MUHAMMAD DANIYAL,1
MUHAMMAD ISMAEEL,MUHAMMAD ISMAEEL,1
MUHAMMAD ISMAIL,MUHAMMAD ISMAIL,1
MUHAMMAD MUSTHAFA,MUHAMMAD MUSTHAFA,1
MUHAMMAD OMAR,MUHAMMAD OMAR,1
MUHAMMAD RASSOUL,MUHAMMAD RASSOUL,1
MUHAMMAD RAYYAN,MUHAMMAD RAYYAN,1
MUHAMMAD SUBHAN,MUHAMMAD SUBHAN,1
MUHAMMAD YASEEN,MUHAMMAD YASEEN,1
MUHAMMADRAZA,MUHAMMADRAZA,1
MUHAMMED,MUHAMMED,4
MUHAMMED HASSAN,MUHAMMED HASSAN,1
MUHIRE,MUHIRE,1
MUIR,MUIR,1
MUIREANN,MUIREANN,1
MUIZ,MUIZ,1
MUKIRE,MUKIRE,1
MUKTHA SREE,MUKTHA SREE,1
MUKUND VED,MUKUND VED,1
MUKUNDH,MUKUNDH,1
MULAN,MULAN,3
MULANNAH,MULANNAH,1
MUMINA,MUMINA,1
MUNA,MUNA,1
MUNACHI,MUNACHI,1
MUNACHISO,MUNACHISO,1
MUNAYA,MUNAYA,1
MUNAZZA,MUNAZZA,1
MUNG,MUNG,1
MUNHIRDAI,MUNHIRDAI,1
MUNI,MUNI,1
MUNIN,MUNIN,1
MUNIR,MUNIR,2
MUNROE,MUNROE,1
MUQUADAS,MUQUADAS,1
MURARI,MURARI,1
MURDOCH,MURDOCH,1
MURIEL,MURIEL,3
MURIELLE,MURIELLE,1
MURILLO,MURILLO,1
MURPHIE,MURPHIE,2
MURPHY,MURPHY,37
MURRAY,MURRAY,5
MURSAL,MURSAL,2
MUS'AB,MUS'AB,1
MUSA,MUSA,15
MUSAB,MUSAB,1
MUSAULLA HUSSAINI,MUSAULLA HUSSAINI,1
MUSAWIR,MUSAWIR,1
MUSFIRAH,MUSFIRAH,1
MUSIC,MUSIC,1
MUSKA,MUSKA,1
MUSKAAN,MUSKAAN,1
MUSSARAT,MUSSARAT,1
MUSTAFA,MUSTAFA,15
MUTHONI,MUTHONI,1
MUUTUL,MUUTUL,1
MUZAMEL,MUZAMEL,1
MUZILL,MUZILL,1
MWIPATA,MWIPATA,1
MY'AIRA,MY'AIRA,1
MY'KAILA,MY'KAILA,1
MY'KAYLAH,MY'KAYLAH,1
MY'PRINCE,MY'PRINCE,1
MYA,MYA,40
MYABELLA,MYABELLA,1
MYAH,MYAH,7
MYALIA,MYALIA,1
MYAN,MYAN,1
MYASIA,MYASIA,1
MYCAH,MYCAH,2
MYCROFT,MYCROFT,1
MYEONG,MYEONG,1
MYER,MYER,1
MYHAIRI,MYHAIRI,1
MYHEIR,MYHEIR,1
MYIA,MYIA,1
MYKA,MYKA,6
MYKAEL,MYKAEL,1
MYKAH,MYKAH,2
MYKAL,MYKAL,2
MYKAYLA,MYKAYLA,1
MYKE,MYKE,2
MYKEL,MYKEL,1
MYKENNA,MYKENNA,1
MYKHAIL,MYKHAIL,1
MYKHEILA YSABELLA,MYKHEILA YSABELLA,1
MYKING,MYKING,1
MYKO,MYKO,1
MYLA,MYLA,44
MYLAH,MYLAH,19
MYLAHN,MYLAHN,1
MYLAN,MYLAN,3
MYLEIGH,MYLEIGH,1
MYLENE,MYLENE,4
MYLES,MYLES,92
MYLES XAVIER,MYLES XAVIER,1
MYLEZ,MYLEZ,3
MYLICIA,MYLICIA,1
MYLO,MYLO,13
MYLOH,MYLOH,1
MYLON,MYLON,1
MYLYNN,MYLYNN,2
MYLZ,MYLZ,1
MYOMI,MYOMI,1
MYOMII,MYOMII,1
MYRA,MYRA,32
MYRA REDDY,MYRA REDDY,1
MYRAAN,MYRAAN,1
MYRACLE,MYRACLE,2
MYRAH,MYRAH,1
MYRECE,MYRECE,1
MYRICAL,MYRICAL,2
MYRICLE,MYRICLE,2
MYRKA,MYRKA,1
MYRNA,MYRNA,1
MYRON,MYRON,4
MYRTLE,MYRTLE,1
MYSHA,MYSHA,2
MYSTERI,MYSTERI,1
MYTHILY,MYTHILY,1
MYTHRI,MYTHRI,1
MYZIAH,MYZIAH,1
MZATI,MZATI,1
N'KYMA,N'KYMA,1
NA'EEMAH,NA'EEMAH,1
NA'ILAH,NA'ILAH,1
NA'IM,NA'IM,1
NA'JAIRE,NA'JAIRE,1
NA'KAYLA,NA'KAYLA,1
NA'KEEN,NA'KEEN,1
NA'LAHNI,NA'LAHNI,1
NA'LAYSIA,NA'LAYSIA,1
NA'LIYAH,NA'LIYAH,1
NA'MARI,NA'MARI,1
NA'RIAH,NA'RIAH,1
NA'RICH,NA'RICH,1
NA'RIYAH,NA'RIYAH,2
NA'TALYAH,NA'TALYAH,1
NA'VANI,NA'VANI,1
NA'VAUN,NA'VAUN,1
NA'VEAH,NA'VEAH,1
NA'VIYAH,NA'VIYAH,1
NA'ZAIA,NA'ZAIA,1
NA'ZAIVIAN,NA'ZAIVIAN,1
NA'ZYIA,NA'ZYIA,1
NAALIA,NAALIA,1
NAAMA,NAAMA,1
NAARAI,NAARAI,1
NAAVA,NAAVA,1
NAAVYA,NAAVYA,2
NAAZO,NAAZO,1
NABA,NABA,1
NABAA,NABAA,1
NABEEHA,NABEEHA,1
NABEEL,NABEEL,2
NABI,NABI,1
NABIL,NABIL,1
NABILA,NABILA,1
NADA,NADA,1
NADALEEN,NADALEEN,1
NADAV,NADAV,1
NADEEM,NADEEM,1
NADEEN,NADEEN,1
NADELYNE,NADELYNE,1
NADELYNN,NADELYNN,1
NADER,NADER,1
NADEZHDA,NADEZHDA,1
NADHI,NADHI,1
NADIA,NADIA,32
NADIM,NADIM,1
NADINE,NADINE,6
NADINE DOROTHY,NADINE DOROTHY,1
NADIR,NADIR,1
NADIYA,NADIYA,3
NADIYANA,NADIYANA,1
NADYA,NADYA,6
NAEEM,NAEEM,2
NAEL,NAEL,7
NAEL,NAÉL,1
NAEOMI,NAEOMI,1
NAFAS,NAFAS,1
NAFISA,NAFISA,3
NAFSAN,NAFSAN,1
NAFTALI,NAFTALI,1
NAGA AANIHA,NAGA AANIHA,1
NAGA AARYAMAN,NAGA AARYAMAN,1
NAGA MOURYA,NAGA MOURYA,1
NAGA SHAURYA,NAGA SHAURYA,1
NAHARA,NAHARA,2
NAHEEM,NAHEEM,1
NAHEL,NAHEL,1
NAHIA,NAHIA,4
NAHID,NAHID,1
NAHIM,NAHIM,1
NAHIMA,NAHIMA,1
NAHIOMY,NAHIOMY,1
NAHLA,NAHLA,8
NAHLIDGE,NAHLIDGE,1
NAHOMI,NAHOMI,4
NAHOMII,NAHOMII,1
NAHOMY,NAHOMY,8
NAHUEL,NAHUEL,1
NAHUM,NAHUM,6
NAHUM,NAHÚM,1
NAHUN,NAHUN,3
NAHZIR,NAHZIR,1
NAI,NAI,1
NAI'LE,NAI'LE,1
NAI'YAH,NAI'YAH,1
NAIA,NAIA,7
NAIA SHAE,NAIA SHAE,1
NAICHE,NAICHE,1
NAIDELYN,NAIDELYN,3
NAIDEN,NAIDEN,1
NAIELI,NAIELI,1
NAIELLI,NAIELLI,1
NAIF,NAIF,1
NAIJANICE,NAIJANICE,1
NAILA,NAILA,3
NAILA,NAÏLA,1
NAILAH,NAILAH,4
NAILEA,NAILEA,2
NAILEAH,NAILEAH,1
NAILENY,NAILENY,1
NAIM,NAIM,3
NAIMA,NAIMA,2
NAIMAH,NAIMAH,2
NAIMAL,NAIMAL,1
NAIMANI,NAIMANI,1
NAIN,NAIN,2
NAINA,NAINA,6
NAINIKA,NAINIKA,5
NAIOBI,NAIOBI,1
NAIOMI,NAIOMI,3
NAIRA,NAIRA,3
NAIROBI,NAIROBI,9
NAIROBY,NAIROBY,1
NAIROD,NAIROD,1
NAIROVI,NAIROVI,1
NAISA,NAISA,1
NAISHA,NAISHA,3
NAISHKARMYA,NAISHKARMYA,1
NAITHI,NAITHI,1
NAIVI,NAIVI,1
NAIYA,NAIYA,2
NAIYAH,NAIYAH,1
NAIYALYNN,NAIYALYNN,1
NAIYELI,NAIYELI,1
NAIYURI,NAIYURI,1
NAIZEN,NAIZEN,1
NAJA,NAJA,1
NAJAH,NAJAH,1
NAJET,NAJET,1
NAJMA,NAJMA,1
NAJMAH,NAJMAH,1
NAJWA,NAJWA,1
NAKAI,NAKAI,1
NAKARI,NAKARI,1
NAKCHATRA,NAKCHATRA,1
NAKEEN,NAKEEN,1
NAKIA,NAKIA,1
NAKOA,NAKOA,3
NAKOTA,NAKOTA,1
NAKSH,NAKSH,2
NAKSHATRA,NAKSHATRA,1
NAKSHITH,NAKSHITH,1
NAKUL,NAKUL,1
NALA,NALA,9
NALA GABRIELLE,NALA GABRIELLE,1
NALAH,NALAH,1
NALAN,NALAN,3
NALANI,NALANI,16
NALANI-ELISE,NALANI-ELISE,1
NALANY,NALANY,1
NALAYA,NALAYA,2
NALEE,NALEE,1
NALEIA,NALEIA,1
NALEIAH,NALEIAH,1
NALEYA,NALEYA,1
NALIA,NALIA,2
NALICIA,NALICÍA,1
NALLELY,NALLELY,3
NALLEYIA,NALLEYIA,1
NALLY,NALLY,1
NALU,NALU,1
NAM,NAM,1
NAMAN,NAMAN,1
NAMARI,NAMARI,1
NAMASVI,NAMASVI,2
NAMASYA,NAMASYA,1
NAMI,NAMI,2
NAMI LEE,NAMI LEE,1
NAMINE,NAMINÉ,1
NAMISH,NAMISH,3
NAMYA,NAMYA,2
NAMYA REDDY,NAMYA REDDY,1
NANA,NANA,1
NANALA,NANALA,1
NANALISE,NANALISE,1
NANAMI,NANAMI,1
NANCY,NANCY,15
NANDA,NANDA,2
NANDAN,NANDAN,2
NANDHANA,NANDHANA,1
NANDHINI,NANDHINI,1
NANDIN,NANDIN,1
NANDINI,NANDINI,3
NANDITA,NANDITA,1
NANDKISHORE,NANDKISHORE,1
NANG SARAH,NANG SARAH,1
NANI,NANI,1
NANVITHA,NANVITHA,1
NAOBI,NAOBI,1
NAOD,NAOD,1
NAOMI,NAOMI,213
NAOMI,NAOMÍ,1
NAOMIE,NAOMIE,2
NAOMIE,NAOMÏE,1
NAOMY,NAOMY,3
NAPOLEON,NAPOLEON,1
NAQIYAH,NAQIYAH,1
NAQUIE,NAQUIE,1
NARA,NARA,3
NARAI,NARAI,1
NARAJI,NARAJI,1
NARALI,NARALI,1
NARALLY,NARALLY,1
NARALY,NARALY,1
NARAN,NARAN,1
NARANNA,NARANNA,1
NARAYAN,NARAYAN,1
NARAYANA,NARAYANA,1
NARELY,NARELY,1
NAREN,NAREN,1
NARGIS,NARGIS,1
NARI,NARI,1
NARIA,NARIA,1
NARIAH,NARIAH,3
NARIJIA,NARIJIA,1
NARIMAN,NARIMAN,1
NARISSA,NARISSA,1
NARIYAH,NARIYAH,1
NARJIS,NARJIS,1
NARON,NARON,1
NART,NART,1
NARUMI,NARUMI,1
NAS,NAS,1
NASEEM,NASEEM,1
NASH,NASH,70
NASHLA,NASHLA,1
NASHLEY,NASHLEY,1
NASHLIE,NASHLIE,1
NASHLY,NASHLY,8
NASHOBA,NASHOBA,1
NASHON,NASHON,1
NASHWAN,NASHWAN,1
NASIA,NASIA,2
NASIF,NASIF,1
NASIM,NASIM,1
NASIR,NASIR,13
NASIRU,NASIRU,1
NASLY,NASLY,4
NASREEN,NASREEN,1
NASSIM,NASSIM,2
NASSIR,NASSIR,2
NASTASHA,NASTASHA,1
NASTURTIUM,NASTURTIUM,1
NAT,NAT,1
NATAEL,NATAEL,1
NATALEE,NATALEE,2
NATALEIGH,NATALEIGH,1
NATALEYA,NATALEYA,1
NATALHY,NATALHY,1
NATALI,NATALI,9
NATALIA,NATALIA,192
NATALIA,NATÁLIA,3
NATALIAH,NATALIAH,1
NATALIE,NATALIE,188
NATALIE ANNE,NATALIE ANNE,1
NATALIEGH,NATALIEGH,1
NATALIN,NATALIN,1
NATALINA,NATALINA,1
NATALIYA,NATALIYA,1
NATALLI,NATALLI,1
NATALY,NATALY,21
NATALYA,NATALYA,4
NATALYCRUZ,NATALYCRUZ,1
NATALYE,NATALYE,1
NATALYNN,NATALYNN,1
NATAN,NATAN,4
NATANAEL,NATANAEL,3
NATANIA,NATANIA,1
NATANIEL,NATANIEL,2
NATANYA,NATANYA,1
NATASA,NATASA,1
NATASCHA,NATASCHA,1
NATASHA,NATASHA,24
NATASIA,NATASIA,1
NATAY,NATAY,1
NATE,NATE,1
NATHALEE,NATHALEE,1
NATHALI,NATHALI,2
NATHALIA,NATHALIA,31
NATHALIE,NATHALIE,19
NATHALY,NATHALY,19
NATHALYN,NATHALYN,1
NATHAN,NATHAN,270
NATHANAEL,NATHANAEL,20
NATHANIA,NATHANIA,2
NATHANIAL,NATHANIAL,1
NATHANIEL,NATHANIEL,136
NATHANN,NATHANN,1
NATHEO,NATHEO,1
NATHIAS,NATHIAS,1
NATHNAEL,NATHNAEL,1
NATIAIFATUALAVAI-MALINA,NATIAIFATUALAVAI-MALINA,1
NATRE,NATRE,1
NATTALEY,NATTALEY,1
NATTALY,NATTALY,1
NATTHAN,NATTHAN,1
NATTI,NATTI,1
NATTY,NATTY,1
NATURE,NATURE,3
NAUSICAA CECILIA,NAUSICAA CECILIA,1
NAVA,NAVA,4
NAVAAB,NAVAAB,1
NAVAEH,NAVAEH,4
NAVAMY,NAVAMY,1
NAVANA,NAVANA,1
NAVAY,NAVAY,1
NAVEAH,NAVEAH,8
NAVEE,NAVEE,1
NAVEEN,NAVEEN,4
NAVEN,NAVEN,1
NAVEYA,NAVEYA,2
NAVI,NAVI,6
NAVIE,NAVIE,1
NAVIL,NAVIL,1
NAVIS,NAVIS,1
NAVISH,NAVISH,1
NAVY,NAVY,25
NAVYA,NAVYA,12
NAVYANK,NAVYANK,1
NAVYUG,NAVYUG,1
NAWFAL,NAWFAL,1
NAWIN,NAWIN,1
NAXHELY,NAXHELY,1
NAY'LANI,NAY'LANI,1
NAYA,NAYA,27
NAYAB,NAYAB,1
NAYAKA,NAYAKA,1
NAYALA,NAYALA,1
NAYAN,NAYAN,4
NAYANI,NAYANI,1
NAYARA,NAYARA,1
NAYDALEE,NAYDALEE,1
NAYDELIN,NAYDELIN,3
NAYDELINE,NAYDELINE,2
NAYEL,NAYEL,6
NAYELI,NAYELI,64
NAYELIE,NAYELIE,2
NAYELLI,NAYELLI,1
NAYELY,NAYELY,3
NAYER,NAYER,1
NAYIBE,NAYIBE,1
NAYLA,NAYLA,3
NAYLAN,NAYLAN,1
NAYLANI,NAYLANI,1
NAYLEA,NAYLEA,2
NAYLEANI,NAYLEANI,1
NAYLEEN,NAYLEEN,1
NAYLYN,NAYLYN,1
NAYMEL,NAYMEL,1
NAYOMI,NAYOMI,3
NAYRA,NAYRA,3
NAYRA LESHYA,NAYRA LESHYA,1
NAYROBI,NAYROBI,1
NAYSA,NAYSA,3
NAYVE,NAYVE,1
NAYVEE,NAYVEE,2
NAYVIE,NAYVIE,1
NAZ,NAZ,2
NAZAR,NAZAR,1
NAZARET,NAZARET,3
NAZARETH,NAZARETH,13
NAZARIO,NAZARIO,1
NAZEER,NAZEER,1
NAZEI,NAZEI,1
NAZIA,NAZIA,1
NAZIH,NAZIH,1
NAZIIR,NAZIIR,1
NAZIR,NAZIR,4
NAZIRI,NAZIRI,1
NAZLI,NAZLI,1
NAZLY,NAZLY,2
NAZRAEL,NAZRAEL,1
NAZZ,NAZZ,1
NAZZAYA,NAZZAYA,1
NDAMU,NDAMU,1
NDEYE DOREA,NDEYE DOREA,1
NDIDI,NDIDI,1
NDONGO,NDONGO,1
NE'AHMYIAH,NE'AHMYIAH,1
NE'RIYAH,NE'RIYAH,1
NE'VAEH,NE'VAEH,1
NEA,NEA,2
NEAH,NEAH,1
NEAL,NEAL,2
NEALA,NEALA,3
NEAMIN,NEAMIN,1
NEANE,NEANE,1
NEARAH,NEARAH,1
NEBAL,NEBAL,1
NEBRAS,NEBRAS,1
NEBULA,NEBULA,2
NECHEMA,NECHEMA,1
NED,NED,1
NEDA,NEDA,3
NEDALI,NEDALI,1
NEEDCH MAY,NEEDCH MAY,1
NEEHAN,NEEHAN,1
NEEKAUN,NEEKAUN,1
NEEKON,NEEKON,2
NEEL,NEEL,15
NEELA,NEELA,6
NEELEY,NEELEY,1
NEELUFAR,NEELUFAR,1
NEELY,NEELY,3
NEEMA,NEEMA,1
NEENAH,NEENAH,1
NEER,NEER,2
NEERAV,NEERAV,1
NEEV,NEEV,7
NEEVA,NEEVA,2
NEEVAH,NEEVAH,1
NEFECHI,NEFECHI,1
NEFERET,NEFERET,1
NEFERTARI,NEFERTARI,2
NEFERTARY,NEFERTARY,2
NEFERTITI,NEFERTITI,1
NEFI,NEFI,1
NEFISA,NEFISA,1
NEFTALI,NEFTALI,1
NEFTALY,NEFTALY,1
NEHA,NEHA,2
NEHAAN,NEHAAN,1
NEHAN,NEHAN,3
NEHAN MUSTAFA,NEHAN MUSTAFA,1
NEHEMIA,NEHEMIA,1
NEHEMIAH,NEHEMIAH,37
NEHEMIAS,NEHEMIAS,3
NEHIMA,NEHIMA,1
NEHMAYA,NEHMAYA,1
NEHUM,NEHUM,1
NEIAH,NEIAH,1
NEIDELYN,NEIDELYN,1
NEIKO,NEIKO,1
NEIL,NEIL,35
NEIL-WESLOR,NEIL-WESLOR,1
NEILA,NEILA,1
NEILANI,NEILANI,1
NEILANY,NEILANY,1
NEILER,NEILER,1
NEIMAR,NEIMAR,1
NEITHAN,NEITHAN,4
NEIVIA,NEIVIA,1
NEIZAN,NEIZAN,7
NEKHBET,NEKHBET,1
NEKO,NEKO,5
NELA,NELA,3
NELBA,NELBA,1
NELDA,NELDA,1
NELIA,NELIA,1
NELIDA,NELIDA,2
NELIDA,NÉLIDA,1
NELION,NELION,1
NELL,NELL,9
NELLA,NELLA,1
NELLE,NELLE,2
NELLIE,NELLIE,14
NELLY,NELLY,8
NELMARIS,NELMARIS,1
NELS,NELS,1
NELSIN,NELSIN,1
NELSON,NELSON,19
NELSY,NELSY,1
NELVIN,NELVIN,2
NELY,NELY,1
NELYA,NELYA,1
NELYERITH,NELYERITH,1
NEMARI,NEMARI,1
NEMIAN,NEMIAN,1
NEMISIS,NEMISIS,1
NENE-BINTA,NENE-BINTA,1
NEO,NEO,16
NEPHALIE,NEPHALIE,1
NEPTALY,NEPTALY,1
NEPTUNE,NEPTUNE,1
NERELY,NERELY,1
NEREYDA,NEREYDA,1
NERGIZ,NERGIZ,1
NERI,NERI,1
NERIAH,NERIAH,4
NERIJAH,NÉRIJAH,1
NERISSA,NERISSA,1
NERIYAH,NERIYAH,1
NERY,NERY,2
NES,NES,1
NESHA,NESHA,1
NESIAH,NESIAH,1
NESIHA,NESIHA,1
NESLIE JANEL,NESLIE JANEL,1
NESLIHAN,NESLIHAN,1
NESMY,NESMY,1
NESSA,NESSA,1
NESSIAH,NESSIAH,2
NESTA,NESTA,1
NESTOR,NESTOR,3
NETEYEM,NETEYEM,1
NETHAN,NETHAN,2
NETHRA,NETHRA,2
NETSIME,NETSIME,1
NETTA,NETTA,1
NETTIE,NETTIE,1
NETZACH,NETZACH,1
NEVA,NEVA,1
NEVAAN,NEVAAN,2
NEVADA,NEVADA,1
NEVAE,NEVAE,1
NEVAEAH,NEVAEAH,1
NEVAEH,NEVAEH,91
NEVAEH MILAHNI,NEVAEH MILAHNI,1
NEVAEHA,NEVAEHA,1
NEVAEHLEE,NEVAEHLEE,1
NEVAEN,NEVAEN,1
NEVE,NEVE,3
NEVEAH,NEVEAH,8
NEVELLE,NEVELLE,1
NEVENA,NEVENA,1
NEVIN,NEVIN,1
NEVINA,NEVINA,1
NEVYN,NEVYN,1
NEWELL,NEWELL,1
NEWT,NEWT,1
NEWTON,NEWTON,1
NEYA,NEYA,1
NEYAISH,NEYAISH,1
NEYCH,NEYCH,1
NEYDI,NEYDI,1
NEYLA,NEYLA,1
NEYLAN,NEYLAN,2
NEYLANI,NEYLANI,2
NEYMAR,NEYMAR,4
NEYSA,NEYSA,1
NEYSAN,NEYSAN,1
NEYTHAN,NEYTHAN,8
NEZARETH,NEZARETH,1
NGUM,NGUM,1
NGUYEN,NGUYEN,1
NHATALLY,NHATALLY,1
NHAYELI,NHAYELI,1
NHI,NHI,1
NHIEN,NHIEN,1
NHYOMIE,NHYOMIE,1
NIA,NIA,16
NIA'LEYAH,NIA'LEYAH,1
NIA'MANI,NIA'MANI,1
NIAAM,NIAAM,1
NIAH,NIAH,1
NIAH-LEAH,NIAH-LEAH,1
NIALEIGH,NIALEIGH,1
NIALL,NIALL,5
NIAM,NIAM,17
NIAMA,NIAMA,1
NIAMH,NIAMH,2
NIARA,NIARA,2
NIARIANA,NIARIANA,1
NIAV,NIAV,1
NIAYESH,NIAYESH,1
NIBHISH,NIBHISH,1
NICANDRO,NICANDRO,1
NICCO,NICCO,1
NICCOLA,NICCOLA,1
NICCOLO,NICCOLÒ,1
NICHARIYAH,NICHARIYAH,1
NICHOLAS,NICHOLAS,159
NICHOLAS ABRAHAM,NICHOLAS  ABRAHAM,1
NICHOLE,NICHOLE,6
NICHOLSON,NICHOLSON,1
NICK,NICK,10
NICKELSON,NICKELSON,1
NICKHAN,NICKHAN,1
NICKLAS,NICKLAS,1
NICKOLAI,NICKOLAI,1
NICKOLAS,NICKOLAS,7
NICKOLI,NICKOLI,1
NICKON,NICKON,1
NICKY,NICKY,1
NICO,NICO,73
NICO MATTHEW,NICO MATTHEW,1
NICODEMUS,NICODEMUS,2
NICOL,NICOL,3
NICOLA,NICOLA,1
NICOLAI,NICOLAI,2
NICOLAS,NICOLAS,138
NICOLAS,NICOLÁS,17
NICOLAS ROBERT,NICOLAS ROBERT,1
NICOLE,NICOLE,45
NICOLETTE,NICOLETTE,4
NICOLINA,NICOLINA,1
NICOLLE,NICOLLE,3
NICOY,NICOY,1
NICTE,NICTE,1
NIDHI,NIDHI,5
NIDHVIK,NIDHVIK,1
NIDIA,NIDIA,1
NIEKO,NIEKO,2
NIELS,NIELS,2
NIEV,NIEV,1
NIEVES,NIEVES,1
NIFEMI,NIFEMI,1
NIGEL,NIGEL,1
NIGHTLEY,NIGHTLEY,2
NIHA,NIHA,1
NIHAAL,NIHAAL,2
NIHAAN,NIHAAN,3
NIHAAN SAI,NIHAAN SAI,1
NIHAL,NIHAL,8
NIHAN,NIHAN,2
NIHANTH,NIHANTH,2
NIHARIKA,NIHARIKA,5
NIHASVI,NIHASVI,1
NIHATHI,NIHATHI,1
NIHEERA,NIHEERA,1
NIHEET,NIHEET,1
NIHILUS,NIHILUS,1
NIHIRA,NIHIRA,12
NIHIT,NIHIT,1
NIHITH,NIHITH,2
NIHITHA,NIHITHA,1
NIHYLA,NIHYLA,1
NIJAUNE,NIJAUNE,1
NIKA,NIKA,6
NIKAN,NIKAN,2
NIKE,NIKE,1
NIKE ALESSANDRA,NIKE ALESSANDRA,1
NIKHIL,NIKHIL,5
NIKHIL REDDY,NIKHIL REDDY,1
NIKHILA,NIKHILA,1
NIKHITA,NIKHITA,1
NIKHOLAS,NIKHOLAS,1
NIKI,NIKI,1
NIKITA,NIKITA,6
NIKITHA,NIKITHA,2
NIKKI,NIKKI,3
NIKKITHA SAISRI,NIKKITHA SAISRI,1
NIKKO,NIKKO,6
NIKKOLAI,NIKKOLAI,1
NIKKOLAS,NIKKOLAS,1
NIKLAUS,NIKLAUS,3
NIKLO,NIKLO,1
NIKO,NIKO,58
NIKOAH,NIKOAH,1
NIKODA,NIKODA,1
NIKODEM,NIKODEM,2
NIKOLA,NIKOLA,17
NIKOLAI,NIKOLAI,28
NIKOLAO,NIKOLAO,1
NIKOLAS,NIKOLAS,27
NIKOLAS,NIKOLÁS,1
NIKOLAUS,NIKOLAUS,3
NIKOLE,NIKOLE,1
NIKOLI,NIKOLI,1
NIKOS,NIKOS,1
NIKSHAY,NIKSHAY,1
NIKSHITH,NIKSHITH,1
NIKTE,NIKTÉ,1
NILA,NILA,11
NILAANI,NILAANI,1
NILAE,NILAE,1
NILAN,NILAN,6
NILAN VISHNU,NILAN VISHNU,1
NILAYA,NILAYA,2
NILE,NILE,3
NILEENA,NILEENA,1
NILES,NILES,2
NILEYISSA,NILEYISSA,1
NILSA,NILSA,1
NILSEN,NILSEN,1
NILSON,NILSON,1
NILTON,NILTON,1
NILUFER,NILUFER,1
NILYNN,NILYNN,1
NIMALAN,NIMALAN,2
NIMALI,NIMALI,1
NIMBUS,NIMBUS,1
NIMERAH,NIMERAH,1
NIMISH,NIMISH,1
NINA,NINA,60
NINA FERN,NINA FERN,1
NINA VIVIENNE,NINA VIVIENNE,1
NINCYE,NINCYE,1
NINFA,NINFA,1
NINO,NINO,2
NINO,NIÑO,1
NINOSKA,NINOSKA,1
NIOMI,NIOMI,1
NIPSEY,NIPSEY,1
NIRA,NIRA,1
NIRA REDDY,NIRA REDDY,1
NIRALI,NIRALI,1
NIRALYA,NIRALYA,2
NIRANJAN,NIRANJAN,1
NIRANJANA,NIRANJANA,2
NIRAV,NIRAV,2
NIRBHAY,NIRBHAY,1
NIRDESH,NIRDESH,1
NIRDESHIKA,NIRDESHIKA,1
NIRELLE,NIRELLE,1
NIRMAI,NIRMAI,1
NIRMOHA,NIRMOHA,1
NIRUKTA,NIRUKTA,1
NIRVAAN,NIRVAAN,6
NIRVAAN KRISHNA,NIRVAAN KRISHNA,1
NIRVAHN,NIRVAHN,1
NIRVAIR,NIRVAIR,1
NIRVAN,NIRVAN,6
NIRVANA,NIRVANA,2
NIRVANAH,NIRVANAH,1
NIRVAY,NIRVAY,2
NIRVI,NIRVI,5
NIRVI RAO,NIRVI RAO,1
NIRVIK,NIRVIK,1
NIRVIKARA,NIRVIKARA,1
NISCHAY,NISCHAY,2
NISHA,NISHA,3
NISHAN REDDY,NISHAN REDDY,1
NISHANT,NISHANT,1
NISHCHAY,NISHCHAY,1
NISHI,NISHI,2
NISHIDHA,NISHIDHA,1
NISHIKA,NISHIKA,1
NISHIN,NISHIN,1
NISHITHA,NISHITHA,1
NISHKA,NISHKA,2
NISHRITH,NISHRITH,1
NISHTA,NISHTA,1
NISHTHA,NISHTHA,3
NISHVIKA,NISHVIKA,1
NISSI,NISSI,1
NITAKSH,NITAKSH,1
NITARA,NITARA,5
NITE,NITE,1
NITHARA REDDY,NITHARA REDDY,1
NITHARV,NITHARV,1
NITHILA,NITHILA,1
NITHIN,NITHIN,1
NITHYA,NITHYA,4
NITI,NITI,1
NITIKA,NITIKA,1
NITIN,NITIN,1
NITISHA,NITISHA,1
NITTAI,NITTAI,1
NITTARA,NITTARA,1
NITYA,NITYA,8
NITYA SRIYANSHI,NITYA SRIYANSHI,1
NITYANSH,NITYANSH,1
NITZA,NITZA,2
NITZY,NITZY,1
NIVA,NIVA,5
NIVAAN,NIVAAN,1
NIVAASH,NIVAASH,1
NIVALNIS,NIVALNIS,1
NIVAM REDDY,NIVAM REDDY,1
NIVAZ,NIVAZ,1
NIVED,NIVED,1
NIVEDH,NIVEDH,2
NIVETHA,NIVETHA,1
NIVI,NIVI,3
NIVIKA,NIVIKA,2
NIVIN,NIVIN,2
NIVIRA,NIVIRA,1
NIVIT,NIVIT,1
NIVITH,NIVITH,1
NIVRITHI,NIVRITHI,1
NIVRITHI RAMA,NIVRITHI RAMA,1
NIVRITI,NIVRITI,1
NIVRITTI,NIVRITTI,1
NIVYA,NIVYA,1
NIXIA,NIXIA,1
NIXON,NIXON,8
NIYA,NIYA,10
NIYADHI,NIYADHI,1
NIYAH,NIYAH,3
NIYAN,NIYAN,1
NIYANA,NIYANA,1
NIYANNA,NIYANNA,1
NIYARA,NIYARA,3
NIYARI,NIYARI,1
NIYATI,NIYATI,1
NIYLA,NIYLA,2
NIZA,NIZA,1
NIZARALY,NIZARALY,1
NIZIGAMA,NIZIGAMA,1
NIZZIAH,NIZZIAH,1
NKEMDILIM,NKEMDILIM,1
NKUNZI,NKUNZI,1
NNAEMEKA-ROYAL,NNAEMEKA-ROYAL,1
NNAMDI,NNAMDI,2
NNEJI,NNEJI,1
NO'EL,NO'EL,1
NOA,NOA,52
NOAAH,NOAAH,1
NOAH,NOAH,726
NOAH ANGELO,NOAH ANGELO,1
NOAH LYNN,NOAH LYNN,1
NOAH MOHANAD,NOAH MOHANAD,1
NOAH REN,NOAH REN,1
NOAH TAIZYA,NOAH TAIZYA,1
NOAH VAUN,NOAH VAUN,1
NOAH WINNER,NOAH WINNER,1
NOAHM,NOAHM,1
NOAM,NOAM,9
NOAMI,NOAMI,1
NOAMY,NOAMY,1
NOAR,NOAR,1
NOAVAH,NOAVAH,1
NOBELINA,NOBELINA,1
NOBLE,NOBLE,14
NOE,NOE,21
NOE,NOÉ,8
NOE'LANI,NOE'LANI,1
NOEHMI,NOEHMI,1
NOEL,NOEL,51
NOELADAISY,NOELADAISY,1
NOELANI,NOELANI,5
NOELIA,NOELIA,10
NOELIAH,NOELIAH,1
NOELIS,NOELIS,1
NOELLA,NOELLA,1
NOELLE,NOELLE,57
NOELLE MARIE,NOELLE MARIE,1
NOELLE WILDE,NOELLE WILDE,1
NOELLY,NOELLY,1
NOELY,NOELY,4
NOEMEIGH,NOÈMEIGH,1
NOEMI,NOEMI,36
NOEMI,NOEMÍ,2
NOEMI,NOÉMI,1
NOEMIE,NOEMIE,3
NOEMIE,NOÉMIE,1
NOEMY,NOEMY,2
NOGA,NOGA,1
NOHA,NOHA,1
NOHAM,NOHAM,1
NOHE,NOHE,1
NOHEK,NOHEK,1
NOHELANI,NOHELANI,1
NOHELIA,NOHELIA,1
NOHELY,NOHELY,2
NOHEMI,NOHEMI,3
NOHMIE,NOHMIE,1
NOHRA,NOHRA,1
NOIR,NOIR,1
NOKKS,NOKKS,1
NOLA,NOLA,16
NOLA'LEE,NOLA'LEE,1
NOLAN,NOLAN,258
NOLAND,NOLAND,2
NOLANN,NOLANN,1
NOLAWI,NOLAWI,2
NOLBERTO,NOLBERTO,2
NOLEN,NOLEN,2
NOLI,NOLI,1
NOLINA,NOLINA,1
NOLLY,NOLLY,1
NOLVIN,NOLVIN,3
NOLYN,NOLYN,1
NOMAR,NOMAR,1
NOMI,NOMI,2
NOOH,NOOH,1
NOOMI,NOOMI,1
NOON,NOON,1
NOOR,NOOR,14
NOORA,NOORA,2
NOOREH,NOOREH,1
NOORI,NOORI,2
NOORULLAH,NOORULLAH,1
NOORVI,NOORVI,1
NOORZALA,NOORZALA,1
NOORZIA,NOORZIA,1
NOOSHA,NOOSHA,1
NORA,NORA,241
NORA ISABEL,NORA ISABEL,1
NORA JEAN,NORA  JEAN,1
NORA-MARIE,NORA-MARIE,1
NORAA,NORAA,2
NORAH,NORAH,95
NORALEE,NORALEE,2
NORBERTO,NORBERTO,2
NORBIN,NORBIN,1
NOREEN,NOREEN,2
NOREL,NOREL,1
NORI,NORI,8
NORIAH,NORIAH,2
NORIAN,NORIAN,1
NORIANA,NORIANA,1
NORIANNA,NORIANNA,1
NORIE,NORIE,1
NORINA,NORINA,2
NORIOGHENE,NORIOGHENE,1
NORIS,NORIS,1
NORLA,NORLA,1
NORLAN,NORLAN,1
NORLAND,NORLAND,1
NORMA,NORMA,5
NORMA VIVIENNE,NORMA VIVIENNE,1
NORMAN,NORMAN,8
NORRIS,NORRIS,1
NORVIN,NORVIN,1
NOSAGIERAGBON,NOSAGIERAGBON,1
NOTWE SUNAIRAH,NOTWE SUNAIRAH,1
NOUMAN,NOUMAN,1
NOUR,NOUR,5
NOURA,NOURA,3
NOURAH,NOURAH,1
NOUREEN,NOUREEN,1
NOURHENE,NOURHENE,1
NOURI,NOURI,2
NOVA,NOVA,167
NOVA LEMKOVA,NOVA LEMKOVA,1
NOVA-OLIVIA,NOVA-OLIVIA,1
NOVA-RAE,NOVA-RAE,1
NOVABELLE,NOVABELLE,1
NOVAH,NOVAH,12
NOVAK,NOVAK,1
NOVALEE,NOVALEE,10
NOVALEIGH,NOVALEIGH,4
NOVALYNA,NOVALYNA,1
NOVALYNN,NOVALYNN,1
NOVAY,NOVAY,1
NOVELLA,NOVELLA,2
NOVEMBER,NOVEMBER,1
NOVI,NOVI,3
NOVIA,NOVIA,1
NOVIE,NOVIE,1
NOVINA,NOVINA,1
NOVYMBER,NOVYMBER,1
NOX,NOX,1
NOZEL,NOZEL,1
NRUPEN RAMTHA,NRUPEN RAMTHA,1
NUAH,NUAH,1
NUALA,NUALA,1
NUANI,NUANI,1
NUH,NUH,1
NUHA,NUHA,3
NUHAMI,NUHAMI,1
NUHAMIN,NUHAMIN,2
NUMIDIA,NUMIDIA,1
NUNGI,NUNGI,1
NUR,NUR,2
NURA,NURA,5
NURAIZ,NURAIZ,2
NURI,NURI,2
NURIA,NURIA,1
NURIYA,NURIYA,1
NURU,NURU,2
NURVI,NURVI,1
NURY,NURY,1
NUSAIBA,NUSAIBA,1
NUSAYBA,NUSAYBA,1
NUSAYBAH,NUSAYBAH,1
NUSRET,NUSRET,1
NUVAL,NUVAL,1
NUVANSH,NUVANSH,1
NUVIA,NUVIA,2
NWANDO,NWANDO,1
NY'ANNAH,NY'ANNAH,1
NY'JAHLON,NY'JAHLON,1
NY'LANI,NY'LANI,1
NY'LO,NY'LO,1
NY'OMI,NY'OMI,1
NYA,NYA,3
NYA'LEE,NYA'LEE,1
NYAELA,NYAELA,1
NYAH,NYAH,3
NYAHNI,NYAHNI,1
NYAIRE,NYAIRE,1
NYAMELI,NYAMELI,1
NYANA,NYANA,1
NYANNA,NYANNA,2
NYEIANA,NYEIANA,1
NYELLIE,NYELLIE,1
NYEMAH,NYEMAH,1
NYENTY,NYENTY,1
NYERA,NYERA,1
NYHA,NYHA,2
NYILAYAH,NYILAYAH,1
NYINX,NYINX,1
NYJAH,NYJAH,2
NYKEEM,NYKEEM,1
NYKOHLI,NYKOHLI,1
NYLA,NYLA,58
NYLAH,NYLAH,19
NYLAN,NYLAN,1
NYLANI,NYLANI,1
NYLE,NYLE,9
NYLEENA,NYLEENA,1
NYLES,NYLES,1
NYLEVE,NYLEVE,1
NYLLA,NYLLA,1
NYLO,NYLO,1
NYMERIA,NYMERIA,2
NYMISHA,NYMISHA,1
NYNA,NYNA,1
NYOMI,NYOMI,10
NYOMII,NYOMII,1
NYOTA,NYOTA,1
NYRA,NYRA,28
NYRAH,NYRAH,2
NYRAQ,NYRAQ,1
NYREE,NYREE,1
NYROBI,NYROBI,1
NYSA,NYSA,1
NYSHA,NYSHA,2
NYSHADHA,NYSHADHA,1
NYSIR,NYSIR,1
NYSSA,NYSSA,2
NYUN,NYUN,1
NYX,NYX,2
NYZHIA,NYZHIA,1
NYZURI,NYZURI,1
NZURI,NZURI,1
O'BRIEE,O'BRIEE,1
O'DAN,O'DAN,1
O'ESHA,O'ESHA,1
O'LANNA,O'LANNA,1
O'MARI,O'MARI,2
O'MEGA,O'MEGA,1
O'MEGKAH,O'MEGKAH,1
O'NEAL,O'NEAL,1
O'NIYAH,O'NIYAH,1
O'RIAN,O'RIAN,1
O'RYA,O'RYA,1
O'RYIAH,O'RYIAH,1
O'SHEA,O'SHEA,2
OAK,OAK,4
OAKAI,OAKAI,1
OAKEN,OAKEN,1
OAKES,OAKES,3
OAKLAND,OAKLAND,4
OAKLEE,OAKLEE,9
OAKLEI,OAKLEI,1
OAKLEIGH,OAKLEIGH,2
OAKLEN,OAKLEN,3
OAKLEY,OAKLEY,33
OAKLIE,OAKLIE,1
OAKLYN,OAKLYN,8
OAKLYNN,OAKLYNN,11
OBADYAH,OBADYAH,1
OBAKAMISI,OBAKAMISI,1
OBED,OBED,4
OBEDIAH,OBEDIAH,1
OBERON,OBERON,3
OBERYN,OBERYN,2
OBERYNN,OBERYNN,1
OBI,OBI,3
OBICHUKWU,OBICHUKWU,1
OBIE,OBIE,1
OBINNA,OBINNA,1
OBSIDIAN,OBSIDIAN,1
OCEAN,OCEAN,25
OCEAN,OCÉAN,1
OCEANE,OCEANE,2
OCEANO,OCÉANO,1
OCHRE,OCHRE,1
OCIE,OCIE,1
OCIEL,OCIEL,1
OCTAVIA,OCTAVIA,12
OCTAVIAN,OCTAVIAN,4
OCTAVIANO,OCTAVIANO,2
OCTAVIER,OCTAVIER,1
OCTAVIO,OCTAVIO,19
OCTAVIOUS,OCTAVIOUS,1
OCTAVIUS,OCTAVIUS,1
ODA,ODA,1
ODALYS,ODALYS,2
ODAN,ODAN,1
ODAVE,ODAVÉ,1
ODELL,ODELL,1
ODELLA,ODELLA,1
ODELLE,ODELLE,1
ODEM,ODEM,1
ODEN,ODEN,2
ODER,ODER,1
ODESSA,ODESSA,2
ODETTE,ODETTE,5
ODETTH,ODETTH,1
ODIA,ODIA,1
ODIE,ODIE,1
ODILE,ODILE,1
ODILON,ODILON,1
ODIN,ODIN,36
ODINAH,ODINAH,1
ODYSS,ODYSS,1
ODYSSEAS,ODYSSEAS,1
ODYSSEUS,ODYSSEUS,3
OENYX,OENYX,1
OFELIA,OFELIA,4
OFILIA,OFILIA,1
OFURE,OFURE,1
OGHENEKEVWE,OGHENEKEVWE,1
OGHENEKOME,OGHENEKOME,1
OGHENEMARO,OGHENEMARO,1
OGHOSA,OGHOSA,1
OGLAN,OGLAN,1
OHEMAA,OHEMAA,1
OHLEN,OHLEN,1
OHM,OHM,1
OHTLI,OHTLI,1
OISHI,OISHI,1
OISIN,OISIN,1
OJAS,OJAS,3
OJASVI,OJASVI,1
OJENA,OJENA,1
OJIUGO,OJIUGO,1
OKLYN,OKLYN,1
OKTOBHER,OKTOBHER,1
OKUBO,OKUBO,1
OKWANHI IZOUWA,OKWANHI IZOUWA,1
OLABISI,OLABISI,1
OLAJAWUN,OLAJAWUN,1
OLALLA,OLALLA,1
OLAMAIE,OLAMAIE,1
OLAN,OLAN,3
OLANNA,OLANNA,2
OLATAYO,OLATAYO,1
OLATOKUNBO,OLATOKUNBO,1
OLAUNI,OLAUNÍ,1
OLBIN,OLBIN,1
OLEG,OLEG,1
OLEK,OLEK,1
OLEKSIY,OLEKSIY,1
OLEN,OLEN,4
OLENA,OLENA,1
OLENNA,OLENNA,1
OLETA,OLETA,1
OLGA,OLGA,4
OLIA AVIA,OLIA AVIA,1
OLIMPIA,OLIMPIA,1
OLIN,OLIN,4
OLINA,OLINA,3
OLINCE,OLINCE,1
OLIVA,OLIVA,1
OLIVE,OLIVE,119
OLIVER,OLIVER,650
OLIVER,ÓLIVER,1
OLIVER LOGAN,OLIVER LOGAN,1
OLIVER LOUIS,OLIVER LOUIS,1
OLIVER WREN,OLIVER WREN,1
OLIVERIO,OLIVERIO,1
OLIVIA,OLIVIA,720
OLIVIA RAY,OLIVIA RAY,1
OLIVIA REESE,OLIVIA REESE,1
OLIVIA ROSE,OLIVIA ROSE,1
OLIVIA YAELLE,OLIVIA YAELLE,1
OLIVIANA,OLIVIANA,1
OLIVIANNA,OLIVIANNA,1
OLIVIENNE,OLIVIENNE,1
OLIVIER,OLIVIER,5
OLLI,OLLI,1
OLLIANA,OLLIANA,2
OLLIE,OLLIE,10
OLLISTER,OLLISTER,1
OLLIVANDER,OLLIVANDER,1
OLMA,OLMA,1
OLMAN,OLMAN,4
OLMER,OLMER,1
OLORUN,OLORUN,1
OLSEN,OLSEN,2
OLSON,OLSON,1
OLUNNA,OLUNNA,1
OLUOMACHUKWU,OLUOMACHUKWU,1
OLUSADE,OLUSADE,1
OLUWABUNMI,OLUWABUNMI,1
OLUWADAMINI,OLUWADAMINI,1
OLUWADAMIPE,OLUWADAMIPE,1
OLUWAFIKAYOMI,OLUWAFIKAYOMI,1
OLUWAFIREBOMI,OLUWAFIREBOMI,1
OLUWAFISAYO,OLUWAFISAYO,1
OLUWAGBEMILEKE,OLUWAGBEMILEKE,1
OLUWAKAYODE WARISI,OLUWAKAYODE WARISI,1
OLUWAKEMISOLA,OLUWAKEMISOLA,1
OLUWAKIMILAYA,OLUWAKIMILAYA,1
OLUWALESI,OLUWALESI,1
OLUWALOVE,OLÚWALOVE,1
OLUWAREMILEKUN,OLUWAREMILEKUN,1
OLUWASHINDARA,OLUWASHINDARA,1
OLUWASIMISOLA,OLUWASIMISOLA,1
OLUWATAMILORE,OLUWATAMILORE,1
OLUWATISHE,OLUWATISHE,2
OLUWATOBI,OLUWATOBI,1
OLUWATOSIN,OLUWATOSIN,1
OLVIN,OLVIN,6
OLYMPIA,OLYMPIA,8
OLYVER,OLYVER,2
OLYVIA,OLYVIA,2
OM,OM,7
OMAAN,OMAAN,1
OMAI,OMAI,1
OMAIR,OMAIR,1
OMAR,OMAR,95
OMAR AHMED,OMAR AHMED,1
OMARI,OMARI,19
OMAURI,OMAURI,1
OMAYA,OMAYA,1
OMEED,OMEED,1
OMEGA,OMEGA,2
OMER,OMER,3
OMERO,OMERO,1
OMI,OMI,2
OMID,OMID,1
OMIKA,OMIKA,3
OMISHA,OMISHA,1
OMIYON,OMIYON,1
OMKAR,OMKAR,1
OMMAR,OMMAR,1
OMOMAYOWA,OMOMAYOWA,1
OMOTADE,OMOTADE,1
OMOTOLA,OMOTOLA,1
OMOTORE,OMOTORE,1
OMRAM,OMRAM,1
OMRI,OMRI,2
OMUNIQUE,OMUNIQUE,1
ON'YXX,ON'YXX,1
ONA,ONA,4
ONDINE,ONDINE,1
ONDREAZ,ONDREAZ,1
ONEDAY,ONEDAY,1
ONEL,ONEL,2
ONERA,ONERA,1
ONESIMO,ONESIMO,1
ONESIMO,ONÉSIMO,1
ONESTY,ONESTY,1
ONIEL,ONIEL,1
ONIYA,ONIYA,1
ONNI,ONNI,2
ONOFRE,ONOFRE,1
ONYINYE,ONYINYE,1
ONYINYECHI,ONYINYECHI,2
ONYINYECHUKWU,ONYINYECHUKWU,1
ONYX,ONYX,26
ONYXX,ONYXX,1
OONA,OONA,3
OONAGH,OONAGH,1
OONIE,OONIE,1
OORVI,OORVI,1
OPAL,OPAL,35
OPHELEA,OPHELEA,1
OPHELIA,OPHELIA,37
OPHELLIA,OPHELLIA,1
OPHIR,OPHIR,2
OPIE,OPIE,2
OR'MANI,OR'MANI,1
ORA,ORA,2
ORACIO,ORACIO,1
ORACLE,ORACLE,2
ORADELE,ORADELE,1
ORALIA,ORALIA,3
ORAN,ORAN,1
ORAY,ORAY,1
ORBELIN,ORBELIN,1
ORCHID,ORCHID,2
OREB,OREB,1
OREE,OREE,1
OREL,OREL,1
OREN,OREN,11
OREOLUWA,OREOLUWA,1
ORESTES,ORESTES,1
ORFA,ORFA,1
ORI,ORI,4
ORIAH,ORIAH,1
ORIAN,ORIAN,1
ORIANA,ORIANA,6
ORIELLE,ORIELLE,1
ORIHIME,ORIHIME,2
ORIN,ORIN,6
ORION,ORION,53
ORIYAH,ORIYAH,2
ORLA,ORLA,1
ORLA,ÓRLA,1
ORLAN,ORLÁN,1
ORLANDO,ORLANDO,27
ORLEE,ORLEE,1
ORLI,ORLI,1
ORLIN,ORLIN,2
ORLY,ORLY,2
ORLYN,ORLYN,1
ORNA,ORNA,1
ORRI,ORRI,1
ORRIN,ORRIN,1
ORRISH,ORRISH,1
ORSON,ORSON,8
ORVELIN,ORVELIN,1
ORYA,ÓRYA,1
ORYN,ORYN,3
OSAGIE,OSAGIE,1
OSANI,OSANI,1
OSASUMWEN,OSASUMWEN,1
OSASUYI,OSASUYI,1
OSBALDO,OSBALDO,1
OSBORN,OSBORN,1
OSBORNE,OSBORNE,2
OSCAR,OSCAR,133
OSCAR,ÓSCAR,1
OSCAR,ÕSCAR,1
OSCO,OSCO,1
OSCOTTY,OSCOTTY,1
OSDUEL,OSDUEL,1
OSEIAS,OSEIAS,4
OSHEA REI,OSHEA REI,1
OSHER,OSHER,1
OSHMI,OSHMI,1
OSIAH,OSIAH,1
OSIAS,OSIAS,1
OSIEL,OSIEL,23
OSINACHI,OSINACHI,1
OSIRIS,OSIRIS,11
OSKAR,OSKAR,6
OSLEIDY,OSLEIDY,1
OSLEY,OSLEY,1
OSLO,OSLO,12
OSLYN,OSLYN,1
OSMA,OSMA,1
OSMAN,OSMAN,11
OSMAR,OSMAR,3
OSMAR OCTAVIO,OSMAR OCTAVIO,1
OSMARY,OSMARY,2
OSMAYLIN,OSMAYLIN,1
OSMI,OSMI,1
OSMIN,OSMIN,2
OSMOND,OSMOND,2
OSNA,OSNA,1
OSNAN,OSNAN,1
OSRIC,OSRIC,1
OSSIAN,OSSIAN,1
OSSIEL,OSSIEL,1
OSTIN,OSTIN,1
OSVALDO,OSVALDO,12
OSVANNY,OSVANNY,1
OSVIN,OSVIN,1
OSWALD,OSWALD,4
OSWALDO,OSWALDO,3
OSWIN,OSWIN,3
OSWYN,OSWYN,1
OSYRUS,OSYRUS,1
OTAVIO,OTAVIO,1
OTCHALLY ELEGANCIA,OTCHALLY ELEGÂNCIA,1
OTHA,OTHA,1
OTHELLO,OTHELLO,2
OTHMAN,OTHMAN,1
OTHNIEL,OTHNIEL,1
OTILIA,OTILIA,1
OTIS,OTIS,39
OTIS-STEPHEN,OTIS-STEPHEN,1
OTMAN,OTMAN,1
OTONIEL,OTONIEL,2
OTTALIE,OTTALIE,1
OTTILIA,OTTILIA,1
OTTILIE,OTTILIE,1
OTTO,OTTO,51
OTTO MONROE,OTTO MONROE,1
OTTON,OTTON,1
OTTONIEL,OTTONIEL,1
OTTOVAN,OTTOVAN,1
OUBAI,OUBAI,1
OUMOU,OUMOU,2
OURA,OURA,1
OVEE,OVEE,1
OVERTON,OVERTON,1
OVI,OVI,2
OVID,OVID,1
OVIE,OVIE,1
OWEN,OWEN,355
OWENS,OWENS,1
OWYNN,OWYNN,1
OXLEY,OXLEY,1
OYELANI,OYELANI,1
OYINPREYE,OYINPREYE,1
OZ,OZ,3
OZAIAS,OZAIAS,1
OZARI,OZARI,1
OZIA'S,OZIA'S,1
OZIAH,OZIAH,4
OZIAS,OZIAS,8
OZIEL,OZIEL,10
OZIL,OZIL,1
OZIOMA,OZIOMA,1
OZLO,OZLO,1
OZZALYN,OZZALYN,1
OZZIE,OZZIE,4
OZZLAND,OZZLAND,1
OZZLYNN,OZZLYNN,1
OZZY,OZZY,18
PAARTH,PAARTH,2
PAAVI,PAAVI,2
PABEL,PABEL,1
PABLITO,PABLITO,1
PABLO,PABLO,88
PABLO DANIEL,PABLO DANIEL,1
PACE,PACE,9
PACEY,PACEY,1
PACKARD,PACKARD,1
PADMA,PADMA,1
PADMAPRIYA,PADMAPRIYA,1
PADRA,PADRA,1
PAGE,PAGE,2
PAHAL,PAHAL,1
PAIGE,PAIGE,53
PAIGHTEN,PAIGHTEN,1
PAILEIGH,PAILEIGH,1
PAISLEE,PAISLEE,5
PAISLEI,PAISLEI,1
PAISLEIGH,PAISLEIGH,4
PAISLEY,PAISLEY,83
PAITYN,PAITYN,1
PAIZLEE,PAIZLEE,1
PAIZLEY,PAIZLEY,2
PALESA,PALESA,1
PALLOMA,PALLOMA,1
PALMER,PALMER,63
PALOMA,PALOMA,31
PALVIT,PALVIT,1
PALWASHA,PALWASHA,1
PAMELA,PAMELA,9
PANAGIOTIS,PANAGIOTIS,1
PANDORA,PANDORA,1
PANIMALAR,PANIMALAR,1
PANVITH,PANVITH,1
PAOL,PAOL,1
PAOLA,PAOLA,24
PAOLINA,PAOLINA,1
PAOLO,PAOLO,1
PAPE,PAPE,1
PARABLE,PARABLE,1
PARADISE,PARADISE,2
PARAM,PARAM,3
PARIDHI,PARIDHI,1
PARIN,PARIN,1
PARINA,PARINA,1
PARINI,PARINI,1
PARIS,PARIS,20
PARK,PARK,1
PARKER,PARKER,298
PARKER THOMAS,PARKER THOMAS,1
PARKS,PARKS,7
PARNICA,PARNICA,1
PARNIKA,PARNIKA,4
PARRIS,PARRIS,1
PARRISH,PARRISH,1
PARS,PARS,1
PARSA,PARSA,1
PARSHVI,PARSHVI,1
PARSON,PARSON,1
PARTH,PARTH,4
PARTHA,PARTHA,1
PARTHAV,PARTHAV,1
PARTHAVI,PARTHAVI,1
PARTHIV,PARTHIV,1
PARTON,PARTON,1
PARV,PARV,1
PARVA,PARVA,1
PASCAL,PASCAL,4
PASCHAL,PASCHAL,1
PASHA,PASHA,3
PASHTANA,PASHTANA,1
PASON,PASON,2
PASSION,PASSION,1
PATIENCE,PATIENCE,4
PATRICIA,PATRICIA,13
PATRICIO,PATRICIO,9
PATRICK,PATRICK,79
PATTERSON,PATTERSON,1
PATTON,PATTON,1
PATTY,PATTY,2
PATTZI,PATTZI,1
PATUM,PATUM,1
PAU,PAU,1
PAUL,PAUL,63
PAUL LUKAS,PAUL LUKAS,1
PAUL'RAMON,PAUL'RAMON,1
PAUL-LOUIS,PAUL-LOUIS,1
PAULA,PAULA,35
PAULA EMILIA,PAULA EMILIA,1
PAULETT,PAULETT,1
PAULETTE,PAULETTE,2
PAULINA,PAULINA,29
PAULINA LETICIA,PAULINA LETICIA,1
PAULINE,PAULINE,4
PAULINO,PAULINO,1
PAULO,PAULO,8
PAULO ANDRES,PAULO ANDRES,1
PAVEL,PAVEL,2
PAVIKA,PAVIKA,1
PAVIKA REDDY,PAVIKA REDDY,1
PAVISH,PAVISH,1
PAVLEEN,PAVLEEN,1
PAX,PAX,9
PAXLEY,PAXLEY,1
PAXSON,PAXSON,2
PAXTIN,PAXTIN,1
PAXTON,PAXTON,56
PAY'SHNS,PAY'SHNS,1
PAYDENCE,PAYDENCE,1
PAYKH,PAYKH,1
PAYLINN,PAYLINN,1
PAYSLEE,PAYSLEE,1
PAYSON,PAYSON,2
PAYTON,PAYTON,48
PAYTYN,PAYTYN,2
PAZ,PAZ,1
PEACE,PEACE,1
PEACE JAMES,PEACE JAMES,1
PEARCE,PEARCE,5
PEARL,PEARL,35
PEARLIE,PEARLIE,1
PEARSE,PEARSE,1
PEARSON,PEARSON,6
PECULIAR,PECULIAR,1
PEDERNALES,PEDERNALES,1
PEDRO,PEDRO,65
PEDRO,PEDRO JR,1
PEDRO TOMAS,PEDRO TOMAS,1
PEDRO VICTOR,PEDRO VICTOR,1
PEDRODAVID,PEDRODAVID,1
PEESE,PEESE,1
PEGGY,PEGGY,1
PEICHEN,PEICHEN,1
PEIGHTON,PEIGHTON,5
PELAYO,PELAYO,1
PEMA,PEMA,1
PENDA,PENDA,1
PENDLETON,PENDLETON,1
PENELOPE,PENELOPE,359
PENELOPE,PENÉLOPE,5
PENELUPE,PENELUPE,1
PENGXI,PENGXI,1
PENLEY,PENLEY,2
PENN,PENN,4
PENNELOPE,PENNELOPE,1
PENNEY,PENNEY,1
PENNY,PENNY,29
PEPPER,PEPPER,10
PERCEUS,PERCEUS,1
PERCIVAL,PERCIVAL,4
PERCY,PERCY,6
PEREGRINE,PEREGRINE,4
PEREL,PEREL,1
PERERA,PERERA,1
PERFECT,PERFECT,1
PERI,PERI,2
PERLA,PERLA,23
PERRI,PERRI,1
PERRIE,PERRIE,1
PERRIN,PERRIN,2
PERRINE,PERRINE,1
PERRY,PERRY,26
PERSAYUS,PERSAYUS,1
PERSCIUS,PERSCIUS,1
PERSEFANI,PERSEFANI,1
PERSEFONE,PERSÉFONE,1
PERSEPHONE,PERSEPHONE,17
PERSEUS,PERSEUS,2
PERUDA,PERUDA,1
PETE,PETE,5
PETER,PETER,68
PETER,PÉTER,1
PETER JUNIOR,PETER JUNIOR,1
PETER NECKSON,PETER NECKSON,1
PETERPAU,PETERPAU,1
PETERSON,PETERSON,1
PETR,PETR,1
PETRA,PETRA,16
PETRINELLA,PETRINELLA,1
PEYDEN,PEYDEN,1
PEYTON,PEYTON,90
PHAEDRA,PHAEDRA,2
PHAIDON,PHAIDON,1
PHALLYN,PHALLYN,1
PHALON,PHALON,1
PHARA,PHARA,1
PHARAO,PHARAO,1
PHARAOH,PHARAOH,5
PHARRAH,PHARRAH,4
PHATIMA,PHATIMA,1
PHENIX,PHENIX,3
PHENNA,PHENNA,1
PHEYNYXX,PHEYNYXX,1
PHILEMON,PHILEMON,1
PHILIP,PHILIP,33
PHILIPPA,PHILIPPA,6
PHILIPPE,PHILIPPE,1
PHILIPS,PHILIPS,1
PHILLIP,PHILLIP,15
PHILO,PHILO,1
PHILOMENA,PHILOMENA,3
PHINEAS,PHINEAS,2
PHOEBE,PHOEBE,66
PHOEBE JADE,PHOEBE JADE,1
PHOENIX,PHOENIX,88
PHOENYX,PHOENYX,2
PHONG,PHONG,1
PHOXX,PHOXX,1
PHUONG AN,PHUONG AN,1
PHYRE,PHYRE,1
PI,PI,1
PIA,PIA,3
PIA,PÍA,1
PIERA,PIERA,1
PIERCE,PIERCE,63
PIERO,PIERO,1
PIERRE,PIERRE,8
PIERSON,PIERSON,6
PIETRO,PIETRO,2
PIHAN,PIHAN,1
PIKE,PIKE,1
PILAR,PILAR,7
PINA,PINA,1
PINANK,PINANK,1
PIO ADEL,PIO ADEL,1
PIPER,PIPER,89
PIPPA,PIPPA,5
PIPPA MATILDA,PIPPA MATILDA,1
PIPPEN,PIPPEN,1
PODKAYNE,PODKAYNE,1
POEMA,POEMA,1
POET,POET,5
POL,POL,1
POLINA,POLINA,3
POLLY,POLLY,3
POLLYANNA,POLLYANNA,1
POLO,POLO,2
POORNA,POORNA,1
POORVI,POORVI,1
POPA,POPA,1
POPPI,POPPI,1
POPPY,POPPY,70
PORFIRIO,PORFIRIO,2
PORTER,PORTER,35
PORTIA,PORTIA,1
PORTLAND,PORTLAND,1
PORTMAN,PORTMAN,1
POSEY,POSEY,2
POWELL,POWELL,2
POWER,POWER,1
POWERS,POWERS,1
PRAANVI,PRAANVI,1
PRAANVIKA JAY,PRAANVIKA JAY,1
PRABESH,PRABESH,1
PRABHANJAN,PRABHANJAN,1
PRABHAV,PRABHAV,1
PRABHMEHAR,PRABHMEHAR,1
PRABISHA,PRABISHA,1
PRADEEP,PRADEEP,1
PRADHYUM,PRADHYUM,1
PRADYUMNA,PRADYUMNA,3
PRADYUTH,PRADYUTH,1
PRAGAN,PRAGAN,1
PRAGATHI,PRAGATHI,2
PRAGATI,PRAGATI,1
PRAGNYA,PRAGNYA,2
PRAGNYA RAJASI,PRAGNYA RAJASI,1
PRAGYA,PRAGYA,1
PRAHATHI,PRAHATHI,1
PRAIRIE,PRAIRIE,1
PRAISE,PRAISE,4
PRAJNA,PRAJNA,1
PRAJVITHA,PRAJVITHA,1
PRAJWAL,PRAJWAL,1
PRAJWOL,PRAJWOL,1
PRAKRITHI,PRAKRITHI,1
PRAKRITI,PRAKRITI,1
PRAMATTAYA,PRAMATTAYA,1
PRANAV,PRANAV,8
PRANAV REDDY,PRANAV REDDY,1
PRANAVADITHYA,PRANAVADITHYA,1
PRANAVI,PRANAVI,1
PRANEEL,PRANEEL,2
PRANEET,PRANEET,1
PRANEETH,PRANEETH,1
PRANISH,PRANISH,1
PRANITH,PRANITH,1
PRANITHA,PRANITHA,1
PRANITHI,PRANITHI,1
PRANITI,PRANITI,1
PRANSH,PRANSH,2
PRANSHU,PRANSHU,1
PRANSI,PRANSI,1
PRANVI REDDY,PRANVI REDDY,1
PRANVITHA,PRANVITHA,1
PRAPTI,PRAPTI,1
PRASALA,PRASALA,1
PRASANNA,PRASANNA,1
PRASHVI,PRASHVI,1
PRASIDDHA,PRASIDDHA,1
PRASIDDHI,PRASIDDHI,1
PRATEEK,PRATEEK,1
PRATHIK,PRATHIK,1
PRATHYAYA BHAT,PRATHYAYA BHAT,1
PRATITI,PRATITI,1
PRATT,PRATT,1
PRAVEER,PRAVEER,1
PRAVETTI,PRAVETTI,1
PRAVIDH CHOWDARY,PRAVIDH CHOWDARY,1
PRAVYA REDDY,PRAVYA REDDY,1
PRAYAG,PRAYAG,1
PRAYAN,PRAYAN,1
PRAYER,PRAYER,2
PRE'SHERE,PRE'SHERE,1
PRE'VEN,PRE'VEN,1
PREA,PREA,1
PRECIEUNA,PRECIEUNA,1
PRECIOUS,PRECIOUS,2
PREET,PREET,2
PREIST,PREIST,1
PREKSHA,PREKSHA,1
PREKSHYA,PREKSHYA,1
PREMA,PREMA,1
PRENEET,PRENEET,1
PRESCOTT,PRESCOTT,5
PRESELY,PRESELY,1
PRESKA,PRESKA,1
PRESLEE,PRESLEE,7
PRESLEE-LOUISE,PRESLEE-LOUISE,1
PRESLEIGH,PRESLEIGH,3
PRESLEY,PRESLEY,78
PRESLIE,PRESLIE,2
PRESSLEY,PRESSLEY,1
PRESTEN,PRESTEN,1
PRESTON,PRESTON,84
PRESTYN,PRESTYN,1
PRICE,PRICE,10
PRICILLA,PRICILLA,1
PRIEL,PRIEL,1
PRIEST,PRIEST,3
PRIHA,PRIHA,1
PRIJS,PRIJS,1
PRIM,PRIM,1
PRIMA,PRIMA,1
PRIME,PRIME,1
PRIMROSE,PRIMROSE,3
PRINCE,PRINCE,34
PRINCE AR'METHEST,PRINCE AR'METHEST,1
PRINCE DAVID,PRINCE DAVID,1
PRINCE ETHAN,PRINCE ETHAN,1
PRINCE GODSWILL,PRINCE GODSWILL,1
PRINCE JAMMIE EZEQUIEL,PRINCE JAMMIE EZEQUIEL,1
PRINCE URIAH,PRINCE URIAH,1
PRINCE ZA'KARI,PRINCE ZA'KARI,1
PRINCE'CANNON,PRINCE'CANNON,1
PRINCE-AARON,PRINCE-AARON,1
PRINCE-AIDEN,PRINCE-AIDEN,1
PRINCESS,PRINCESS,13
PRINCESS GENEVIEVE,PRINCESS GENEVIEVE,1
PRINCESS ISABEL,PRINCESS ISABEL,1
PRINCESS PLETHORA,PRINCESS PLETHORA,1
PRINCESSPADMA,PRINCESSPADMA,1
PRINCETON,PRINCETON,17
PRINCIKA,PRINCIKA,1
PRINE,PRINE,1
PRISCA,PRISCA,3
PRISCILA,PRISCILA,4
PRISCILIANO,PRISCILIANO,2
PRISCILLA,PRISCILLA,23
PRISCIMOS,PRISCIMOS,1
PRISEIDY,PRISEIDY,1
PRISHA,PRISHA,14
PRISHA GABRIELLE,PRISHA GABRIELLE,1
PRISMA,PRISMA,1
PRIT,PRIT,1
PRITISH,PRITISH,1
PRIVA,PRIVA,1
PRIYA,PRIYA,5
PRIYANKA,PRIYANKA,3
PRIYANSH,PRIYANSH,3
PRODIGY,PRODIGY,1
PROMETHEUS,PROMETHEUS,1
PROMISE,PROMISE,7
PROMISSE,PROMISSE,1
PROSPER,PROSPER,1
PRUDENCE,PRUDENCE,4
PRUITT,PRUITT,2
PRYCE,PRYCE,3
PRYNCE,PRYNCE,3
PRYNCE'ANTHONY,PRYNCE'ANTHONY,1
PRYNCESS,PRYNCESS,1
PSALM,PSALM,5
PUNNYATOYA,PUNNYATOYA,1
PURE,PURE,1
PURPLE,PURPLE,1
PUSHTI,PUSHTI,1
PYLOT,PYLOT,1
PYNK,PYNK,1
PYNLIE-JEANE,PYNLIE-JEANE,1
Q OPEYEMI,Q OPEYEMI,1
QADIR,QADIR,1
QAMAR,QAMAR,2
QANIT AHMED,QANIT AHMED,1
QARIE,QARIE,1
QASIM,QASIM,1
QAYS,QAYS,1
QEERAT,QEERAT,1
QHING,QHING,1
QI,QI,1
QIMO,QIMO,1
QINGSTON,QINGSTON,1
QION'NEE,QION'NEE,1
QITING,QITING,1
QIWEI,QIWEI,1
QIYUAN,QIYUAN,1
QIZHEN,QIZHEN,1
QUADE,QUADE,1
QUADIR,QUADIR,3
QUAI,QUAI,1
QUAMARION,QUAMARION,1
QUANAH,QUANAH,1
QUAVION,QUAVION,2
QUAYLIN,QUAYLIN,1
QUAYVION,QUAYVION,1
QUEEN,QUEEN,3
QUEEN AYLEGACY,QUEEN AYLEGACY,1
QUEEN XZARIA,QUEEN XZARIA,1
QUEEN-SARAH,QUEEN-SARAH,1
QUEENAYLEGACY,QUEENAYLEGACY,1
QUEENCY,QUEENCY,1
QUEENIE,QUEENIE,1
QUELVIN,QUELVIN,1
QUENCY,QUENCY,1
QUENTIN,QUENTIN,24
QUENTON,QUENTON,3
QUENTTEN,QUENTTEN,1
QUEON,QUEON,1
QUEST,QUEST,4
QUETTA,QUETTA,1
QUETZAL,QUETZAL,2
QUETZALI,QUETZALI,1
QUETZALLI,QUETZALLI,2
QUETZALY,QUETZALY,5
QUEYLON,QUEYLON,1
QUILL,QUILL,2
QUILLEN,QUILLEN,1
QUIN,QUIN,3
QUINCEE,QUINCEE,1
QUINCEY,QUINCEY,2
QUINCY,QUINCY,33
QUINLAN,QUINLAN,2
QUINLEY,QUINLEY,2
QUINN,QUINN,199
QUINNIN,QUINNIN,1
QUINNLEY,QUINNLEY,2
QUINO,QUINO,1
QUINTEN,QUINTEN,5
QUINTIN,QUINTIN,2
QUINTON,QUINTON,11
QUINZEL,QUINZEL,2
QUINZELL,QUINZELL,1
QUIVONNI,QUIVONNI,1
QUO'NIYAAH,QUO'NIYAAH,1
QUOC,QUOC,1
QUORTNEY,QUORTNEY,1
QURAN,QURAN,1
QUYNH,QUYNH,1
QUYNN,QUYNN,1
QWAUTEZ,QWAUTEZ,1
R'IANNA,R'IANNA,1
R'IYANNA,R'IYANNA,1
R'MANI,R'MANI,1
RA,RA,1
RA'KIAH,RA'KIAH,1
RA'LEI,RA'LEI,1
RA'LYN,RA'LYN,1
RA'MANI,RA'MANI,1
RA'MELLO,RA'MELLO,1
RA'MYIAH,RA'MYIAH,1
RA'NAIJA,RA'NAIJA,1
RA'NIAH,RA'NIAH,1
RA'NIYAH,RA'NIYAH,1
RA'NIYAHH,RA'NIYAHH,1
RAAD,RAAD,1
RAADHA,RAADHA,1
RAADHI,RAADHI,1
RAADHYA,RAADHYA,1
RAAGA,RAAGA,4
RAAGA SIRI,RAAGA SIRI,1
RAAGHAV,RAAGHAV,1
RAAHI,RAAHI,3
RAAHIM,RAAHIM,1
RAAHIN,RAAHIN,1
RAAIF,RAAIF,2
RAAJI,RAAJI,1
RAAM,RAAM,1
RAANI,RAANI,1
RAAVA,RAAVA,1
RAAYA,RAAYA,2
RAAYAN,RAAYAN,2
RABAH,RABAH,1
RABIA,RABIA,1
RACE,RACE,3
RACHEL,RACHEL,35
RACHEL VUNG,RACHEL VUNG,1
RACHEL-RENE,RACHEL-RENE,1
RACHELL,RACHELL,1
RACHELLE,RACHELLE,3
RACHIT,RACHIT,1
RACINE,RACINE,1
RAD,RAD,1
RADDIX,RADDIX,1
RADEK,RADEK,1
RADEN,RADEN,1
RADEN PHOENIX,RADEN PHOENIX,1
RADHA,RADHA,6
RADHA REDDY,RADHA REDDY,1
RADHE,RADHE,1
RADHE KIYANSHI,RADHE KIYANSHI,1
RADHIKA,RADHIKA,2
RADHYA,RADHYA,2
RADIANCE,RADIANCE,1
RADIN,RADIN,1
RADIX,RADIX,1
RADIYAH,RADIYAH,1
RADJA,RADJA,1
RADLEE,RADLEE,2
RADLER,RADLER,1
RADLEY,RADLEY,5
RADVIN,RADVIN,2
RAE,RAE,14
RAE'ANNA,RAE'ANNA,1
RAE'LYN,RAE'LYN,1
RAE'LYNN,RAE'LYNN,1
RAE'LYNNE,RAE'LYNNE,1
RAEANA,RAEANA,1
RAED,RAED,1
RAEDEN,RAEDEN,3
RAEESHA,RAEESHA,1
RAEGAN,RAEGAN,25
RAEGAN,RAÉGAN,1
RAEGHAN,RAEGHAN,1
RAEGHN,RAEGHN,1
RAELAH,RAELAH,1
RAELAN,RAELAN,1
RAELANI,RAELANI,1
RAELEEN,RAELEEN,1
RAELEIGH,RAELEIGH,1
RAELENE,RAELENE,1
RAELEY,RAELEY,2
RAELIANA,RAELIANA,1
RAELIN,RAELIN,1
RAELLE,RAELLE,2
RAELYN,RAELYN,24
RAELYNN,RAELYNN,56
RAENA,RAENA,2
RAENAH,RAENAH,1
RAENEE,RAENEE,1
RAENIQUA,RAÉNIQUA,1
RAEVYN,RAEVYN,1
RAEWYN,RAEWYN,1
RAEYA,RAEYA,3
RAEYAH,RAEYAH,1
RAFAEL,RAFAEL,129
RAFAELA,RAFAELA,2
RAFAELITO,RAFAELITO,1
RAFAELLA,RAFAELLA,1
RAFAY,RAFAY,1
RAFE,RAFE,5
RAFEAL,RAFEAL,1
RAFEEF,RAFEEF,1
RAFFAELA,RAFFAELA,1
RAFFERTY,RAFFERTY,1
RAFI,RAFI,3
RAGAVI,RAGAVI,1
RAGHA,RAGHA,1
RAGHAV,RAGHAV,7
RAGHUBIR,RAGHUBIR,1
RAGNAR,RAGNAR,2
RAHA REDDY,RAHA REDDY,1
RAHAF,RAHAF,2
RAHAMIM,RAHAMIM,1
RAHEE,RAHEE,1
RAHEEL,RAHEEL,1
RAHEEM,RAHEEM,7
RAHEL,RAHEL,1
RAHELA,RAHELA,1
RAHI,RAHI,1
RAHIL,RAHIL,1
RAHIM,RAHIM,1
RAHINI,RAHINI,1
RAHITYA,RAHITYA,1
RAHJER,RAHJER,1
RAHM,RAHM,2
RAHMAH,RAHMAH,1
RAHMAN,RAHMAN,1
RAHMATZULLAH,RAHMATZULLAH,1
RAHNYIA,RAHNYIA,1
RAHUL,RAHUL,2
RAHVIN,RAHVIN,1
RAI,RAI,2
RAI'LANI,RAI'LANI,1
RAICE,RAICE,1
RAIDEL,RAIDEL,1
RAIDEN,RAIDEN,27
RAIDEN-DYVYNE,RAIDEN-DYVYNE,1
RAIDYS,RAIDYS,1
RAIF,RAIF,1
RAIFE,RAIFE,1
RAIHAN,RAIHAN,4
RAIHANUDDIN,RAIHANUDDIN,1
RAIHANULLAH,RAIHANULLAH,1
RAILEY,RAILEY,1
RAIN,RAIN,19
RAINA,RAINA,11
RAINBOW,RAINBOW,1
RAINE,RAINE,7
RAINER,RAINER,5
RAINEY,RAINEY,8
RAINIA,RAINIA,1
RAINIER,RAINIER,1
RAINY,RAINY,1
RAISA,RAISA,2
RAISHA,RAISHA,1
RAITA,RAITA,1
RAIYA,RAIYA,3
RAIYAN,RAIYAN,1
RAIZ,RAIZ,1
RAIZA,RAIZA,1
RAIZEN,RAIZEN,1
RAJ,RAJ,4
RAJA,RAJA,3
RAJON,RAJON,1
RAJVEER,RAJVEER,2
RAJVI,RAJVI,1
RAKA,RAKA,2
RAKAI,RAKAI,1
RAKAMBA,RAKAMBA,1
RAKAN,RAKAN,1
RAKEB,RAKEB,1
RAKHA,RAKHA,1
RAKSHAN,RAKSHAN,1
RALA,RALA,2
RALEE,RALEE,1
RALEIGH,RALEIGH,16
RALEIGH MARY,RALEIGH MARY,1
RALEIGHA,RALEIGHA,1
RALEIH TRISTIAN,RALEIH TRISTIAN,1
RALFAEL,RALFAEL,1
RALLY,RALLY,1
RALO,RALO,1
RALPH,RALPH,8
RALYN,RALYN,1
RAM,RAM,4
RAMA,RAMA,3
RAMACHARAN,RAMACHARAN,1
RAMAGASTYA,RAMAGASTYA,1
RAMAH,RAMAH,1
RAMAN,RAMAN,1
RAMCHARAN,RAMCHARAN,1
RAMEEZ,RAMEEZ,1
RAMESES,RAMESES,1
RAMESSES,RAMESSES,1
RAMI,RAMI,14
RAMIAH,RAMIAH,1
RAMIRO,RAMIRO,18
RAMON,RAMON,20
RAMON,RAMÓN,7
RAMON,RAMÕN,1
RAMONA,RAMONA,29
RAMONE,RAMONE,3
RAMONI,RAMONI,1
RAMSAY,RAMSAY,1
RAMSES,RAMSES,6
RAMSEY,RAMSEY,13
RAMSI,RAMSI,1
RAMY,RAMY,3
RAMYA,RAMYA,1
RAMZEE,RAMZEE,1
RAMZI,RAMZI,1
RAMZIE,RAMZIE,1
RANA,RANA,5
RANA DHEERA,RANA DHEERA,1
RANAV,RANAV,3
RANAV SAI,RANAV SAI,1
RANCE,RANCE,1
RANCEL,RANCEL,1
RAND,RAND,1
RANDALL,RANDALL,5
RANDE,RANDE,1
RANDEN,RANDEN,1
RANDI,RANDI,3
RANDI-RAYE,RANDI-RAYE,1
RANDOLPH,RANDOLPH,1
RANDY,RANDY,10
RANE,RANE,1
RANEZMAY,RANEZMAY,1
RANFERI,RANFERI,1
RANFERY,RANFERY,1
RANGER,RANGER,6
RANI,RANI,4
RANIA,RANIA,8
RANIE,RANIE,1
RANIM,RANIM,1
RANIYA,RANIYA,1
RANIYAH,RANIYAH,1
RANJIT,RANJIT,1
RANNI,RANNI,1
RANSOM,RANSOM,3
RANSYM,RANSYM,1
RANVEER,RANVEER,1
RANVIKA,RANVIKA,1
RANVITH,RANVITH,1
RAPHAEL,RAPHAEL,28
RAPHAEL,RAPHAËL,1
RAPHAEL JIREH,RAPHAEL JIREH,1
RAPHAELA,RAPHAELA,1
RAPHAELLA,RAPHAELLA,1
RAQUAN,RAQUAN,1
RAQUEL,RAQUEL,16
RAQUELINA,RAQUELINA,1
RAS-HASSAIN,RAS-HASSAIN,1
RASAGNYA,RASAGNYA,1
RASHAAN,RASHAAN,1
RASHAD,RASHAD,2
RASHARD,RASHARD,1
RASHAWN,RASHAWN,1
RASHED,RASHED,1
RASHELL,RASHELL,2
RASHID,RASHID,1
RASHIKA,RASHIKA,1
RASHOD,RASHOD,1
RASIK,RASIK,1
RAUL,RAUL,39
RAUL,RAÚL,4
RAUM,RAUM,1
RAUNAK,RAUNAK,3
RAVEN,RAVEN,18
RAVENNA,RAVENNA,1
RAVI,RAVI,6
RAVYA,RAVYA,1
RAVYN,RAVYN,2
RAWAD,RAWAD,1
RAWLEY,RAWLEY,1
RAWLINGS,RAWLINGS,2
RAWLINS,RAWLINS,1
RAY,RAY,16
RAY'ANA,RAY'ANA,1
RAY'ANNA,RAY'ANNA,1
RAY'LANI,RAY'LANI,1
RAY'LYNN,RAY'LYNN,1
RAY'SHAUN,RAY'SHAUN,1
RAY'SI,RAY'SI,1
RAY'YAN,RAY'YAN,1
RAY-KINGSTON,RAY-KINGSTON,1
RAYA,RAYA,29
RAYAAN,RAYAAN,6
RAYAH,RAYAH,1
RAYAN,RAYAN,25
RAYANNA,RAYANNA,3
RAYANSH,RAYANSH,4
RAYBURN,RAYBURN,1
RAYCE,RAYCE,1
RAYCEN,RAYCEN,1
RAYCHEL,RAYCHEL,1
RAYDEN,RAYDEN,9
RAYDER,RAYDER,1
RAYDIN,RAYDIN,1
RAYE,RAYE,3
RAYEN,RAYEN,1
RAYGLENN,RAYGLENN,1
RAYIRTH,RAYIRTH,1
RAYJOHN,RAYJOHN,1
RAYJON,RAYJON,1
RAYLA,RAYLA,2
RAYLAN,RAYLAN,13
RAYLAND,RAYLAND,1
RAYLEE,RAYLEE,7
RAYLEEN,RAYLEEN,2
RAYLEIGH,RAYLEIGH,3
RAYLEIGH JANE,RAYLEIGH JANE,1
RAYLEN,RAYLEN,5
RAYLIE,RAYLIE,2
RAYLIN,RAYLIN,2
RAYLON,RAYLON,1
RAYLYNN,RAYLYNN,2
RAYMAC,RAYMAC,1
RAYMAJ,RAYMAJ,1
RAYMI,RAYMI,2
RAYMO,RAYMO,1
RAYMOND,RAYMOND,33
RAYMOND ZEMNI,RAYMOND ZEMNI,1
RAYMUNDO,RAYMUNDO,5
RAYN,RAYN,3
RAYNA,RAYNA,15
RAYNALDO,RAYNALDO,1
RAYNAV,RAYNAV,1
RAYNE,RAYNE,13
RAYNEE,RAYNEE,1
RAYNI,RAYNI,1
RAYNOR,RAYNOR,1
RAYSHAWN,RAYSHAWN,1
RAYSTON,RAYSTON,1
RAYVAN,RAYVAN,1
RAYVN,RAYVN,1
RAYVN-ANN,RAYVN-ANN,1
RAYYAN,RAYYAN,5
RAZ,RAZ,1
RAZA,RAZA,2
RAZAN,RAZAN,2
RAZEL,RAZEL,1
RAZIAH,RAZIAH,1
RAZIEL,RAZIEL,2
RAZIELA,RAZIELA,1
RAZIQ,RAZIQ,1
RAZIYAH,RAZIYAH,1
RAZWAN,RAZWAN,1
RC'AHNAH,RC'AHNAH,1
RE'JAI,RE'JAI,1
REACHELL,REACHELL,1
REAGAN,REAGAN,77
REAGEN,REAGEN,1
REAGHAN,REAGHAN,1
REAGIN,REAGIN,1
REALAN,REALAN,1
REARDEN,REARDEN,1
REAU,REAU,1
REAUX,REAUX,2
REBECA,REBECA,13
REBECCA,REBECCA,51
REBEKA,REBEKA,1
REBEKAH,REBEKAH,12
REBEL,REBEL,5
REBEN,REBEN,1
RECE,RECE,1
RED,RED,2
REDDING,REDDING,2
REDFORD,REDFORD,4
REDIET,REDIET,1
REDLEY,REDLEY,1
REDMOND,REDMOND,1
REE,REE,1
REEANNA,REEANNA,1
REECE,REECE,28
REED,REED,27
REEDER,REEDER,1
REEDY,REEDY,1
REEF,REEF,3
REEM,REEM,2
REENA,REENA,1
REES,REES,1
REESE,REESE,117
REET,REET,2
REEVA,REEVA,10
REEVE,REEVE,3
REEVES,REEVES,3
REEYAZ,REEYAZ,1
REFAEL,REFAEL,1
REGAN,REGAN,2
REGGIE,REGGIE,3
REGINA,REGINA,73
REGINALD,REGINALD,4
REGULO,REGULO,1
REHAAM,REHAAM,1
REHAAN,REHAAN,2
REHAN,REHAN,4
REHAN AHMED,REHAN AHMED,1
REHANA,REHANA,1
REHANSH,REHANSH,1
REHANSH CHYARNGAYIL,REHANSH CHYARNGAYIL,1
REHANVIKA,REHANVIKA,1
REHLYNNE,REHLYNNE,1
REHMAN,REHMAN,1
REI,REI,2
REIA,REIA,1
REIANNA,REIANNA,2
REID,REID,47
REIDER,REIDER,1
REIDYN,REIDYN,1
REIF,REIF,1
REIGAN,REIGAN,2
REIGHEIN,REIGHEIN,1
REIGHLYN,REIGHLYN,1
REIGHLYNN,REIGHLYNN,1
REIGN,REIGN,42
REIGNA,REIGNA,2
REIGNI,REIGNI,1
REILEEAH,REILEEAH,1
REILEIGH,REILEIGH,1
REILENE,REILENE,1
REILLY,REILLY,9
REILY,REILY,2
REINA,REINA,23
REINA GUADALUPE,REINA GUADALUPE,1
REINALDO,REINALDO,1
REINER,REINER,1
REINHARDT,REINHARDT,1
REINHART,REINHART,1
REINIER,REINIER,1
REIS,REIS,1
RELLIK,RELLIK,1
REM,REM,2
REM'ADEE,REM'ADEE,1
REMAS,REMAS,2
REMEDI,REMEDI,1
REMEDY,REMEDY,1
REMHAI,REMHAI,1
REMI,REMI,95
REMIE,REMIE,2
REMIEL,REMIEL,2
REMIGIO,REMIGIO,1
REMIGIUS,REMIGIUS,1
REMILYNN,REMILYNN,1
REMINGTON,REMINGTON,59
REMINISCE,REMINISCE,1
REMINTYN,REMINTYN,1
REMMINGTON,REMMINGTON,1
REMMY,REMMY,1
REMO,REMO,1
REMONI,REMONI,1
REMUS,REMUS,1
REMY,REMY,105
REMYNGTON,REMYNGTON,1
REN,REN,16
RENA,RENA,4
RENAD,RENAD,1
RENAE,RENAE,5
RENALDO,RENALDO,1
RENALYN,RENALYN,1
RENARD,RENARD,1
RENATA,RENATA,43
RENATA ZOE,RENATA ZOE,1
RENATHA,RENATHA,2
RENATO,RENATO,2
RENATTA,RENATTA,2
RENAUD,RENAUD,1
RENBOURN,RENBOURN,1
RENDAYA,RENDAYA,1
RENE,RENE,22
RENE,RENÉ,2
RENEE,RENEE,10
RENEE,RENEÉ,2
RENEE,RENÉE,1
RENESMAE,RENESMAE,1
RENESME,RENESME,1
RENESMEE,RENESMEE,5
RENESSME,RENESSME,1
RENEZMAE,RENEZMAE,1
RENEZMEE,RENEZMEE,1
RENEZMEY,RENEZMEY,1
RENI,RENI,1
RENIA,RENIA,1
RENIER,RENIER,1
RENIGADE,RENIGADE,1
RENITH REDDY,RENITH REDDY,1
RENLEY,RENLEY,3
RENLY,RENLY,1
RENN,RENN,1
RENNA,RENNA,1
RENNATA,RENNATA,1
RENNER,RENNER,3
RENNESMAE,RENNESMAE,1
RENNESME,RENNESME,1
RENNIX,RENNIX,1
RENNY,RENNY,2
RENO,RENO,1
RENSI,RENSI,1
RENSLEY,RENSLEY,1
RENTARO,RENTARO,1
RENZO,RENZO,7
REO,REO,2
REON,REON,1
RESHAAN,RESHAAN,1
RESHAUN,RESHAUN,1
RETHA,RETHA,1
RETHANYA,RETHANYA,1
RETT,RETT,1
REUBEN,REUBEN,11
REUEL,REUEL,1
REV,REV,1
REVA,REVA,8
REVAN,REVAN,3
REVAYAH,REVAYAH,1
REVEL,REVEL,2
REVELYN,REVELYN,1
REVERE,REVERE,1
REVERIE,REVERIE,5
REWANSHI,REWANSHI,1
REX,REX,27
REXFORD,REXFORD,1
REXTON,REXTON,2
REY,REY,25
REY-YANNICK,REY-YANNICK,1
REYA,REYA,17
REYAAN,REYAAN,3
REYAANSH,REYAANSH,2
REYAD,REYAD,1
REYAN,REYAN,10
REYANSH,REYANSH,29
REYANSHI,REYANSHI,1
REYANSHIKA,REYANSHIKA,1
REYDEN ROLAND,REYDEN ROLAND,1
REYELLE,REYELLE,1
REYES,REYES,4
REYLANDO,REYLANDO,1
REYLEE,REYLEE,1
REYLI,REYLI,3
REYMUNDO,REYMUNDO,4
REYN,REYN,1
REYNA,REYNA,42
REYNA IRIS,REYNA IRIS,1
REYNALDO,REYNALDO,9
REYNASH,REYNASH,1
REYNE,REYNE,1
REYNNA,REYNNA,1
REYONA,REYONA,1
REYVA,REYVA,2
REYYAN,REYYAN,1
REZA,REZA,3
REZWAN,REZWAN,1
RHAENA,RHAENA,1
RHAENYRA,RHAENYRA,1
RHAURI,RHAURI,1
RHAYN,RHAYN,1
RHEA,RHEA,30
RHEAGAR,RHEAGAR,1
RHEALYN,RHEALYN,1
RHEINA,RHEINA,1
RHEMA,RHEMA,1
RHEMA-MIRABEL,RHEMA-MIRABEL,1
RHEMILIUS,RHEMILIUS,1
RHEN,RHEN,1
RHENAN,RHENAN,1
RHENIC,RHENIC,1
RHET,RHET,1
RHETT,RHETT,72
RHETTE,RHETTE,1
RHEX,RHEX,1
RHEY,RHEY,1
RHEYA,RHEYA,1
RHI'NYA,RHI'NYA,1
RHIA,RHIA,1
RHIANNON,RHIANNON,3
RHILEY,RHILEY,2
RHILYN,RHILYN,1
RHOAN,RHOAN,1
RHODE,RHODE,1
RHODES,RHODES,39
RHONA,RHONA,1
RHONAN,RHONAN,1
RHONDA,RHONDA,1
RHONE,RHONE,5
RHONIN,RHONIN,1
RHUBI,RHUBI,1
RHUBIE,RHUBIE,1
RHYA,RHYA,2
RHYAN,RHYAN,4
RHYATT,RHYATT,1
RHYDER,RHYDER,4
RHYDIAN,RHYDIAN,1
RHYE,RHYE,1
RHYLAN,RHYLAN,2
RHYLEE,RHYLEE,4
RHYLEE MAE,RHYLEE MAE,1
RHYLIE,RHYLIE,1
RHYLIN,RHYLIN,1
RHYLYNN,RHYLYNN,1
RHYNO,RHYNO,1
RHYS,RHYS,45
RHYSSE,RHYSSE,2
RHYTHM,RHYTHM,8
RI'AYLE,RI'AYLE,1
RI'NIYAH,RI'NIYAH,1
RIA,RIA,5
RIA LYNSEE,RIA LYNSEE,1
RIAAN,RIAAN,25
RIAD,RIAD,2
RIAN,RIAN,12
RIAN,RÍAN,1
RIANA,RIANA,3
RIANNA,RIANNA,3
RIARRA,RIARRA,1
RIAZ,RIAZ,1
RIC-MARNAUD,RIC-MARNAUD,1
RICARDO,RICARDO,52
RICARO,RICARO,1
RICCI,RICCI,1
RICE,RICE,1
RICH,RICH,2
RICH'IIS,RICH'IIS,1
RICHA,RICHA,1
RICHARD,RICHARD,73
RICHI,RICHI,1
RICHIE,RICHIE,3
RICHMOND,RICHMOND,3
RICIAN,RICIAN,1
RICK,RICK,6
RICK'ELLE,RICK'ELLE,1
RICKEY,RICKEY,1
RICKI,RICKI,3
RICKSY,RICKSY,1
RICKUS,RICKUS,1
RICKY,RICKY,14
RICKY REDDY,RICKY REDDY,1
RICO,RICO,5
RIDA,RIDA,3
RIDANSH,RIDANSH,1
RIDAY,RIDAY,2
RIDDHI,RIDDHI,5
RIDDHIKA,RIDDHIKA,1
RIDDICK,RIDDICK,1
RIDER,RIDER,3
RIDGE,RIDGE,8
RIDGELY,RIDGELY,2
RIDHA,RIDHA,2
RIDHAAN,RIDHAAN,9
RIDHARV,RIDHARV,1
RIDHAY,RIDHAY,2
RIDHI,RIDHI,4
RIDHIMA,RIDHIMA,2
RIDHISHA,RIDHISHA,1
RIDHYMA,RIDHYMA,2
RIDITH REDDY,RIDITH REDDY,1
RIDLEY,RIDLEY,3
RIDWAN,RIDWAN,1
RIG,RIG,1
RIGBY,RIGBY,2
RIGEL,RIGEL,1
RIGGINS,RIGGINS,5
RIGGS,RIGGS,5
RIGHTEOUS,RIGHTEOUS,1
RIGLEY,RIGLEY,1
RIGO,RIGO,3
RIGOBERTO,RIGOBERTO,4
RIGS,RIGS,1
RIGVEDA,RIGVEDA,1
RIHA,RIHA,1
RIHAAN,RIHAAN,9
RIHAN,RIHAN,3
RIHANNA,RIHANNA,3
RIHANSH,RIHANSH,1
RIHARA,RIHARA,1
RIJAN,RIJAN,1
RIKAZ,RIKAZ,1
RIKER,RIKER,5
RIKI,RIKI,1
RIKKI,RIKKI,1
RIKLYNN,RIKLYNN,1
RILA,RILA,1
RILEE,RILEE,3
RILEI,RILEI,1
RILEIGH,RILEIGH,2
RILEY,RILEY,249
RILEY-GRACE,RILEY-GRACE,1
RILEYANN,RILEYANN,1
RILO,RILO,1
RIMA,RIMA,1
RIN,RIN,2
RINA,RINA,3
RINAV,RINAV,1
RINDA,RINDA,1
RINLEE,RINLEE,1
RINOA,RINOA,2
RIO,RIO,62
RIO GUILLAUME,RIO  GUILLAUME,1
RION,RION,2
RIONA,RIONA,1
RIORDAN,RIORDAN,1
RIOREYES,RIOREYES,1
RIOS,RIOS,2
RIOSUKE,RIOSUKE,1
RIOT,RIOT,3
RIP,RIP,6
RIPKEN,RIPKEN,1
RIPKYN,RIPKYN,1
RIPLEY,RIPLEY,23
RIPP,RIPP,2
RIPTON,RIPTON,1
RISA,RISA,1
RISH,RISH,1
RISHA,RISHA,1
RISHAAN,RISHAAN,8
RISHAANK,RISHAANK,1
RISHAB,RISHAB,1
RISHABH,RISHABH,4
RISHAD,RISHAD,1
RISHAN,RISHAN,5
RISHANT,RISHANT,1
RISHAV,RISHAV,2
RISHAY,RISHAY,1
RISHEN,RISHEN,1
RISHI,RISHI,26
RISHI REDDY,RISHI REDDY,1
RISHI TEJ,RISHI TEJ,1
RISHIK,RISHIK,7
RISHIKA,RISHIKA,4
RISHIRAJ,RISHIRAJ,1
RISHITH,RISHITH,2
RISHIV,RISHIV,3
RISHUL,RISHUL,1
RISHVIK,RISHVIK,4
RISHVIN,RISHVIN,1
RISSELL,RISSELL,1
RITA,RITA,5
RITA MARIE,RITA MARIE,1
RITAJ,RITAJ,1
RITAL,RITAL,2
RITAM,RITAM,1
RITANSHI,RITANSHI,1
RITANYA,RITANYA,1
RITCHIE,RITCHIE,3
RITHANYA,RITHANYA,1
RITHAV,RITHAV,2
RITHI,RITHI,1
RITHIKA,RITHIKA,1
RITHU,RITHU,1
RITHVI,RITHVI,1
RITHVIK,RITHVIK,4
RITHVIK REDDY,RITHVIK REDDY,1
RITHVIK SAI,RITHVIK SAI,1
RITHVIKA,RITHVIKA,4
RITHVIN,RITHVIN,1
RITHVIN KUMAR REDDY,RITHVIN KUMAR REDDY,1
RITHVIN SAI,RITHVIN SAI,1
RITHWIK REDDY,RITHWIK REDDY,1
RITHWIKA,RITHWIKA,1
RITI,RITI,2
RITIK,RITIK,1
RITO,RITO,1
RITODHI,RITODHI,1
RITTER,RITTER,1
RITVA,RITVA,1
RITVIJ,RITVIJ,1
RITVIK,RITVIK,1
RITWIK,RITWIK,1
RITZY,RITZY,1
RIVA,RIVA,2
RIVAAN,RIVAAN,8
RIVAANSH,RIVAANSH,3
RIVALDO,RIVALDO,1
RIVAN,RIVAN,3
RIVEDA,RIVEDA,1
RIVEN,RIVEN,1
RIVER,RIVER,216
RIVER SAGE,RIVER SAGE,1
RIVER SYAH,RIVER SYAH,1
RIVERLYNNE,RIVERLYNNE,1
RIVERS,RIVERS,13
RIVIERA,RIVIERA,2
RIVKA,RIVKA,3
RIVKAH,RIVKAH,1
RIVYA,RIVYA,1
RIVYANA,RIVYANA,1
RIYA,RIYA,22
RIYA ANNAPURNA,RIYA ANNAPURNA,1
RIYAAN,RIYAAN,6
RIYADH,RIYADH,1
RIYAH,RIYAH,1
RIYAJ,RIYAJ,1
RIYAM,RIYAM,1
RIYAN,RIYAN,5
RIYAN KRISHNA,RIYAN KRISHNA,1
RIYANSH,RIYANSH,7
RIYANSH REDDY,RIYANSH REDDY,1
RIYANSHU,RIYANSHU,1
RIYANSI,RIYANSI,1
RIYANSIKA REDDY,RIYANSIKA REDDY,1
RIYLA,RIYLA,1
RIZAN,RIZAN,1
RIZWAN,RIZWAN,1
RJAY,RJAY,1
RO,RO,1
RO'SHAWN,RO'SHAWN,1
RO'ZUAN,RO'ZUAN,1
ROA,ROA,1
ROARK,ROARK,1
ROARKE,ROARKE,1
ROARY,ROARY,1
ROBBIE,ROBBIE,4
ROBEL,ROBEL,1
ROBERT,ROBERT,194
ROBERT-DANIEL,ROBERT-DANIEL,1
ROBERTA,ROBERTA,6
ROBERTH,ROBERTH,1
ROBERTO,ROBERTO,43
ROBIN,ROBIN,48
ROBINSON,ROBINSON,7
ROBY,ROBY,1
ROBYN,ROBYN,8
ROCA,ROCA,1
ROCCO,ROCCO,26
ROCHELLYE,ROCHELLYE,1
ROCIO,ROCIO,5
ROCKET,ROCKET,5
ROCKEY,ROCKEY,1
ROCKFORD,ROCKFORD,1
ROCKI,ROCKI,1
ROCKLEN,ROCKLEN,1
ROCKLYNN,ROCKLYNN,1
ROCKO,ROCKO,1
ROCKWELL,ROCKWELL,3
ROCKY,ROCKY,20
ROCOCO,ROCOCO,1
RODAS,RODAS,1
RODERIC,RODERIC,1
RODERICK,RODERICK,1
RODI,RODI,2
RODNEY,RODNEY,4
RODOLFO,RODOLFO,15
RODRELL,RODRELL,1
RODRICK,RODRICK,2
RODRIGO,RODRIGO,56
ROE,ROE,3
ROEL,ROEL,4
ROEL SALVADOR,ROEL SALVADOR,1
ROEMAN,ROEMAN,1
ROEN,ROEN,5
ROEWAN,ROEWAN,1
ROEY,ROEY,2
ROGAN,ROGAN,5
ROGASIANO,ROGASIANO,1
ROGELIO,ROGELIO,20
ROGER,ROGER,29
ROGER'S,ROGER'S,1
ROGUE,ROGUE,1
ROHAAN,ROHAAN,1
ROHAM,ROHAM,1
ROHAMA,ROHAMA,1
ROHAN,ROHAN,24
ROHAN JOASH,ROHAN JOASH,1
ROHAYENT,ROHAYENT,1
ROHEN,ROHEN,2
ROHENYS,ROHENYS,1
ROHIL,ROHIL,1
ROHITH,ROHITH,2
ROHNIN,ROHNIN,1
ROI,ROI,1
ROISIN,ROISIN,1
ROISIN,RÓISÍN,1
ROKSANA,ROKSANA,1
ROLAND,ROLAND,23
ROLANDE,ROLANDE,1
ROLANDO,ROLANDO,18
ROLEN,ROLEN,1
ROLF,ROLF,1
ROLLIN,ROLLIN,1
ROMA,ROMA,3
ROMA SKANDA,ROMA SKANDA,1
ROMAAN,ROMAAN,1
ROMAN,ROMAN,197
ROMAN,ROMÁN,2
ROMAN-THOMAS,ROMAN-THOMAS,1
ROMANA,ROMANA,1
ROMANCE,ROMANCE,1
ROMARIO,ROMARIO,4
ROME,ROME,22
ROMEE,ROMEE,1
ROMELI,ROMELI,1
ROMELIA,ROMELIA,2
ROMELLO,ROMELLO,3
ROMELO,ROMELO,4
ROMELO-ROYCE,ROMELO-ROYCE,1
ROMEO,ROMEO,60
ROMEO,ROMÉO,1
ROMERO,ROMERO,3
ROMESHA,ROMESHA,1
ROMEY,ROMEY,1
ROMI,ROMI,6
ROMIE,ROMIE,1
ROMILLY,ROMILLY,1
ROMILLYN,ROMILLYN,1
ROMINA,ROMINA,37
ROMIR,ROMIR,2
ROMMEL,ROMMEL,1
ROMOLA,ROMOLA,1
ROMULO,ROMULO,2
ROMY,ROMY,11
RON,RON,1
RONA,RONA,1
RONAIA,RONAIA,1
RONAK,RONAK,3
RONAL,RONAL,1
RONALD,RONALD,10
RONALDINHO,RONALDINHO,1
RONALDO,RONALDO,6
RONAN,RONAN,59
RONAN REDDY,RONAN REDDY,1
RONAV,RONAV,5
RONEN,RONEN,6
RONEY,RONEY,1
RONI,RONI,1
RONIKAH,RONIKAH,1
RONIN,RONIN,27
RONIT,RONIT,1
RONITH,RONITH,1
RONJA,RONJA,1
RONMEL,RONMEL,1
RONNEYLI,RONNEYLI,1
RONNI,RONNI,1
RONNIE,RONNIE,6
RONNY,RONNY,2
RONY,RONY,3
ROOHI,ROOHI,2
ROOK,ROOK,4
ROOKIE,ROOKIE,1
ROOMAN,ROOMAN,1
ROONEY,ROONEY,10
ROONI,ROONI,1
ROOSEVELT,ROOSEVELT,1
ROPER,ROPER,1
ROQUE,ROQUE,2
RORAN,RORAN,1
ROREY,ROREY,1
RORI,RORI,5
RORIE,RORIE,4
RORY,RORY,103
RORYE,RORYE,1
ROSA,ROSA,29
ROSABELLA,ROSABELLA,2
ROSABELLE,ROSABELLE,1
ROSAEL,ROSAEL,1
ROSALANNI,ROSALANNI,1
ROSALEE,ROSALEE,2
ROSALEEN,ROSALEEN,1
ROSALEIGH,ROSALEIGH,1
ROSALENA,ROSALENA,1
ROSALIA,ROSALIA,16
ROSALIA,ROSALÍA,2
ROSALIE,ROSALIE,66
ROSALINA,ROSALINA,6
ROSALIND,ROSALIND,8
ROSALINDA,ROSALINDA,8
ROSALINE,ROSALINE,2
ROSALIZ,ROSALÍZ,1
ROSALY,ROSALY,2
ROSALYN,ROSALYN,15
ROSALYNN,ROSALYNN,4
ROSAMARIE,ROSAMARIE,1
ROSAMUND,ROSAMUND,1
ROSANA,ROSANA,1
ROSANNA,ROSANNA,1
ROSANTINA,ROSANTINA,1
ROSARIO,ROSARIO,3
ROSARY,ROSARY,1
ROSAURO,ROSAURO,1
ROSBEL,ROSBEL,1
ROSCOE,ROSCOE,4
ROSCOE JAMES,ROSCOE JAMES,1
ROSE,ROSE,130
ROSE AVERY,ROSE AVERY,1
ROSE ESHAELEA,ROSE ESHAELEA,1
ROSE GABRIELLE,ROSE GABRIELLE,1
ROSE'ALISA,ROSE'ALISA,1
ROSE'ANAE,ROSE'ANAE,1
ROSE-MARIE,ROSE-MARIE,1
ROSEALIA,ROSEALIA,1
ROSEALIE,ROSEALIE,1
ROSEBELLA,ROSEBELLA,1
ROSEBELLAH,ROSEBELLAH,1
ROSEELYN,ROSEELYN,1
ROSELEIDI,ROSELEIDI,1
ROSELEIGH,ROSELEIGH,1
ROSELI,ROSELI,1
ROSELIE,ROSELIE,1
ROSELIM,ROSELIM,1
ROSELINE,ROSELINE,1
ROSELLA,ROSELLA,3
ROSELLE,ROSELLE,1
ROSELYN,ROSELYN,20
ROSELYNE,ROSELYNE,2
ROSELYNN,ROSELYNN,7
ROSEMARIE,ROSEMARIE,3
ROSEMARY,ROSEMARY,53
ROSEMERI,ROSEMERI,1
ROSENDO,ROSENDO,3
ROSEPREET,ROSEPREET,1
ROSETTA,ROSETTA,1
ROSEVELT,ROSEVELT,2
ROSHAN,ROSHAN,4
ROSHEEN,ROSHEEN,1
ROSHNEE,ROSHNEE,1
ROSHNI,ROSHNI,1
ROSIE,ROSIE,30
ROSIO,ROSIO,1
ROSITA,ROSITA,4
ROSLIN,ROSLIN,1
ROSLYN,ROSLYN,8
ROSLYNN,ROSLYNN,1
ROSMARY,ROSMARY,1
ROSMERY,ROSMERY,1
ROSS,ROSS,10
ROSSE,ROSSE,1
ROSSELL,ROSSELL,1
ROSSELYN,ROSSELYN,1
ROSSLYN,ROSSLYN,1
ROSSNELLY,ROSSNELLY,1
ROSWELL,ROSWELL,1
ROSY,ROSY,4
ROUDINA,ROUDINA,1
ROUFAIDATOU,ROUFAÏDATOU,1
ROUGUIATOU,ROUGUIATOU,1
ROUH,ROUH,1
ROUHAN,ROUHAN,1
ROUMALDO,ROUMALDO,1
ROUSEAU,ROUSEAU,1
ROUSSEND,ROUSSEND,1
ROUSTH,ROUSTH,1
ROUX,ROUX,3
ROVE,ROVE,1
ROW,ROW,1
ROWAN,ROWAN,216
ROWAN,RÖWAN,1
ROWAN LOU,ROWAN LOU,1
ROWDY,ROWDY,5
ROWE,ROWE,2
ROWEN,ROWEN,30
ROWENA,ROWENA,1
ROWIN,ROWIN,1
ROWLAND,ROWLAND,1
ROWLEY,ROWLEY,1
ROWYN,ROWYN,3
ROWYNN,ROWYNN,1
ROXANA,ROXANA,5
ROXANE,ROXANE,1
ROXANNA,ROXANNA,2
ROXANNE,ROXANNE,10
ROXAS,ROXAS,1
ROXFORD,ROXFORD,1
ROXIE,ROXIE,5
ROXTIN,ROXTIN,1
ROXTON,ROXTON,1
ROXUAN,ROXUAN,1
ROXY,ROXY,5
ROY,ROY,27
ROY'ALE,ROY'ALE,1
ROY-JAYDEN,ROY-JAYDEN,1
ROYA,ROYA,4
ROYAL,ROYAL,16
ROYAL-PRINCE,ROYAL-PRINCE,1
ROYALE,ROYALE,1
ROYALTY,ROYALTY,21
ROYCE,ROYCE,41
ROYDEN,ROYDEN,1
ROYELLE,ROYELLE,1
ROYER,ROYER,1
ROYLAN,ROYLAN,1
ROZA,ROZA,1
ROZAE,ROZAE,1
ROZAE,ROZAÉ,1
ROZALIYA-MARIE,ROZALIYA-MARIE,1
ROZALYN,ROZALYN,2
ROZALYNN,ROZALYNN,2
ROZAY,ROZAY,1
ROZELLE,ROZELLE,1
ROZELYN,ROZELYN,1
ROZELYNN,ROZELYNN,1
ROZEMA,ROZEMA,1
ROZEMARY,ROZEMARY,1
ROZLYN,ROZLYN,1
ROZLYNN,ROZLYNN,2
RU'LAN,RU'LAN,1
RU'MONI,RU'MONI,1
RUA,RUA,1
RUAA REDDY,RUAA REDDY,1
RUAH,RUAH,2
RUAIRI,RUAIRI,1
RUARI,RUARI,2
RUBAANI,RUBAANI,1
RUBAIYAT,RUBAIYAT,1
RUBEN,RUBEN,41
RUBEN,RUBÉN,3
RUBENIA,RUBENIA,1
RUBI,RUBI,20
RUBI,RUBÍ,2
RUBIE,RUBIE,6
RUBII,RUBII,1
RUBINA,RUBINA,1
RUBY,RUBY,203
RUBY SUE,RUBY SUE,1
RUBYLEIGH,RUBYLEIGH,1
RUCHA,RUCHA,1
RUCHIRA,RUCHIRA,1
RUDHAV,RUDHAV,1
RUDHIRA,RUDHIRA,1
RUDHR,RUDHR,1
RUDHRA,RUDHRA,1
RUDHRAKSHI,RUDHRAKSHI,1
RUDHVED,RUDHVED,1
RUDHVI,RUDHVI,1
RUDHVIKA,RUDHVIKA,1
RUDIE,RUDIE,2
RUDOLFO,RUDOLFO,1
RUDOLPH,RUDOLPH,4
RUDR,RUDR,1
RUDRA,RUDRA,15
RUDRA GOUD,RUDRA GOUD,1
RUDRA VYOM,RUDRA VYOM,1
RUDRAANSH,RUDRAANSH,1
RUDRADEV,RUDRADEV,1
RUDRAKSH,RUDRAKSH,2
RUDRAKSHI,RUDRAKSHI,1
RUDRANSH,RUDRANSH,6
RUDRANSH REDDY,RUDRANSH REDDY,1
RUDRANSHI,RUDRANSHI,1
RUDRAVED,RUDRAVED,2
RUDVED SKANDANSH VARMA,RUDVED SKANDANSH VARMA,1
RUDVIK,RUDVIK,1
RUDY,RUDY,9
RUE,RUE,7
RUEBEN,RUEBEN,1
RUEL,RUEL,1
RUELLE,RUELLE,1
RUFAIDA,RUFAIDA,1
RUFFIN,RUFFIN,1
RUFINO,RUFINO,1
RUFUS,RUFUS,3
RUGER,RUGER,1
RUHAAN,RUHAAN,3
RUHAANI,RUHAANI,1
RUHAMA,RUHAMA,1
RUHAN,RUHAN,1
RUHANI,RUHANI,1
RUHEE,RUHEE,1
RUHI,RUHI,5
RUHI PRABHU,RUHI PRABHU,1
RUI,RUI,2
RUINUO,RUINUO,1
RUIXUAN,RUIXUAN,1
RUIYANG,RUIYANG,1
RUIZ,RUIZ,1
RUKAIYA,RUKAIYA,1
RUKHSANA,RUKHSANA,1
RUMAISA,RUMAISA,1
RUMANI,RUMANI,1
RUMI,RUMI,14
RUMI-RAY,RUMI-RAY,1
RUMINA,RUMINA,1
RUNA,RUNA,1
RUNAY,RUNAY,1
RUNE,RUNE,3
RUNI,RUNI,1
RUQAIYAH,RUQAIYAH,2
RUQAYYA,RUQAYYA,1
RURY,RURY,1
RUS,RUS,1
RUSH,RUSH,11
RUSHANK,RUSHANK,1
RUSHANT,RUSHANT,1
RUSHDA,RUSHDA,1
RUSHIK,RUSHIK,2
RUSHIKA,RUSHIKA,2
RUSHIL,RUSHIL,1
RUSHIL KRISHNA,RUSHIL KRISHNA,1
RUSHIV REDDY,RUSHIV REDDY,1
RUSLAN,RUSLAN,1
RUSLIN,RUSLIN,1
RUSSEL,RUSSEL,1
RUSSELL,RUSSELL,33
RUSTIN,RUSTIN,2
RUSTON,RUSTON,2
RUSTY,RUSTY,1
RUSTYN,RUSTYN,1
RUSUL,RUSUL,1
RUT,RUT,1
RUTA,RUTA,1
RUTH,RUTH,76
RUTH-ANN,RUTH-ANN,1
RUTHA,RUTHA,1
RUTHELLA,RUTHELLA,1
RUTHERFORD,RUTHERFORD,1
RUTHIE,RUTHIE,8
RUTHILA,RUTHILA,1
RUTHVIK,RUTHVIK,1
RUTHVIK REDDY,RUTHVIK REDDY,1
RUTHVIKA,RUTHVIKA,2
RUTHWIKA,RUTHWIKA,1
RUTI,RUTI,1
RUTUL,RUTUL,1
RUTVI,RUTVI,1
RUVEER,RUVEER,1
RUVITH,RUVITH,1
RUWAN,RUWAN,1
RUYA,RUYA,3
RUZAINAH,RUZAINAH,1
RW,RW,1
RY'EAL,RY'EAL,1
RY'JAA,RY'JAA,1
RY'LYNN,RY'LYNN,1
RY'ZUN,RY'ZUN,1
RYA,RYA,3
RYAH,RYAH,3
RYAHN,RYAHN,1
RYALAH,RYALAH,1
RYALL,RYALL,1
RYAN,RYAN,263
RYAN GREGOR,RYAN GREGOR,1
RYANA,RYANA,2
RYANE,RYANE,1
RYANN,RYANN,16
RYANNE,RYANNE,1
RYATT,RYATT,2
RYDEN,RYDEN,6
RYDER,RYDER,92
RYE,RYE,8
RYE'YA,RYE’YA,1
RYEKEN,RYEKEN,1
RYEL,RYEL,1
RYEN,RYEN,2
RYEN ISABELLA,RYEN ISABELLA,1
RYHAN,RYHAN,1
RYHANA,RYHANA,2
RYIEN-REI,RYIEN-REI,1
RYILYND-JAYNE,RYILYND-JAYNE,1
RYKA,RYKA,1
RYKER,RYKER,71
RYLA,RYLA,2
RYLAH,RYLAH,1
RYLAN,RYLAN,42
RYLAND,RYLAND,20
RYLANN,RYLANN,1
RYLEA,RYLEA,1
RYLEE,RYLEE,58
RYLEI,RYLEI,1
RYLEIGH,RYLEIGH,41
RYLEIGH-ANNE,RYLEIGH-ANNE,1
RYLEIGH-LYNN,RYLEIGH-LYNN,1
RYLEN,RYLEN,4
RYLEY,RYLEY,3
RYLI,RYLI,5
RYLIE,RYLIE,18
RYLIN,RYLIN,4
RYLIND,RYLIND,1
RYLIX,RYLIX,1
RYLO,RYLO,4
RYLYNN,RYLYNN,5
RYMAN,RYMAN,1
RYMI,RYMI,1
RYN,RYN,2
RYNLEIGH,RYNLEIGH,1
RYORI,RYORI,1
RYSON,RYSON,2
RYU,RYU,2
RYVER,RYVER,1
RYZA,RYZA,1
RYZE,RYZE,1
RYZEN,RYZEN,1
S'YMPHANY,S'YMPHANY,1
SA'DAII,SA'DAII,1
SA'KAILAH,SA'KAILAH,1
SA'KHANII,SA'KHANII,1
SA'KYLA,SA'KYLA,1
SA'LAIJAH,SA'LAIJAH,1
SA'LYRIC,SA'LYRIC,1
SA'MAIYA,SA'MAIYA,1
SA'MARIYAH,SA'MARIYAH,1
SA'MIYAH,SA'MIYAH,1
SA'MONEI,SA'MONEI,1
SA'MORI,SA'MORI,1
SA'MYAII,SA'MYAII,1
SA'NAI,SA'NAI,1
SA'NALI,SA'NALI,1
SA'NAYE,SA'NAYE,1
SA'NIAH,SA'NIAH,1
SA'NIYAH,SA'NIYAH,3
SA'NYA,SA'NYA,1
SA'RIAH,SA'RIAH,3
SA'RIYAH,SA'RIYAH,4
SA'VEAH,SA'VEAH,1
SA'VION,SA'VION,1
SA'VON,SA'VON,1
SA'YER,SA'YER,1
SAACHI,SAACHI,2
SAAD,SAAD,1
SAADHIKA,SAADHIKA,1
SAADHOK,SAADHOK,1
SAADHVI,SAADHVI,1
SAADIQ,SAADIQ,1
SAADVIK,SAADVIK,1
SAAHAS,SAAHAS,2
SAAHYA,SAAHYA,1
SAAKETH,SAAKETH,1
SAAKETH SAI REDDY,SAAKETH SAI REDDY,1
SAAKSH,SAAKSH,1
SAANCHI,SAANCHI,1
SAANVI,SAANVI,37
SAANVI REDDY,SAANVI REDDY,2
SAANVI SAI,SAANVI SAI,1
SAANVIKA,SAANVIKA,6
SAARA,SAARA,1
SAARANG,SAARANG,1
SAARTH,SAARTH,3
SAASHVIK,SAASHVIK,1
SAATHVIK,SAATHVIK,1
SAATVIK,SAATVIK,2
SAAVAN,SAAVAN,1
SAAVI,SAAVI,4
SAAVYA,SAAVYA,1
SABAA,SABAA,1
SABAE,SABAÉ,1
SABAH,SABAH,1
SABAL,SABAL,1
SABASTIAN,SABASTIAN,1
SABASTIANRAY,SABASTIANRAY,1
SABBATH,SABBATH,1
SABEEN,SABEEN,1
SABER,SABER,1
SABIENE,SABIENE,1
SABIN,SABIN,1
SABINA,SABINA,7
SABINE,SABINE,18
SABINO,SABINO,2
SABIR,SABIR,1
SABOOR,SABOOR,1
SABRAH,SABRAH,1
SABREEN,SABREEN,1
SABRI,SABRI,1
SABRIN,SABRIN,1
SABRINA,SABRINA,37
SABRR,SABRR,1
SACHA,SACHA,3
SACHARY,SACHARY,1
SACHI,SACHI,2
SACHIE LYNN,SACHIE LYNN,1
SACHIKA,SACHIKA,1
SACHIN,SACHIN,3
SACROBI,SACROBI,1
SADAAN,SADAAN,1
SADAF,SADAF,3
SADAI,SADAI,1
SADAQAH,SADAQAH,1
SADBHIK,SADBHIK,1
SADDAT,SADDAT,1
SADE,SADE,1
SADE,SADÉ,1
SADEE,SADEE,1
SADHBH,SADHBH,1
SADIE,SADIE,137
SADIQULLAH,SADIQULLAH,1
SADIYA,SADIYA,2
SADLER,SADLER,5
SADVIK,SADVIK,1
SAED,SAED,1
SAEED,SAEED,3
SAELA,SAELA,1
SAERAC,SAERAC,1
SAFA,SAFA,4
SAFAA,SAFAA,1
SAFAIA,SAFAIA,1
SAFAL,SAFAL,1
SAFAN,SAFAN,1
SAFARI,SAFARI,1
SAFAYA,SAFAYA,1
SAFFIA,SAFFIA,1
SAFFIATOU,SAFFIATOU,1
SAFFRON,SAFFRON,1
SAFI,SAFI,1
SAFIA,SAFIA,2
SAFIETOU,SAFIETOU,1
SAFIR,SAFIR,1
SAFIUDDIN,SAFIUDDIN,1
SAFIYA,SAFIYA,5
SAFIYE,SAFIYE,1
SAFIYYA,SAFIYYA,2
SAFIYYAH,SAFIYYAH,2
SAFWAN,SAFWAN,3
SAGAN,SAGAN,4
SAGE,SAGE,101
SAGGA,SAGGA,1
SAGUN,SAGUN,1
SAH'RAHI,SAH'RAHI,1
SAH'VEYA,SAH'VEYA,1
SAHA,SAHA,1
SAHAANA,SAHAANA,1
SAHAJ,SAHAJ,3
SAHAL,SAHAL,1
SAHALY,SAHALY,1
SAHAN,SAHAN,3
SAHAN SAI,SAHAN SAI,1
SAHANA,SAHANA,13
SAHAND,SAHAND,1
SAHANYA,SAHANYA,2
SAHAR,SAHAR,6
SAHARA,SAHARA,3
SAHARAT,SAHARAT,1
SAHAS,SAHAS,3
SAHASRA,SAHASRA,14
SAHAVI,SAHAVI,1
SAHELI,SAHELI,1
SAHIB,SAHIB,1
SAHIL,SAHIL,8
SAHILY,SAHILY,9
SAHIR,SAHIR,1
SAHIRA,SAHIRA,1
SAHIRAH,SAHIRAH,1
SAHISHNU,SAHISHNU,1
SAHITH,SAHITH,1
SAHITHI,SAHITHI,1
SAHITI,SAHITI,1
SAHJAY,SAHJAY,1
SAHMIR,SAHMIR,1
SAHORI,SAHORI,2
SAI,SAI,2
SAI AADVITH,SAI AADVITH,1
SAI AARNA,SAI AARNA,1
SAI ARJUN,SAI ARJUN,1
SAI ASHRITH,SAI ASHRITH,1
SAI CHARAN,SAI CHARAN,1
SAI DEVANSH,SAI DEVANSH,1
SAI DRUVANSH,SAI DRUVANSH,1
SAI GOWRI,SAI GOWRI,1
SAI HARINI,SAI HARINI,1
SAI KARTHIKAY,SAI  KARTHIKAY,1
SAI KRUTHIKA,SAI KRUTHIKA,1
SAI NIKITH,SAI NIKITH,2
SAI PRANAV,SAI PRANAV,2
SAI REYAANSH,SAI REYAANSH,1
SAI RIHAAN,SAI RIHAAN,1
SAI RUDRAKSH,SAI RUDRAKSH,1
SAI SAMHITHA,SAI SAMHITHA,1
SAI SREESA,SAI SREESA,1
SAI VIHAAN,SAI VIHAAN,2
SAIA,SAIA,1
SAIANSH,SAIANSH,1
SAID,SAID,6
SAID,SAÍD,1
SAIDATOU,SAIDATOU,1
SAIDEY,SAIDEY,1
SAIDHEERAN,SAIDHEERAN,1
SAIDI,SAIDI,1
SAIDY,SAIDY,1
SAIF,SAIF,8
SAIGE,SAIGE,11
SAIKRISH,SAIKRISH,1
SAILEKHYA,SAILEKHYA,1
SAILEM,SAILEM,1
SAILINGESH,SAILINGESH,1
SAILOR,SAILOR,14
SAIMA,SAIMA,1
SAINA,SAINA,1
SAINDHAVI,SAINDHAVI,1
SAINITYA REDDY,SAINITYA REDDY,1
SAINT,SAINT,35
SAINT-AMOUR,SAINT-AMOÚR,1
SAIPRAVAR,SAIPRAVAR,1
SAIRA,SAIRA,6
SAIRE,SAIRE,1
SAIREN,SAIREN,1
SAIRIKA,SAIRIKA,1
SAIRUS,SAIRUS,1
SAIRY,SAIRY,2
SAISARVESH,SAISARVESH,1
SAISHA,SAISHA,5
SAISHLOK,SAISHLOK,1
SAISKANDA,SAISKANDA,1
SAIVAN,SAIVAN,1
SAIVANDHANA,SAIVANDHANA,1
SAIVON,SAIVON,1
SAIYA,SAIYA,1
SAIYAN,SAIYAN,2
SAJA,SAJA,1
SAJAN,SAJAN,2
SAJID,SAJID,2
SAJIT,SAJIT,1
SAJJAD,SAJJAD,2
SAKARI,SAKARI,2
SAKEENA,SAKEENA,1
SAKEENAH,SAKEENAH,1
SAKHI,SAKHI,1
SAKI,SAKI,2
SAKINA,SAKINA,2
SAKINAH,SAKINAH,1
SAKSHI,SAKSHI,1
SAL,SAL,1
SALAAR,SALAAR,3
SALAH,SALAH,1
SALAMATA,SALAMATA,1
SALAR,SALAR,1
SALBA,SALBA,1
SALEAH,SALEAH,2
SALEEM,SALEEM,2
SALEENA,SALEENA,1
SALEH,SALEH,1
SALEILA,SALEILA,1
SALEM,SALEM,31
SALEM SIOUX,SALEM SIOUX,1
SALENA,SALENA,1
SALET,SALET,1
SALHA,SALHA,1
SALI,SALI,1
SALICE,SALICE,4
SALIM,SALIM,1
SALIS-NAMIR,SALIS-NAMIR,1
SALLIE,SALLIE,1
SALLY,SALLY,13
SALLYMATA,SALLYMATA,1
SALMA,SALMA,15
SALMAH,SALMAH,1
SALMAN,SALMAN,1
SALOME,SALOME,4
SALOME,SALOMÉ,1
SALOMEH,SALOMEH,1
SALOMON,SALOMON,6
SALOMON,SALOMÓN,2
SALVADOR,SALVADOR,26
SALVATION,SALVATION,1
SALVATORE,SALVATORE,4
SALWA,SALWA,2
SALYM,SALYM,1
SAM,SAM,31
SAM-MANTHA,SAM-MANTHA,1
SAMA,SAMA,7
SAMADHI,SAMADHI,13
SAMAEL,SAMAEL,2
SAMAHI,SAMAHI,1
SAMAIRA,SAMAIRA,13
SAMAIRA REDDY,SAMAIRA REDDY,1
SAMAISHA,SAMAISHA,1
SAMANTA,SAMANTA,2
SAMANTHA,SAMANTHA,169
SAMANTHA LAUREN,SAMANTHA  LAUREN,1
SAMANVI,SAMANVI,4
SAMANVITA,SAMANVITA,1
SAMANVITHA,SAMANVITHA,4
SAMANYU,SAMANYU,2
SAMANYU REDDY,SAMANYU REDDY,1
SAMAR,SAMAR,12
SAMARA,SAMARA,58
SAMARA,SÁMARA,1
SAMARA-SIRAT,SAMARA-SIRAT,1
SAMARAH,SAMARAH,3
SAMARAN,SAMARAN,1
SAMARHA,SAMARHA,1
SAMARI,SAMARI,1
SAMARIA,SAMARIA,5
SAMARIE,SAMARIE,1
SAMARION,SAMARION,1
SAMARRA,SAMARRA,1
SAMARTH,SAMARTH,5
SAMARVEER,SAMARVEER,1
SAMARY,SAMARY,1
SAMATV,SAMATV,1
SAMATVA,SAMATVA,1
SAMAURI,SAMAURI,1
SAMAY,SAMAY,3
SAMAYA,SAMAYA,2
SAMAYRAH,SAMAYRAH,1
SAMAZYA,SAMAZYA,1
SAMBHAV,SAMBHAV,1
SAMEED,SAMEED,1
SAMEEHAN,SAMEEHAN,1
SAMEEP,SAMEEP,1
SAMEER,SAMEER,3
SAMEERA,SAMEERA,1
SAMEERAH,SAMEERAH,1
SAMERA,SAMERA,1
SAMERY,SAMERY,1
SAMFORD,SAMFORD,1
SAMHITA,SAMHITA,2
SAMHITH,SAMHITH,2
SAMHITHA,SAMHITHA,5
SAMI,SAMI,15
SAMIA,SAMIA,1
SAMIAH,SAMIAH,1
SAMIHAN,SAMIHAN,1
SAMIIRA LAREINA,SAMIIRA LAREINA,1
SAMIK,SAMIK,1
SAMIKA,SAMIKA,2
SAMINA,SAMINA,1
SAMIR,SAMIR,15
SAMIRA,SAMIRA,12
SAMIYA,SAMIYA,3
SAMIYAH,SAMIYAH,2
SAMMIE,SAMMIE,2
SAMMO,SAMMO,1
SAMMUEL,SAMMUEL,2
SAMMY,SAMMY,7
SAMOA,SAMOA,1
SAMONA,SAMONA,1
SAMOON,SAMOON,1
SAMORA,SAMORA,1
SAMPADA,SAMPADA,1
SAMPAU,SAMPAU,1
SAMPRITI,SAMPRITI,1
SAMPSON,SAMPSON,1
SAMRA,SAMRA,1
SAMRAHT,SAMRAHT,1
SAMRAJYA,SAMRAJYA,1
SAMRAT,SAMRAT,2
SAMRATH,SAMRATH,1
SAMRIDDHI,SAMRIDDHI,1
SAMRIT,SAMRIT,2
SAMRITHA,SAMRITHA,1
SAMRUDH,SAMRUDH,3
SAMRUDHI,SAMRUDHI,1
SAMSARA,SAMSARA,1
SAMSON,SAMSON,19
SAMUAL,SAMUAL,1
SAMUALRAY,SAMUALRAY,1
SAMUEL,SAMUEL,412
SAMUEL-EL GOODHEART,SAMUEL-EL GOODHEART,1
SAMVIT,SAMVIT,1
SAMVRUTH,SAMVRUTH,1
SAMY,SAMY,2
SAMYAK,SAMYAK,2
SAMYAR,SAMYAR,1
SAMYOG,SAMYOG,1
SAMYONA,SAMYONA,1
SAMYRA,SAMYRA,1
SAMYUKTA,SAMYUKTA,1
SAMYUKTA REDDY,SAMYUKTA REDDY,1
SAMYUKTHA,SAMYUKTHA,3
SAN GABRIEL,SAN GABRIEL,1
SAN JUANITA,SAN JUANITA,1
SAN REI,SAN REI,1
SANA,SANA,13
SANAA,SANAA,2
SANAAYA,SANAAYA,1
SANAD,SANAD,3
SANAH,SANAH,1
SANAI,SANAI,1
SANAIA,SANAIA,1
SANAM,SANAM,1
SANAV,SANAV,3
SANAYA,SANAYA,7
SANCERRE,SANCERRE,1
SANDER,SANDER,4
SANDERS,SANDERS,1
SANDI,SANDI,1
SANDLER,SANDLER,1
SANDOR,SANDOR,1
SANDRA,SANDRA,14
SANDRKA,SANDRKA,1
SANDRO,SANDRO,1
SANDY,SANDY,3
SANEEZ,SANEEZ,1
SANEM,SANEM,2
SANG,SANG,1
SANGA,SANGA,1
SANGYE,SANGYE,1
SANI,SANI,1
SANIA,SANIA,2
SANIDHYA,SANIDHYA,1
SANIHA,SANIHA,2
SANIJA,SANIJA,1
SANIKA,SANIKA,1
SANIYA,SANIYA,2
SANIYAH,SANIYAH,8
SANJ,SANJ,1
SANJANA,SANJANA,1
SANJANDEV,SANJANDEV,1
SANJAY,SANJAY,2
SANJAY KARTHIK,SANJAY KARTHIK,1
SANJIT,SANJIT,1
SANJITH,SANJITH,2
SANJUANA,SANJUANA,1
SANKEERTH,SANKEERTH,1
SANMAY,SANMAY,1
SANNA,SANNA,1
SANNING,SANNING,1
SANNIYAH,SANNIYAH,1
SANORI,SANORI,1
SANOYA,SANOYA,1
SANSA,SANSA,4
SANSHA,SANSHA,1
SANTALIA,SANTALIA,1
SANTANA,SANTANA,34
SANTHIAGO,SANTHIAGO,3
SANTI,SANTI,9
SANTIAGO,SANTIAGO,446
SANTIAGORAY,SANTIAGORAY,1
SANTIEL,SANTIEL,2
SANTINO,SANTINO,21
SANTIZAEL,SANTIZAEL,1
SANTO,SANTO,2
SANTO DAVID,SANTO DAVÍD,1
SANTOS,SANTOS,27
SANTOS-EMILIANO,SANTOS-EMILIANO,1
SANTOSH,SANTOSH,1
SANTOSHI,SANTOSHI,1
SANVI,SANVI,7
SANVIE,SANVIE,1
SANVIK,SANVIK,1
SANVIKA,SANVIKA,2
SANVITH,SANVITH,1
SANWIKA,SANWIKA,1
SANYA,SANYA,2
SANYIA,SANYIA,1
SAOIRSE,SAOIRSE,15
SAORI,SAORI,1
SAORLAITH,SAORLAITH,1
SAORY,SAORY,1
SAPHIA,SAPHIA,1
SAPHIRA,SAPHIRA,4
SAPHIRE,SAPHIRE,1
SAPPHIRA,SAPPHIRA,1
SAPPHIRE,SAPPHIRE,5
SAPPHYRE,SAPPHYRE,1
SAPRINA,SAPRINA,1
SARA,SARA,82
SARA REDDY,SARA REDDY,1
SARABI,SARABI,1
SARAE,SARAE,1
SARAFINA,SARAFINA,3
SARAH,SARAH,134
SARAH LEAH,SARAH LEAH,1
SARAHBELLA,SARAHBELLA,1
SARAHI,SARAHI,22
SARAHI,SARAHÍ,2
SARAHLEE,SARAHLEE,1
SARAI,SARAI,30
SARAI,SARAÍ,4
SARAI,SARAÌ,1
SARAIAH,SARAIAH,1
SARAIYAH,SARAIYAH,2
SARALEY,SARALEY,1
SARALY,SARALY,1
SARANG,SARANG,1
SARANSH,SARANSH,2
SARANYA,SARANYA,1
SARASVI,SARASVI,1
SARASWATHI,SARASWATHI,1
SARAY,SARAY,1
SARAYAH,SARAYAH,1
SARAYU,SARAYU,8
SARAYU ANVI,SARAYU ANVI,1
SARELY,SARELY,1
SARENITY,SARENITY,1
SARFAWAN,SARFAWAN,1
SARGUN,SARGUN,3
SARIAH,SARIAH,6
SARIANA,SARIANA,1
SARIEL,SARIEL,1
SARINA,SARINA,6
SARITA,SARITA,1
SARIYAH,SARIYAH,8
SAROYA,SAROYA,1
SARRAH,SARRAH,1
SARTAJ,SARTAJ,1
SARTHAK,SARTHAK,1
SARVAGYA,SARVAGYA,1
SARVESH,SARVESH,1
SARVESHKUMAR,SARVESHKUMAR,1
SARVIKA,SARVIKA,1
SASAN,SASAN,1
SASHA,SASHA,42
SASHA REDDY,SASHA REDDY,1
SASHI,SASHI,1
SASHREEK,SASHREEK,1
SASHTIKA,SASHTIKA,1
SASHVIN,SASHVIN,1
SASHWAT,SASHWAT,1
SASKIA,SASKIA,4
SASON,SASON,1
SASSA,SASSA,1
SAT'MONE,SAT'MONE,1
SATASHREE,SATASHREE,1
SATCHA,SATCHA,1
SATHVIK,SATHVIK,3
SATHVIKA,SATHVIKA,1
SATHWIK ARJUNA,SATHWIK ARJUNA,1
SATHYA,SATHYA,1
SATI,SATI,1
SATORI,SATORI,1
SATRIANI,SATRIANI,1
SATSUKI,SATSUKI,2
SATURN,SATURN,1
SATVIK,SATVIK,1
SATWIK,SATWIK,1
SATYA ASMI,SATYA ASMI,1
SATYA RYAN,SATYA RYAN,1
SATYA VIRAJ,SATYA VIRAJ,1
SATYASRI PRAJNA,SATYASRI PRAJNA,1
SAUL,SAUL,44
SAUL,SAÚL,6
SAULO,SAULO,1
SAUNI,SAUNI,1
SAURA,SAURA,1
SAV,SAV,1
SAVAEYAH,SAVAEYAH,1
SAVAGE,SAVAGE,1
SAVANA,SAVANA,1
SAVANAH,SAVANAH,1
SAVANI,SAVANI,1
SAVANNA,SAVANNA,14
SAVANNAH,SAVANNAH,143
SAVANNAH INARA,SAVANNAH INARA,1
SAVANNAH-JANE,SAVANNAH-JANE,1
SAVANT,SAVANT,1
SAVAY,SAVAY,1
SAVAYAH,SAVAYAH,1
SAVEAH,SAVEAH,1
SAVI,SAVI,4
SAVIEL,SAVIEL,1
SAVINO,SAVINO,1
SAVIO,SAVIO,1
SAVION,SAVION,1
SAVON CHANCELLOR,SAVON CHANCELLOR,1
SAVONA,SAVONA,2
SAVVY,SAVVY,2
SAVYA,SAVYA,1
SAWYER,SAWYER,171
SAWYER GRACE,SAWYER GRACE,1
SAX,SAX,1
SAXON,SAXON,11
SAYA,SAYA,2
SAYACA,SAYACA,1
SAYAL,SAYAL,1
SAYANI,SAYANI,1
SAYARA,SAYARA,1
SAYBLE,SAYBLE,1
SAYDA,SAYDA,1
SAYDHIE,SAYDHIE,1
SAYDIE,SAYDIE,1
SAYED SHOAIB,SAYED SHOAIB,1
SAYED ZUHAIR,SAYED ZUHAIR,1
SAYEISHA,SAYEISHA,1
SAYERS,SAYERS,1
SAYESHA,SAYESHA,2
SAYGE,SAYGE,1
SAYLA,SAYLA,2
SAYLAH,SAYLAH,2
SAYLER,SAYLER,2
SAYLOR,SAYLOR,33
SAYLOR-GRACE,SAYLOR-GRACE,1
SAYRA,SAYRA,1
SAYRAH,SAYRAH,1
SAYURI,SAYURI,1
SAYVION,SAYVION,1
SAYYORA,SAYYORA,1
SCARETT,SCARETT,1
SCARLAETT,SCARLAETT,1
SCARLET,SCARLET,27
SCARLETH,SCARLETH,6
SCARLETT,SCARLETT,304
SCARLETT JERAMIEL,SCARLETT  JERAMIEL,1
SCARLETT-ROSE,SCARLETT-ROSE,1
SCARLETTE,SCARLETTE,10
SCEPTER,SCEPTER,1
SCHAEFFER,SCHAEFFER,1
SCHAFFER,SCHAFFER,1
SCHARLIE,SCHARLIE,1
SCHNEUR,SCHNEUR,1
SCHOLLEY,SCHOLLEY,1
SCHUYLER,SCHUYLER,3
SCOTLAND,SCOTLAND,4
SCOTLYN,SCOTLYN,2
SCOTT,SCOTT,23
SCOTTI,SCOTTI,2
SCOTTIE,SCOTTIE,33
SCOTTIE KATE,SCOTTIE KATE,1
SCOTTLYN,SCOTTLYN,6
SCOTTLYNN,SCOTTLYNN,1
SCOTTY,SCOTTY,2
SCOUT,SCOUT,36
SEALEY,SEALEY,1
SEALY,SEALY,1
SEAMUS,SEAMUS,2
SEAN,SEAN,53
SEAN-DANIEL,SEAN-DANIEL,1
SEANNA,SEANNA,1
SEARS,SEARS,1
SEBASHTIAN,SEBASHTIAN,1
SEBASTHIAN,SEBASTHIAN,1
SEBASTIAN,SEBASTIAN,528
SEBASTIAN,SEBASTIÁN,36
SEBASTIAN,SEBASTIÀN,1
SEBASTIAN,SEBASTÍAN,1
SEBASTIAN DOMINIC,SEBASTIAN DOMINIC,1
SEBASTIAN LING HIN,SEBASTIAN LING HIN,1
SEBASTIANO,SEBASTIANO,1
SEBASTIEN,SEBASTIEN,1
SEBASTIEN,SÉBASTIEN,1
SEBBY,SEBBY,1
SEBRENA,SEBRENA,1
SEBRINA,SEBRINA,1
SECIA,SECIA,1
SECRET,SECRET,1
SEDINAM,SEDINAM,1
SEDNA,SEDNA,3
SEDONA,SEDONA,8
SEDRA,SEDRA,1
SEDRICK,SEDRICK,2
SEDRIONE,SEDRIONE,1
SEEMA,SEEMA,1
SEERAT,SEERAT,1
SEETA MANORAMA,SEETA MANORAMA,1
SEETHA,SEETHA,1
SEEYAR,SEEYAR,1
SEFTON,SEFTON,1
SEGEN,SEGEN,1
SEGER,SEGER,1
SEHAJ,SEHAJ,1
SEHARI,SEHARI,1
SEHEJVIR,SEHEJVIR,1
SEHER,SEHER,1
SEHRISH,SEHRISH,1
SEIAH,SEIAH,1
SEIDI,SEIDI,1
SEIF,SEIF,1
SEIJA,SEIJA,1
SEIKO,SEIKO,1
SEILAH,SEILAH,1
SEIN,SEIN,1
SEINA,SEINA,1
SEIRA,SEIRA,1
SEIYA,SEIYA,1
SEJAL,SEJAL,1
SEJUN,SEJUN,1
SEKANI,SEKANI,4
SEKANI,SÉKANI,1
SEKANNI,SEKANNI,1
SEKHANI,SEKHANI,1
SEKHAR,SEKHAR,1
SELAH,SELAH,38
SELAM,SELAM,1
SELAS,SELAS,1
SELBY,SELBY,2
SELDON,SELDON,1
SELEN,SELEN,1
SELENA,SELENA,60
SELENE,SELENE,18
SELENI,SELENI,2
SELENIA,SELENIA,1
SELENY,SELENY,1
SELESTINE,SELESTINE,1
SELGAI,SELGAI,1
SELHAN,SELHAN,1
SELI,SELI,1
SELIM,SELIM,1
SELIN,SELIN,2
SELINA,SELINA,5
SELINE,SELINE,2
SELIYAH,SELIYAH,1
SELKIE,SELKIE,1
SELLA,SELLA,1
SELLAR,SELLAR,1
SELMA,SELMA,6
SELMAN,SELMAN,1
SELVA,SELVA,1
SELVIN,SELVIN,4
SELYA,SELYA,1
SEMA,SEMA,1
SEMADRAY,SEMADRAY,1
SEMAJ,SEMAJ,4
SEMAYI,SEMAYI,1
SEMIRA,SEMIRA,2
SENA,SENA,6
SENAINA,SENAINA,1
SENAN,SENAN,1
SENECA,SENECA,4
SENET,SENET,1
SENNA,SENNA,7
SENNAH,SENNAH,1
SENNEN,SENNEN,1
SENOJ-JAY,SENOJ-JAY,1
SENY,SENY,1
SEONA,SEONA,1
SEOULTAN,SEOULTAN,1
SEPHRA,SEPHRA,1
SEPHRAH,SEPHRAH,1
SEPIDEH,SEPIDEH,1
SEQUOIA,SEQUOIA,3
SERA ANASTASIA,SERA ANASTASIA,1
SERAFINA,SERAFINA,7
SERAPHINA,SERAPHINA,9
SERAPHINE,SERAPHINE,2
SERAT,SERAT,1
SERAYAH,SERAYAH,1
SEREEN,SEREEN,2
SERELLE,SERELLE,1
SEREN,SEREN,3
SERENA,SERENA,40
SERENE,SERENE,2
SERENIDAD,SERENIDAD,1
SERENITI,SERENITI,2
SERENITY,SERENITY,87
SERENITY RAIN,SERENITY RAIN,1
SERENITY'LEE,SERENITY'LEE,1
SERENITY-RONNIE,SERENITY-RONNIE,1
SEREYAH,SEREYAH,1
SERGE,SERGE,1
SERGIO,SERGIO,68
SERIAYA,SERIAYA,1
SERIN,SERIN,1
SERINA,SERINA,1
SERIYAH,SERIYAH,2
SERVANDO,SERVANDO,3
SERYN,SERYN,1
SESHNAG,SESHNAG,1
SESSALEE,SESSALEE,1
SET,SET,2
SETAYESH,SETAYESH,1
SETH,SETH,27
SETH-JACOB,SETH-JACOB,1
SETHASARN,SETHASARN,1
SETRINA,SETRINA,1
SEVAN,SEVAN,1
SEVANI,SEVANI,1
SEVANNA,SEVANNA,2
SEVASTIAN,SEVASTIAN,1
SEVAYA,SEVAYA,1
SEVEIAH,SEVEIAH,1
SEVEN,SEVEN,9
SEVERA,SEVERA,2
SEVERIAN,SEVERIAN,1
SEVERIANO,SEVERIANO,1
SEVERINO,SEVERINO,1
SEVGI,SEVGI,1
SEVIE,SEVIE,1
SEVIN,SEVIN,1
SEVINA,SEVINA,1
SEVN,SEVN,1
SEVYN,SEVYN,9
SEVYNN,SEVYNN,1
SEY'VIER,SEY'VIER,1
SEYAN REDDY,SEYAN REDDY,1
SEYDI,SEYDI,1
SEYEDEH FIONA,SEYEDEH FIONA,1
SEYKAI,SEYKAI,1
SEYNA,SEYNA,1
SEZAI,SEZAI,1
SHA,SHA,1
SHA'LYNN,SHA'LYNN,1
SHA'NAYIA,SHA'NAYIA,1
SHA'NIYA,SHA'NIYA,1
SHA'NIYAH,SHA'NIYAH,1
SHAAMBHAV,SHAAMBHAV,1
SHAAMBHAVI,SHAAMBHAVI,2
SHAAN,SHAAN,8
SHAARAV,SHAARAV,1
SHABAD SIHAN,SHABAD SIHAN,1
SHABAN,SHABAN,1
SHABD,SHABD,1
SHADDAI,SHADDAI,2
SHADEN,SHADEN,1
SHADIEL,SHADIEL,1
SHADIYA,SHADIYA,1
SHADRACH,SHADRACH,1
SHADRACK,SHADRACK,1
SHAE,SHAE,3
SHAELYN,SHAELYN,1
SHAFER,SHAFER,2
SHAFFER,SHAFFER,1
SHAH,SHAH,2
SHAHAAN,SHAHAAN,1
SHAHAB,SHAHAB,1
SHAHAN,SHAHAN,1
SHAHEED,SHAHEED,1
SHAHEEN,SHAHEEN,1
SHAHID,SHAHID,1
SHAHIR,SHAHIR,1
SHAHLI,SHAHLI,1
SHAHM,SHAHM,1
SHAHRAN,SHAHRAN,1
SHAHVEER,SHAHVEER,1
SHAHZAIB,SHAHZAIB,2
SHAHZAIN,SHAHZAIN,1
SHAI,SHAI,13
SHAI'ANNE,SHAI'ANNE,1
SHAIANNE,SHAIANNE,1
SHAIDA,SHAIDA,1
SHAIHEIR,SHAIHEIR,1
SHAILA,SHAILA,3
SHAILEN,SHAILEN,1
SHAILESH,SHAILESH,1
SHAILIE,SHAILIE,1
SHAILJA,SHAILJA,1
SHAINA,SHAINA,3
SHAIRA,SHAIRA,3
SHAISTA,SHAISTA,2
SHAIVEE,SHAIVEE,1
SHAIVI,SHAIVI,1
SHAIVYAA,SHAIVYAA,1
SHAKA,SHAKA,1
SHAKAUNE,SHAKAUNE,1
SHAKILA,SHAKILA,1
SHAKIMA,SHAKIMA,1
SHAKIRAH,SHAKIRAH,1
SHAKKA,SHAKKA,1
SHAKOOR ULLAH,SHAKOOR ULLAH,1
SHAKSHIV,SHAKSHIV,1
SHAKTI,SHAKTI,4
SHAKUR,SHAKUR,1
SHALIN,SHALIN,1
SHALOM,SHALOM,6
SHALTEAR,SHALTEAR,1
SHAMA,SHAMA,1
SHAMBHAV,SHAMBHAV,1
SHAMBHAVI,SHAMBHAVI,1
SHAMEEN,SHAMEEN,1
SHAMIRA,SHAMIRA,1
SHAMITH,SHAMITH,1
SHAMS,SHAMS,3
SHAMUS,SHAMUS,1
SHAMYUN,SHAMYUN,1
SHAN,SHAN,1
SHANAE,SHANAE,1
SHANAV VARMA,SHANAV VARMA,1
SHANAYA,SHANAYA,11
SHANE,SHANE,23
SHANELLE,SHANELLE,3
SHANIA,SHANIA,5
SHANICE,SHANICE,1
SHANILA,SHANILA,1
SHANIRA,SHANIRA,1
SHANITA,SHANITA,1
SHANKAR,SHANKAR,1
SHANKERI,SHANKERI,1
SHANMUKH,SHANMUKH,1
SHANMUKHA,SHANMUKHA,1
SHANMUKHA SAI,SHANMUKHA SAI,1
SHANNA,SHANNA,1
SHANNARA,SHANNARA,1
SHANNAYA,SHANNAYA,1
SHANNON,SHANNON,5
SHANON,SHANON,1
SHANTAL,SHANTAL,2
SHANTANU,SHANTANU,1
SHANTELLE,SHANTELLE,1
SHANTI,SHANTI,1
SHANTILLY,SHANTILLY,1
SHANTU,SHANTU,1
SHANVI,SHANVI,5
SHANVITH,SHANVITH,1
SHANZE,SHANZE,1
SHAQUILLE,SHAQUILLE,1
SHAR,SHAR,1
SHARA,SHARA,1
SHARADHA,SHARADHA,1
SHARAMY,SHARAMY,1
SHARANYA,SHARANYA,2
SHAREEF,SHAREEF,1
SHARELL,SHARELL,1
SHARIKA,SHARIKA,1
SHARINA,SHARINA,1
SHARIYAH,SHARIYAH,1
SHARKY,SHARKY,1
SHARMY ALEXANDRIA,SHARMY ALEXANDRIA,1
SHARNITHA,SHARNITHA,1
SHARON,SHARON,9
SHARVA,SHARVA,2
SHARVANI,SHARVANI,1
SHARVIL,SHARVIL,5
SHARVIN,SHARVIN,4
SHARWIN,SHARWIN,1
SHASHI VYOM,SHASHI VYOM,1
SHASHTIKA,SHASHTIKA,1
SHASHWATH,SHASHWATH,1
SHASIRAE,SHASIRAE,1
SHASTA,SHASTA,1
SHASVIKHA,SHASVIKHA,1
SHAUN,SHAUN,6
SHAUNA,SHAUNA,1
SHAUNAK,SHAUNAK,1
SHAUNEE,SHAUNEE,1
SHAUNIE,SHAUNIE,1
SHAURYA,SHAURYA,10
SHAURYA KUMAR REDDY,SHAURYA KUMAR REDDY,1
SHAURYAA,SHAURYAA,1
SHAVONNI,SHAVONNI,1
SHAWAIZ,SHAWAIZ,1
SHAWANA,SHAWANA,1
SHAWN,SHAWN,21
SHAWNA,SHAWNA,2
SHAWNE,SHAWNE,1
SHAWNN,SHAWNN,1
SHAWRYA,SHAWRYA,1
SHAY,SHAY,10
SHAYA,SHAYA,1
SHAYAAN,SHAYAAN,2
SHAYAN,SHAYAN,3
SHAYDEN,SHAYDEN,1
SHAYE,SHAYE,1
SHAYEL,SHAYEL,1
SHAYLA,SHAYLA,6
SHAYLEE,SHAYLEE,4
SHAYLEN,SHAYLEN,1
SHAYLIN,SHAYLIN,2
SHAYLYNN,SHAYLYNN,2
SHAYMUS,SHAYMUS,1
SHAYNA,SHAYNA,5
SHAYNE,SHAYNE,5
SHAYNLEE,SHAYNLEE,1
SHAZAIN,SHAZAIN,1
SHEA,SHEA,15
SHEADLI,SHEADLI,1
SHECCID,SHECCID,1
SHECIA,SHECIA,1
SHEDDY-RYAN,SHEDDY-RYAN,1
SHEELI,SHEELI,1
SHEERAN,SHEERAN,1
SHEIKH,SHEIKH,1
SHEILA,SHEILA,4
SHEILY,SHEILY,1
SHEILYN,SHEILYN,1
SHELBIE,SHELBIE,1
SHELBY,SHELBY,23
SHELDON,SHELDON,1
SHELLEY,SHELLEY,1
SHELOMO,SHELOMO,1
SHELSY,SHELSY,1
SHELTON,SHELTON,2
SHEM LEVI,SHEM  LEVI,1
SHEMAR,SHEMAR,1
SHEP,SHEP,5
SHEPARD,SHEPARD,26
SHEPARD BLU,SHEPARD BLU,1
SHEPHARD,SHEPHARD,1
SHEPHERD,SHEPHERD,54
SHEPP,SHEPP,2
SHEPPARD,SHEPPARD,2
SHER,SHER,1
SHERIDAN,SHERIDAN,1
SHERIEF,SHERIEF,1
SHERINE,SHERINE,1
SHERLIN,SHERLIN,2
SHERLINE,SHERLINE,1
SHERLOCK,SHERLOCK,2
SHERLY,SHERLY,1
SHERLYN,SHERLYN,14
SHERRIE,SHERRIE,1
SHERROD,SHERROD,1
SHERRY,SHERRY,1
SHERWIN,SHERWIN,1
SHERWOOD,SHERWOOD,1
SHERYLN,SHERYLN,1
SHEYDELL,SHEYDELL,1
SHEYDI,SHEYDI,1
SHEYENNE,SHEYENNE,1
SHEYLA,SHEYLA,7
SHEYLIN,SHEYLIN,2
SHEYLIS,SHEYLIS,1
SHEYLLE,SHEYLLE,1
SHEYNNIS,SHEYNNIS,1
SHEYONA,SHEYONA,1
SHEYREN,SHEYREN,1
SHHIKHA,SHHIKHA,1
SHIA,SHIA,3
SHIANE,SHIANE,1
SHIDZE,SHIDZE,1
SHIELD,SHIELD,1
SHIFA,SHIFA,2
SHIGO,SHIGO,2
SHILO,SHILO,4
SHILOH,SHILOH,68
SHILYN,SHILYN,1
SHIN,SHIN,1
SHINE,SHINE,2
SHINER,SHINER,1
SHINSAY,SHINSAY,1
SHINYRAH,SHINYRAH,1
SHIPHRAH,SHIPHRAH,2
SHIRA,SHIRA,1
SHIRI,SHIRI,2
SHIRIN,SHIRIN,3
SHIRL,SHIRL,1
SHIRLEY,SHIRLEY,7
SHISHIRA,SHISHIRA,1
SHIV,SHIV,7
SHIV MUKESH,SHIV MUKESH,1
SHIVA,SHIVA,5
SHIVA DATTA,SHIVA DATTA,1
SHIVAA,SHIVAA,1
SHIVAAN,SHIVAAN,1
SHIVAANSH,SHIVAANSH,3
SHIVAAY,SHIVAAY,5
SHIVAM,SHIVAM,2
SHIVANI,SHIVANI,4
SHIVANNA,SHIVANNA,1
SHIVANSH,SHIVANSH,9
SHIVANSHI,SHIVANSHI,1
SHIVANSHU,SHIVANSHU,1
SHIVANYA,SHIVANYA,2
SHIVARADHYA,SHIVARADHYA,1
SHIVARAM,SHIVARAM,1
SHIVARSH,SHIVARSH,1
SHIVAY,SHIVAY,1
SHIVEN,SHIVEN,2
SHIVI,SHIVI,1
SHIVIK,SHIVIK,1
SHIVIKA,SHIVIKA,4
SHIVIN,SHIVIN,3
SHIVJOT,SHIVJOT,1
SHIVOM,SHIVOM,1
SHIVRAJ,SHIVRAJ,1
SHIYI,SHIYI,1
SHIYONG,SHIYONG,1
SHIYU,SHIYU,1
SHLOK,SHLOK,4
SHLOKA,SHLOKA,4
SHNEUR,SHNEUR,1
SHO,SHO,1
SHOAIB,SHOAIB,2
SHOAL,SHOAL,1
SHOMARI,SHOMARI,1
SHONIM,SHONIM,1
SHOOTER,SHOOTER,2
SHOSHANA,SHOSHANA,4
SHOSHANNA,SHOSHANNA,2
SHOUMIK,SHOUMIK,1
SHOURJO,SHOURJO,1
SHOURYA,SHOURYA,6
SHOURYA VIHARI,SHOURYA VIHARI,1
SHOYUB,SHOYUB,1
SHRADDHA,SHRADDHA,1
SHRAVAN,SHRAVAN,3
SHRAVI,SHRAVI,1
SHRAVYA,SHRAVYA,2
SHREEDA,SHREEDA,1
SHREEDHA,SHREEDHA,1
SHREEJA,SHREEJA,2
SHREEJITH,SHREEJITH,1
SHREEKAR,SHREEKAR,1
SHREENEIL,SHREENEIL,1
SHREENIKA,SHREENIKA,1
SHREENITYA,SHREENITYA,1
SHREESA,SHREESA,1
SHREEYA,SHREEYA,1
SHREEYAN,SHREEYAN,2
SHREEYANSH,SHREEYANSH,1
SHREEYANVI,SHREEYANVI,1
SHRENIKA,SHRENIKA,1
SHRESHTA,SHRESHTA,3
SHRESHTH,SHRESHTH,1
SHRESON,SHRESON,1
SHRESTA,SHRESTA,1
SHREY,SHREY,3
SHREYA,SHREYA,11
SHREYAAN,SHREYAAN,1
SHREYAN,SHREYAN,5
SHREYAN REDDY,SHREYAN REDDY,1
SHREYANSH,SHREYANSH,5
SHREYANSH REDDY,SHREYANSH REDDY,1
SHREYAS,SHREYAS,6
SHREYAS REDDY,SHREYAS REDDY,1
SHREYASH,SHREYASH,1
SHREYASH REDDY,SHREYASH  REDDY,1
SHREYASI,SHREYASI,1
SHRI ADHVAITH,SHRI ADHVAITH,1
SHRIDHI,SHRIDHI,1
SHRIHAN,SHRIHAN,2
SHRIJANI,SHRIJANI,1
SHRIJAY,SHRIJAY,1
SHRIKA,SHRIKA,3
SHRIKA REDDY,SHRIKA REDDY,1
SHRIKARI,SHRIKARI,1
SHRIKHA,SHRIKHA,1
SHRIMAAN SAI SURI,SHRIMAAN SAI SURI,1
SHRIMAY,SHRIMAY,1
SHRINAY,SHRINAY,3
SHRINIKA,SHRINIKA,5
SHRINIT,SHRINIT,1
SHRINITHI,SHRINITHI,1
SHRIRAJ,SHRIRAJ,1
SHRIRAM,SHRIRAM,2
SHRISHA,SHRISHA,2
SHRISTY,SHRISTY,1
SHRITHA,SHRITHA,1
SHRITHIK,SHRITHIK,2
SHRITHIK REDDY,SHRITHIK REDDY,4
SHRITHIK VED,SHRITHIK VED,1
SHRIVEDH,SHRIVEDH,1
SHRIVI REDDY,SHRIVI REDDY,1
SHRIYA,SHRIYA,7
SHRIYAAN,SHRIYAAN,3
SHRIYAN,SHRIYAN,9
SHRIYANS,SHRIYANS,1
SHRIYUKT,SHRIYUKT,1
SHRUT,SHRUT,1
SHU-MANN,SHU-MANN,1
SHU-YUE,SHU-YUE,1
SHUBAN,SHUBAN,1
SHUBH,SHUBH,5
SHUBHA,SHUBHA,1
SHUBHRA,SHUBHRA,1
SHULAMITH,SHULAMITH,1
SHUN,SHUN,1
SHUNTA'NAE,SHUNTA'NAE,1
SHUQI,SHUQI,1
SHUVA,SHUVA,1
SHWAN,SHWAN,1
SHWAS,SHWAS,1
SHWETA,SHWETA,1
SHY,SHY,2
SHYANNE,SHYANNE,1
SHYEANNE,SHYEANNE,1
SHYERA,SHYERA,1
SHYLA,SHYLA,2
SHYLAH,SHYLAH,1
SHYLO,SHYLO,1
SHYLOH,SHYLOH,3
SHYNA,SHYNA,1
SHYNE,SHYNE,2
SHYRA,SHYRA,1
SI'AIRE,SI'AIRE,1
SI'TKO,SI'TKO,1
SIA,SIA,11
SIAH,SIAH,1
SIAN,SIAN,2
SIANA,SIANA,3
SIANI,SIANI,1
SIANNA,SIANNA,2
SIANNEY,SIANNEY,1
SIANY,SIANY,1
SIARA,SIARA,6
SIARA AISHANI,SIARA AISHANI,1
SIARRA,SIARRA,1
SIAVASH,SIAVASH,1
SIAYA,SIAYA,1
SIBA,SIBA,1
SIBLEY,SIBLEY,1
SIBMA,SIBMA,2
SIBORA,SIBORA,1
SIBYL,SIBYL,3
SICILIA,SICILIA,1
SICILY,SICILY,3
SID,SID,2
SIDARTH,SIDARTH,1
SIDDALEE,SIDDALEE,1
SIDDARTH,SIDDARTH,1
SIDDH,SIDDH,1
SIDDHANSH,SIDDHANSH,1
SIDDHANT,SIDDHANT,3
SIDDHANTH REDDY,SIDDHANTH REDDY,1
SIDDHARTH,SIDDHARTH,12
SIDDHARTH REDDY,SIDDHARTH REDDY,1
SIDDHARTH RUDRA,SIDDHARTH RUDRA,1
SIDDHARTHA,SIDDHARTHA,1
SIDDHI,SIDDHI,2
SIDH,SIDH,1
SIDH AARUSH,SIDH AARUSH,1
SIDHA,SIDHA,1
SIDHANT ARYAN,SIDHANT ARYAN,1
SIDHARTH,SIDHARTH,4
SIDHARTH SRINIVAS,SIDHARTH SRINIVAS,1
SIDJAY,SIDJAY,1
SIDNEY,SIDNEY,18
SIDORYA,SIDORYA,1
SIDRA,SIDRA,2
SIDRA EMILIA,SIDRA EMILIA,1
SIDRAH,SIDRAH,1
SIDRATUL,SIDRATUL,1
SIDY,SIDY,1
SIDYUT,SIDYUT,1
SIE,SIÉ,1
SIEA,SIEA,1
SIEGFRIED,SIEGFRIED,1
SIENA,SIENA,31
SIENNA,SIENNA,99
SIENNA LYNN,SIENNA LYNN,1
SIENNAH,SIENNAH,1
SIENNE,SIENNE,2
SIERRA,SIERRA,21
SIGAL,SIGAL,1
SIGGI,SIGGI,2
SIGOURNEY,SIGOURNEY,1
SIGR,SIGR,1
SIGRID,SIGRID,3
SIGURD,SIGURD,1
SIHA,SIHA,1
SIHI,SIHI,1
SIKHARA,SIKHARA,1
SIKOLA,SIKOLA,1
SILA,SILA,3
SILAS,SILAS,137
SILIN,SILIN,1
SILOAM,SILOAM,1
SILOUAN,SILOUAN,1
SILVA,SILVA,1
SILVANA,SILVANA,3
SILVANO,SILVANO,1
SILVER,SILVER,1
SILVESTRE,SILVESTRE,1
SILVIA,SILVIA,12
SILVIANO,SILVIANO,1
SILVIO,SILVIO,3
SIM,SIM,1
SIMA,SIMA,1
SIMAR,SIMAR,1
SIMBA,SIMBA,1
SIMEON,SIMEON,7
SIMILIANO,SIMILIANO,1
SIMMS,SIMMS,1
SIMON,SIMON,74
SIMON,SIMÓN,2
SIMON GALE,SIMON GALE,1
SIMONA,SIMONA,5
SIMONE,SIMONE,27
SIMONNE,SIMONNE,1
SIMRA,SIMRA,1
SIMRAN,SIMRAN,4
SIMREET,SIMREET,1
SIMRIN,SIMRIN,1
SIMRUN,SIMRUN,1
SIMS,SIMS,1
SIMU,SIMU,1
SIN'CIER,SIN'CIER,1
SINA,SINA,2
SINAI,SINAI,4
SINAN,SINAN,2
SINANNA,SINANNA,1
SINAY,SINAY,1
SINAYA,SINAYA,1
SINCERE,SINCERE,19
SINCLAIR,SINCLAIR,2
SINCLAIRE,SINCLAIRE,1
SINDAMA,SINDAMA,1
SINDHURA,SINDHURA,1
SINDY,SINDY,1
SINEAD,SINEAD,1
SINIT,SINIT,1
SINYA,SINYA,1
SIOBHAN,SIOBHAN,6
SIOBHAN,SIOBHÁN,1
SIOMARA,SIOMARA,1
SION,SION,1
SIONA,SIONA,2
SIORUS,SIORUS,1
SIPARA,SIPARA,1
SIPRIANA,SIPRIANA,1
SIR,SIR,8
SIR WILLIAM,SIR WILLIAM,2
SIR'KANDEN,SIR'KANDEN,1
SIR'LEGEND,SIR'LEGEND,1
SIR'OZZY,SIR'OZZY,1
SIR'RONNICA,SIR'RONNICA,1
SIRAJ,SIRAJ,2
SIRAN,SIRAN,1
SIRE,SIRE,6
SIRELI,SIRELI,1
SIRENA,SIRENA,2
SIRI,SIRI,2
SIRION,SIRION,1
SIRIUS,SIRIUS,2
SIRJAN,SIRJAN,1
SISILIA,SISILIA,1
SISIRA,SISIRA,3
SISMAI,SISMAI,1
SISTINE,SISTINE,1
SITARA,SITARA,5
SITHARA,SITHARA,5
SIUL,SÍUL,1
SIVAN,SIVAN,1
SIWAR,SIWAR,1
SIWOO,SIWOO,1
SIX,SIX,1
SIXTO,SIXTO,1
SIYA,SIYA,15
SIYAAN,SIYAAN,2
SIYAH,SIYAH,1
SIYANSHI,SIYANSHI,1
SIYON,SIYON,1
SIYONA,SIYONA,1
SJAAD,SJAAD,1
SJANA,SJANA,1
SKAI,SKAI,4
SKANDA,SKANDA,1
SKANDAANSHI,SKANDAANSHI,1
SKANDAH,SKANDAH,1
SKANDAN,SKANDAN,2
SKANDANSH,SKANDANSH,1
SKANDHA,SKANDHA,1
SKARLETH,SKARLETH,1
SKARLETT,SKARLETT,3
SKEIGH,SKEIGH,1
SKIILYNN,SKIILYNN,1
SKY,SKY,29
SKY'ANN,SKY'ANN,1
SKY'LAR-ROSE,SKY'LAR-ROSE,1
SKYAH,SKYAH,1
SKYE,SKYE,35
SKYELYNN,SKYELYNN,2
SKYLA,SKYLA,11
SKYLAH,SKYLAH,4
SKYLAN,SKYLAN,1
SKYLAR,SKYLAR,102
SKYLAR ROSE,SKYLAR ROSE,2
SKYLAR YEN,SKYLAR YEN,1
SKYLAR-IVY,SKYLAR-IVY,1
SKYLEE,SKYLEE,1
SKYLELAN,SKYLELAN,1
SKYLEN,SKYLEN,1
SKYLER,SKYLER,25
SKYLIN,SKYLIN,2
SKYLOR,SKYLOR,1
SKYLYN,SKYLYN,2
SKYLYNN,SKYLYNN,2
SKYRAH,SKYRAH,1
SKYY,SKYY,1
SLADE,SLADE,12
SLAID,SLAID,1
SLATE,SLATE,3
SLATER,SLATER,7
SLAVA,SLAVA,1
SLAYTON,SLAYTON,2
SLESHI,SLESHI,1
SLOAN,SLOAN,59
SLOANE,SLOANE,128
SLOANTI,SLOANTI,1
SLOKA,SLOKA,2
SLOKH,SLOKH,1
SLONCEO,SLONCEO,1
SMAHI,SMAHI,1
SMAIYRA,SMAIYRA,1
SMARAN,SMARAN,1
SMAYA,SMAYA,4
SMAYA REDDY,SMAYA REDDY,1
SMAYAN,SMAYAN,1
SMERA,SMERA,2
SMITH,SMITH,8
SMRITHI,SMRITHI,1
SMYAN,SMYAN,1
SMYRA,SMYRA,1
SNAYDER,SNAYDER,1
SNEH,SNEH,1
SNEYDER,SNEYDER,1
SNEZHANA,SNEZHANA,1
SNITHI,SNITHI,1
SNITHIKA,SNITHIKA,1
SNIYA,SNIYA,1
SNOH,SNOH,1
SO-MI,SO-MI,1
SOALI,SOALI,1
SOANY,SOANY,1
SOARA,SOARA,1
SOBAAN,SOBAAN,1
SOBHAN,SOBHAN,1
SOCORRO,SOCORRO,1
SOCRATES,SOCRATES,2
SODAIS,SODAIS,1
SOELLA,SOËLLA,1
SOFEE,SOFEE,1
SOFFIA,SOFFIA,1
SOFHIA,SOFHIA,1
SOFI,SOFI,4
SOFIA,SOFIA,512
SOFIA,SOFÍA,15
SOFIA ADRIANNA,SOFIA  ADRIANNA,1
SOFIA ALEXIS,SOFIA ALEXIS,1
SOFIA VALENTINA,SOFIA VALENTINA,1
SOFIANE,SOFIANE,1
SOFIE,SOFIE,11
SOFIYA,SOFIYA,3
SOHA,SOHA,3
SOHAIL,SOHAIL,3
SOHAM,SOHAM,2
SOHAN,SOHAN,3
SOHANY,SOHANY,1
SOHELA,SOHELA,1
SOHIL,SOHIL,1
SOHUM,SOHUM,3
SOHUM SAI,SOHUM SAI,1
SOHUN,SOHUN,1
SOILA,SOILA,1
SOJOURNER,SOJOURNER,2
SOKARI,SOKARI,1
SOL,SOL,32
SOL SCARLETT,SOL SCARLETT,1
SOL'JAH,SOL'JAH,1
SOL'LEYAH,SOL'LEYAH,1
SOLACE,SOLACE,3
SOLAI,SOLAI,1
SOLAI,SOLAÍ,1
SOLAIA,SOLAIA,1
SOLANA,SOLANA,7
SOLANA,SOLÁNA,1
SOLANO,SOLANO,1
SOLANY,SOLANY,1
SOLAR,SOLAR,1
SOLARA,SOLARA,4
SOLDIER,SOLDIER,1
SOLEDAD,SOLEDAD,4
SOLEI,SOLEI,2
SOLEIAH,SOLEIAH,1
SOLEIL,SOLEIL,9
SOLEILA,SOLEILA,1
SOLEIYA,SOLEIYA,1
SOLEMAR,SOLEMAR,2
SOLENA,SOLENA,2
SOLENE,SOLENE,2
SOLENE,SOLÈNE,1
SOLENE,SOLÉNE,1
SOLENI,SOLENI,1
SOLENNA,SOLENNA,1
SOLENNE,SOLENNE,2
SOLEY,SOLEY,2
SOLI,SOLI,1
SOLIANA,SOLIANA,2
SOLIHA,SOLIHA,1
SOLIKA,SOLIKA,1
SOLIS,SOLIS,1
SOLIS,SOLÍS,1
SOLISEYA,SOLISEYA,1
SOLKY,SOLKY,1
SOLOMAN,SOLOMAN,1
SOLOMIA,SOLOMIA,2
SOLOMON,SOLOMON,29
SOLOMON SILAS,SOLOMON SILAS,1
SOLON,SOLON,1
SOLSTICE,SOLSTICE,1
SOLSTICIA,SOLSTICIA,1
SOLYANA,SOLYANA,1
SOLYMAR,SOLYMAR,1
SOMAYA,SOMAYA,5
SOMHIE,SOMHIE,1
SOMIE,SOMIE,1
SOMIL,SOMIL,2
SOMMER,SOMMER,1
SONA,SONA,3
SONALI,SONALI,2
SONDER,SONDER,1
SONIA,SONIA,11
SONIYAH,SONIYAH,1
SONJA,SONJA,4
SONJDRA,SONJDRA,1
SONNI,SONNI,2
SONNIE,SONNIE,1
SONNY,SONNY,53
SONOMA,SONOMA,4
SONORA,SONORA,10
SONORA LYNN,SONORA LYNN,1
SONYA,SONYA,5
SOOHI,SOOHI,1
SOOHO,SOOHO,1
SOON,SOON,1
SOPHIA,SOPHIA,522
SOPHIA GRACE,SOPHIA GRACE,1
SOPHIA SAINT JAMES,SOPHIA SAINT JAMES,1
SOPHIE,SOPHIE,164
SOPHYIAH,SOPHYIAH,1
SORA,SORA,4
SORANA,SORANA,1
SORAYA,SORAYA,11
SORCHA,SORCHA,1
SORELLA,SORELLA,1
SORELYS,SORELYS,1
SOREN,SOREN,32
SORIAH,SORIAH,1
SORIAYA,SORIAYA,1
SORIN,SORIN,5
SORIYAH,SORIYAH,1
SORNIM,SORNIM,1
SORREN,SORREN,1
SOSENA,SOSENA,1
SOSIE,SOSIE,2
SOTERA,SOTERA,1
SOTERO,SOTERO,1
SOTIRIOS,SOTIRIOS,1
SOUFIA,SOUFIA,1
SOUL,SOUL,2
SOULENE,SOULENE,1
SOULIE,SOULIE,1
SOULJA,SOULJA,1
SOUREESH,SOUREESH,1
SOURI,SOURI,1
SOURISH RAJ,SOURISH RAJ,1
SOURYA,SOURYA,1
SOUTHERN,SOUTHERN,2
SOYASHA,SOYASHA,1
SOYLA,SOYLA,1
SPANDAN,SPANDAN,1
SPELLER,SPELLER,1
SPENCE,SPENCE,3
SPENCER,SPENCER,45
SPEROS,SPEROS,1
SPIRIT,SPIRIT,2
SPOGMAI,SPOGMAI,1
SPREEHA,SPREEHA,1
SPRIHA,SPRIHA,1
SPRING,SPRING,2
SPRUCE,SPRUCE,1
SRA,SRA,1
SRAGVI,SRAGVI,1
SREE VYAHRUTHI,SREE VYAHRUTHI,1
SREEHITHA,SREEHITHA,1
SREEHITHA REDDY,SREEHITHA REDDY,1
SREEJAY,SREEJAY,1
SREEJAYANSH,SREEJAYANSH,1
SREENIDHI,SREENIDHI,1
SREENIKA,SREENIKA,2
SREERAM AGASTHYA,SREERAM AGASTHYA,1
SREEYA,SREEYA,1
SRETHIK,SRETHIK,1
SREYA,SREYA,1
SRI AADHYA,SRI AADHYA,1
SRI AADYA,SRI AADYA,1
SRI ABHINAV,SRI ABHINAV,1
SRI AISHWARYA,SRI AISHWARYA,1
SRI AKSHAJ,SRI AKSHAJ,1
SRI AVYAN REDDY,SRI AVYAN REDDY,1
SRI CHARANI,SRI CHARANI,1
SRI DAKSHIT KRISHNA,SRI DAKSHIT KRISHNA,1
SRI DVITHI,SRI DVITHI,1
SRI JAHNAVI,SRI JAHNAVI,1
SRI KATYAYANI VIDHIGNA,SRI KATYAYANI VIDHIGNA,1
SRI NAGAJA,SRI NAGAJA,1
SRI VALLI,SRI VALLI,1
SRIAADHYA,SRIAADHYA,1
SRIANSH,SRIANSH,2
SRIANSHA,SRIANSHA,1
SRICHARAN REDDY,SRICHARAN REDDY,1
SRIDEVI,SRIDEVI,1
SRIDHA,SRIDHA,1
SRIDYUTHI,SRIDYUTHI,1
SRIHAAN,SRIHAAN,4
SRIHAN,SRIHAN,1
SRIHANSH,SRIHANSH,1
SRIHARI,SRIHARI,1
SRIHITH,SRIHITH,1
SRIHITHA,SRIHITHA,2
SRIJAY,SRIJAY,1
SRIKAR REDDY,SRIKAR REDDY,1
SRIKARI,SRIKARI,1
SRIKRITI,SRIKRITI,1
SRIKRUTHI,SRIKRUTHI,1
SRILA,SRILA,1
SRIMAAN,SRIMAAN,1
SRIMAIRA REDDY,SRIMAIRA REDDY,1
SRIMAN,SRIMAN,1
SRINANDHAN,SRINANDHAN,1
SRINI,SRINI,1
SRINIDHI,SRINIDHI,1
SRINIHIRA,SRINIHIRA,1
SRINIKA,SRINIKA,9
SRINIKESH,SRINIKESH,1
SRIRAM,SRIRAM,6
SRIRAM KARTHIK,SRIRAM KARTHIK,1
SRISA,SRISA,1
SRISANTHOSHI,SRISANTHOSHI,1
SRISH,SRISH,1
SRISHTI,SRISHTI,1
SRITHA MAANVI,SRITHA MAANVI,1
SRITHAN,SRITHAN,1
SRIVAISHNAVI,SRIVAISHNAVI,1
SRIVANTH ATHARVA,SRIVANTH ATHARVA,1
SRIYA,SRIYA,4
SRIYAAN,SRIYAAN,1
SRIYAN,SRIYAN,6
SRIYAN REDDY,SRIYAN REDDY,1
SRIYANI,SRIYANI,1
SRIYANSH,SRIYANSH,3
ST'VAIYAH,ST'VAIYAH,1
STACEY,STACEY,5
STACIE,STACIE,4
STACY,STACY,7
STACY GAELLE,STACY GAELLE,1
STAEHELY,STAEHELY,1
STAFON,STAFON,1
STAICY,STAICY,1
STAISY,STAISY,1
STANFORD,STANFORD,1
STANIS,STANIS,1
STANISLAS,STANISLAS,1
STANLEE,STANLEE,1
STANLEY,STANLEY,16
STANTON,STANTON,1
STAR,STAR,3
STAR ASIA,STAR ASIA,1
STARLA,STARLA,2
STARLEE,STARLEE,1
STARLET,STARLET,2
STASCIA,STASCIA,1
STASIA,STASIA,1
STASSI,STASSI,1
STASSNEY,STASSNEY,1
STATE,STATE,1
STATION,STATION,1
STATLER,STATLER,1
STAYTON,STAYTON,1
STAZNIE,STAZNIE,1
STEBAN,STEBAN,1
STEELE,STEELE,9
STEELEE,STEELEE,1
STEELEY,STEELEY,1
STEELIE,STEELIE,3
STEELY,STEELY,2
STEEVIE,STEEVIE,1
STEFAN,STEFAN,6
STEFANIA,STEFANIA,1
STEFANIE,STEFANIE,2
STEFANO,STEFANO,3
STEFFANIE,STEFFANIE,1
STEFFANY,STEFFANY,2
STEFFERON,STEFFERON,1
STEFFI,STEFFI,1
STEFHANIE,STEFHANIE,1
STEFHANY,STEFHANY,1
STEFON,STEFON,1
STEINER,STEINER,1
STEISY,STEISY,1
STELLA,STELLA,221
STELLA JADE,STELLA JADE,1
STELLA LORENZZO,STELLA LORENZZO,1
STELLA LUNA,STELLA LUNA,1
STELLAN,STELLAN,8
STELLEN,STELLEN,1
STELLIE,STELLIE,1
STENLIND,STENLIND,1
STEPHAN,STEPHAN,5
STEPHANIA,STEPHANIA,2
STEPHANIE,STEPHANIE,59
STEPHANIE CARA,STEPHANIE CARA,1
STEPHANNY,STEPHANNY,1
STEPHANO,STEPHANO,1
STEPHANY,STEPHANY,11
STEPHEN,STEPHEN,40
STEPHON,STEPHON,2
STERLING,STERLING,68
STERLING-ARCHER,STERLING-ARCHER,1
STERNA,STERNA,1
STERYLING,STERYLING,1
STERYOS-ALEXANDER,STERYOS-ALEXANDER,1
STETSON,STETSON,59
STEVE,STEVE,9
STEVEN,STEVEN,59
STEVENS,STEVENS,1
STEVI,STEVI,2
STEVIE,STEVIE,56
STEVIE RAE,STEVIE RAE,1
STEVIE-JO,STEVIE-JO,1
STEVON,STEVON,1
STEWART,STEWART,1
STEYR,STEYR,1
STHEFANY,STHEFANY,1
STHEICY,STHEICY,1
STHUTI,STHUTI,1
STILES,STILES,2
STIRLING,STIRLING,3
STIVEN,STIVEN,2
STIVER,STIVER,1
STOCKTON,STOCKTON,2
STOKELY,STOKELY,1
STOKLEY,STOKLEY,1
STONE,STONE,24
STONEY,STONEY,3
STOREY,STOREY,1
STORI,STORI,2
STORIE,STORIE,2
STORII,STORII,1
STORM,STORM,5
STORMI,STORMI,8
STORMI,STORMÏ,1
STORMY,STORMY,7
STORY,STORY,6
STORY-MICHELE,STORY-MICHELE,1
STOTRA,STOTRA,1
STRAIT,STRAIT,1
STRAND,STRAND,1
STRATTON,STRATTON,3
STRIDER,STRIDER,2
STRUMMER,STRUMMER,1
STRYDER,STRYDER,2
STRYKER,STRYKER,2
STUAR,STUAR,1
STUART,STUART,5
STURGILL,STURGILL,1
STUTHI,STUTHI,1
STUTI,STUTI,1
STYLES,STYLES,1
SUADE,SUADE,1
SUANSH,SUANSH,1
SUARLY,SUARLY,1
SUARLYN,SUARLYN,1
SUAVE',SUAVE',1
SUBHAN,SUBHAN,3
SUBHANULLAH,SUBHANULLAH,1
SUBHASH VIRA,SUBHASH VIRA,1
SUBODH,SUBODH,1
SUBRINA,SUBRINA,1
SUCCESS,SUCCESS,1
SUCHETAN REDDY,SUCHETAN REDDY,1
SUDAMA,SUDAMA,1
SUDARSHAN,SUDARSHAN,2
SUDHAIV,SUDHAIV,1
SUDHANVA,SUDHANVA,1
SUDHIKSHA,SUDHIKSHA,1
SUEDE,SUEDE,6
SUFANYA,SUFANYA,1
SUFIA,SUFIA,1
SUFIYAAN,SUFIYAAN,1
SUFIYAN,SUFIYAN,2
SUFYAN,SUFYAN,1
SUGEY,SUGEY,1
SUGEY-SIELLE,SUGEY-SIELLE,1
SUHAANI,SUHAANI,1
SUHAAS,SUHAAS,1
SUHAIB,SUHAIB,1
SUHAN,SUHAN,3
SUHANA,SUHANA,4
SUHANI,SUHANI,1
SUHANTH,SUHANTH,2
SUHANYA,SUHANYA,1
SUHARIN VIHAAN,SUHARIN VIHAAN,1
SUHAS,SUHAS,1
SUHRUTH,SUHRUTH,2
SUJAY,SUJAY,2
SUJEY,SUJEY,1
SUJEYLEE,SUJEYLEE,1
SUJOOD,SUJOOD,1
SUKHRAJ,SUKHRAJ,1
SUKIE,SUKIE,1
SUKRITH,SUKRITH,1
SULA,SULA,3
SULAB,SULAB,1
SULAIMAN,SULAIMAN,1
SULAYMAN,SULAYMAN,1
SULEIMAAN,SULEIMAAN,1
SULEIMAN,SULEIMAN,8
SULEIMY,SULEIMY,1
SULEYMI,SULEYMI,1
SULIMAN,SULIMAN,1
SULIN,SULIN,1
SULLIVAN,SULLIVAN,32
SULLY,SULLY,2
SULLYVAN,SULLYVAN,1
SULMA,SULMA,1
SULTAN,SULTAN,5
SUMAIR,SUMAIR,1
SUMARAH,SUMARAH,1
SUMAYA,SUMAYA,2
SUMAYAH,SUMAYAH,1
SUMAYYA,SUMAYYA,1
SUMAYYAH,SUMAYYAH,1
SUMEDH,SUMEDH,1
SUMEDH ROHIT,SUMEDH ROHIT,1
SUMEYRA,SUMEYRA,1
SUMITRA,SUMITRA,1
SUMMER,SUMMER,77
SUMMER AMOR,SUMMER AMOR,1
SUMMER-RAIN,SUMMER-RAIN,1
SUMMERLIN,SUMMERLIN,1
SUMMERLYN,SUMMERLYN,1
SUMMERRAYA,SUMMERRAYA,1
SUMMIT,SUMMIT,2
SUMNER,SUMNER,1
SUMUKH,SUMUKH,1
SUN,SUN,2
SUNALI,SUNALI,1
SUNAY,SUNAY,1
SUNDAI,SUNDAI,1
SUNDANCE,SUNDANCE,1
SUNDAY,SUNDAY,13
SUNDJA,SUNDJA,1
SUNDUS,SUNDUS,1
SUNEET,SUNEET,1
SUNEM,SUNEM,1
SUNIYA,SUNIYA,1
SUNJAIYOGGAN,SUNJAIYOGGAN,1
SUNNI,SUNNI,2
SUNNIE,SUNNIE,5
SUNNIVA,SUNNIVA,2
SUNNY,SUNNY,58
SUNSHINE,SUNSHINE,6
SUNTERRA,SUNTERRA,1
SUNWOO,SUNWOO,1
SUPREME,SUPREME,1
SUPRINA,SUPRINA,2
SUR,SUR,1
SURA,SURA,1
SURABHI,SURABHI,1
SURABULLAH,SURABULLAH,1
SURAFEL,SURAFEL,1
SURAYA,SURAYA,1
SURAYYA,SURAYYA,1
SUREN,SUREN,1
SURENE,SURENE,1
SURESH,SURESH,1
SUREYNAH,SUREYNAH,1
SURI,SURI,10
SURIAH,SURIAH,1
SURIEL,SURIEL,1
SURIX,SURIX,1
SURY,SURY,3
SURYA,SURYA,6
SURYAANSH,SURYAANSH,1
SURYAN,SURYAN,1
SURYANSH,SURYANSH,3
SURYAVIHAAN,SURYAVIHAAN,1
SUSA,SUSA,1
SUSADIE,SUSADIE,1
SUSAN,SUSAN,13
SUSANA,SUSANA,3
SUSANNA,SUSANNA,11
SUSANNAH,SUSANNAH,8
SUSHANT,SUSHANT,1
SUSHANTH,SUSHANTH,1
SUSHRUT,SUSHRUT,1
SUSHRUTH REDDY,SUSHRUTH REDDY,1
SUSIE,SUSIE,1
SUTHERLY,SUTHERLY,1
SUTHERN,SUTHERN,1
SUTTER,SUTTER,2
SUTTON,SUTTON,70
SUTTON-LEIGH,SUTTON-LEIGH,1
SUTTYN,SUTTYN,2
SUVAN,SUVAN,2
SUVARNA,SUVARNA,1
SUVI,SUVI,3
SUVRAT,SUVRAT,1
SUYA,SUYA,1
SUYAPA,SUYAPA,1
SUYOG,SUYOG,1
SUZANNA,SUZANNA,3
SUZANNAH,SUZANNAH,1
SUZANNE,SUZANNE,3
SUZANNE MINH KHUE,SUZANNE MINH KHUE,1
SUZETTE,SUZETTE,1
SVANA,SVANA,1
SVEA,SVEA,3
SVIKA,SVIKA,1
SVOJAS,SVOJAS,2
SWADE,SWADE,2
SWADHA,SWADHA,1
SWAKSHA,SWAKSHA,1
SWAKSHI,SWAKSHI,1
SWARA,SWARA,10
SWAY,SWAY,2
SWAYDE,SWAYDE,2
SWAYZE,SWAYZE,1
SWECHA,SWECHA,1
SWEETHEART,SWEETHEART,1
SWIFT,SWIFT,1
SWOJAS,SWOJAS,1
SY'AIR,SY'AIR,1
SY'AIRE,SY'AIRE,1
SY'ERRE,SY'ERRE,1
SY'IRE,SY'IRE,1
SY'LYN,SY'LYN,1
SY'MAYA,SY'MAYA,1
SY'MIER,SY'MIER,1
SY'ONE,SY'ONE,1
SY'RIAH,SY'RIAH,1
SYAAN,SYAAN,1
SYAH,SYAH,1
SYAN,SYAN,2
SYBIL,SYBIL,9
SYBILIA,SYBILIA,1
SYDEIR,SYDEIR,1
SYDEL,SYDEL,1
SYDNEE,SYDNEE,1
SYDNEY,SYDNEY,67
SYDNIE,SYDNIE,1
SYED,SYED,3
SYED AZMI,SYED AZMI,1
SYED HUSAYN,SYED HUSAYN,1
SYED OMAR,SYED OMAR,1
SYED SHAH AHMED,SYED SHAH AHMED,1
SYED SHAH MOHAMMED DURVESH,SYED SHAH MOHAMMED DURVESH,1
SYED ZAIN,SYED ZAIN,1
SYEDA,SYEDA,1
SYEDA LAYLA,SYEDA LAYLA,1
SYKERIA,SYKERIA,1
SYLA,SYLA,1
SYLAH,SYLAH,1
SYLAR,SYLAR,1
SYLAS,SYLAS,11
SYLER,SYLER,1
SYLIS,SYLIS,1
SYLPHRENA,SYLPHRENA,1
SYLUS,SYLUS,1
SYLVAN,SYLVAN,2
SYLVER,SYLVER,1
SYLVESTER,SYLVESTER,5
SYLVI,SYLVI,1
SYLVIA,SYLVIA,23
SYLVIANA,SYLVIANA,1
SYLVIE,SYLVIE,29
SYM'PHONY,SYM'PHONY,1
SYMEON EDWARD,SYMEON EDWARD,1
SYMONE,SYMONE,1
SYMPHANI,SYMPHANI,2
SYMPHONI,SYMPHONI,2
SYMPHONY,SYMPHONY,5
SYN'CERE,SYN'CERE,1
SYNAI,SYNAI,1
SYNCERE,SYNCERE,4
SYNCLAIR,SYNCLAIR,1
SYNEYA,SYNEYA,1
SYNSEI,SYNSEI,1
SYNTHIA,SYNTHIA,1
SYONA,SYONA,2
SYPHAX,SYPHAX,1
SYPRESS,SYPRESS,1
SYRA,SYRA,3
SYRAI,SYRAI,1
SYRE,SYRE,2
SYRENITY,SYRENITY,1
SYRIAH,SYRIAH,1
SYRNITY,SYRNITY,1
SYRUS,SYRUS,1
SYTI,SYTI,1
SYX,SYX,1
SYZYGY,SYZYGY,1
T'LEYAH,T'LEYAH,1
T'OURE,T'OURE,1
TA'KHAI,TA'KHAI,1
TA'LIA,TA'LIA,1
TA'LIYAH,TA'LIYAH,1
TA'MIA,TA'MIA,1
TA'MIYAH,TA'MIYAH,1
TA'MYA,TA'MYA,1
TA'NAYAH,TA'NAYAH,1
TA'NIA,TA'NIA,1
TA'NIJAH,TA'NIJAH,1
TA'RAIYAH,TA'RAIYAH,1
TA'RIYA,TA'RIYA,1
TA'SHANAE,TA'SHANAE,1
TA'SIAH,TA'SIAH,1
TA'VEAH,TA'VEAH,1
TA'ZEEM,TA'ZEEM,1
TAALIAH,TAALIAH,2
TAANIKA,TAANIKA,1
TAARA,TAARA,1
TAARIKA,TAARIKA,1
TAAVI,TAAVI,1
TAAVO,TAAVO,1
TABALA,TABALA,1
TABITHA,TABITHA,9
TABIUS,TABIUS,1
TABOR,TABOR,1
TADASHII,TADASHII,1
TADEI,TADEI,1
TADEO,TADEO,56
TADEO AIDEM,TADEO AIDEM,1
TADEUSZ,TADEUSZ,1
TADGH,TADGH,1
TADHG,TADHG,2
TAE JOON,TAE JOON,1
TAE'VEON,TAE'VEON,1
TAE'VON,TAE'VON,1
TAEEN,TAEEN,1
TAEGAN,TAEGAN,1
TAELIN,TAELIN,1
TAELYN,TAELYN,3
TAELYNN,TAELYNN,2
TAEO,TAEO,1
TAERIE,TAERIE,1
TAEYLA,TAEYLA,1
TAFT,TAFT,2
TAGG,TAGG,2
TAHA,TAHA,6
TAHAAN,TAHAAN,1
TAHANI,TAHANI,3
TAHARI,TAHARI,1
TAHFARI,TAHFARI,1
TAHIR,TAHIR,4
TAHIRA,TAHIRA,2
TAHIRI,TAHIRI,2
TAHIRY,TAHIRY,1
TAHIYYA,TAHIYYA,1
TAHLIA,TAHLIA,1
TAHMID,TAHMID,1
TAHRI,TAHRI,1
TAI,TAI,1
TAIGIN,TAIGIN,1
TAIKA,TAIKA,2
TAIKI,TAIKI,1
TAIM,TAIM,2
TAIO,TAIO,1
TAISHUN,TAISHUN,1
TAISIIA,TAISIIA,1
TAISON,TAISON,1
TAITAN,TAITAN,1
TAIVAN,TAIVAN,1
TAIYSUN,TAIYSUN,1
TAJ,TAJ,8
TAJI,TAJI,1
TAKAUMI,TAKAUMI,1
TAKHSHA,TAKHSHA,1
TAKODA,TAKODA,2
TAKSH,TAKSH,4
TAKSHIL,TAKSHIL,1
TAKSHIV,TAKSHIV,1
TAKSHVI,TAKSHVI,3
TALA,TALA,6
TALAIJAH,TALAIJAH,1
TALAL,TALAL,1
TALAN,TALAN,1
TALAYA,TALAYA,1
TALBOT,TALBOT,1
TALEEN,TALEEN,4
TALEN,TALEN,2
TALEYAH,TALEYAH,1
TALHA,TALHA,3
TALIA,TALIA,59
TALIA,TALÍA,1
TALIAN,TALIAN,1
TALIESIN,TALIESIN,2
TALIS,TALIS,1
TALISE,TALISE,1
TALISSA,TALISSA,1
TALITHA,TALITHA,2
TALIYA,TALIYA,4
TALIYAH,TALIYAH,6
TALLAHASSEE,TALLAHASSEE,1
TALLEY,TALLEY,2
TALLI,TALLI,1
TALLULAH,TALLULAH,15
TALLY,TALLY,1
TALON,TALON,8
TALOS,TALOS,1
TALULAH,TALULAH,2
TALYA,TALYA,3
TALYAH,TALYAH,1
TALYHA,TALYHA,1
TALYNN,TALYNN,1
TAM,TAM,2
TAMAJ,TAMAJ,1
TAMANA,TAMANA,3
TAMARA,TAMARA,5
TAMARA DOUBRA,TAMARA DOUBRA,1
TAMARAH,TAMARAH,1
TAMARAUEBRAGHA,TAMARAUEBRAGHA,1
TAMARION,TAMARION,1
TAMAYA,TAMAYA,1
TAMERLYN,TAMERLYN,1
TAMIA,TAMIA,3
TAMIM,TAMIM,1
TAMIR,TAMIR,2
TAMMY,TAMMY,3
TAMOA,TAMOA,1
TAMSEN,TAMSEN,1
TAMSIN,TAMSIN,1
TAMYKA,TAMYKA,1
TAMYRI,TAMYRI,1
TAN,TAN,1
TANAKA,TANAKA,1
TANAY,TANAY,5
TANDIA,TANDIA,1
TANE,TANE,1
TANEA,TANEA,1
TANEESH REDDY,TANEESH REDDY,1
TANEK,TANEK,1
TANER,TANER,1
TANGERINE,TANGERINE,1
TANIA,TANIA,11
TANIJIA,TANIJIA,1
TANIS,TANIS,1
TANISH,TANISH,1
TANISHAH,TANISHAH,1
TANISHKA,TANISHKA,1
TANIYA,TANIYA,2
TANMAY,TANMAY,1
TANMYRA,TANMYRA,1
TANNER,TANNER,28
TANNOUS,TANNOUS,1
TANNY,TANNY,1
TANSEY,TANSEY,1
TANSON,TANSON,1
TANUJ,TANUJ,1
TANUSH,TANUSH,3
TANVI,TANVI,5
TANVIK,TANVIK,1
TANVIKA,TANVIKA,3
TANVIKA CHOWDARY,TANVIKA CHOWDARY,1
TANVIKA REDDY,TANVIKA REDDY,1
TANVIKAA,TANVIKAA,1
TANYA,TANYA,4
TANYA VICTORIA,TANYA VICTORIA,1
TANZWIWA,TANZWIWA,1
TAO,TAO,1
TAPASYA,TAPASYA,1
TAQEEM,TAQEEM,1
TARA,TARA,28
TARAJI,TARAJI,1
TARAK,TARAK,2
TARAK RAM,TARAK RAM,1
TARAKA RAM,TARAKA RAM,1
TARAN,TARAN,6
TARAOLUWA,TARAOLUWA,1
TARAZ,TARAZ,1
TAREN,TAREN,1
TARIK,TARIK,2
TARIKA,TARIKA,1
TARION,TARION,1
TARIQ,TARIQ,2
TARQUIN,TARQUIN,1
TARULYA,TARULYA,1
TARYN,TARYN,2
TARZAN,TARZAN,1
TASBEEH,TASBEEH,1
TASHA,TASHA,2
TASHAS,TASHAS,1
TASHI,TASHI,2
TASHTEN,TASHTEN,1
TASHTON,TASHTON,1
TASHVI,TASHVI,1
TASHYA,TASHYA,1
TASLIN,TASLIN,1
TASMAI,TASMAI,1
TASMIA,TASMIA,1
TASMIN,TASMIN,2
TASNEEM,TASNEEM,2
TASOS,TASOS,1
TASYA REDDY,TASYA REDDY,1
TATE,TATE,57
TATEM,TATEM,1
TATIAHNA,TATIAHNA,1
TATIANA,TATIANA,16
TATIANNA,TATIANNA,2
TATTIANA,TATTIANA,1
TATU,TATU,1
TATUM,TATUM,82
TAU,TAU,1
TAURIEL,TAURIEL,2
TAURIN,TAURIN,1
TAVARI,TAVARI,1
TAVARIS,TAVARIS,1
TAVAYAH,TAVAYAH,1
TAVENNA,TAVENNA,1
TAVEON,TAVEON,1
TAVI,TAVI,1
TAVIAN,TAVIAN,1
TAVIANA,TAVIANA,1
TAVIN,TAVIN,1
TAVION,TAVION,1
TAVIS,TAVIS,1
TAVISH,TAVISH,1
TAVORIC,TAVORIC,1
TAWNNIE,TAWNNIE,1
TAY'LYNN,TAY'LYNN,1
TAYA,TAYA,8
TAYANA,TAYANA,1
TAYANNA,TAYANNA,2
TAYARI,TAYARI,1
TAYDEN,TAYDEN,2
TAYDION,TAYDION,1
TAYDOM,TAYDOM,1
TAYDON,TAYDON,1
TAYEB,TAYEB,1
TAYLAN,TAYLAN,1
TAYLAR,TAYLAR,1
TAYLEE,TAYLEE,1
TAYLEN,TAYLEN,3
TAYLER,TAYLER,2
TAYLOR,TAYLOR,72
TAYLUM,TAYLUM,1
TAYM,TAYM,1
TAYNIA,TAYNIA,1
TAYSHIA,TAYSHIA,1
TAYSHON,TAYSHON,1
TAYSOM,TAYSOM,1
TAYSON,TAYSON,1
TAYTUM,TAYTUM,11
TAYVIA,TAYVIA,1
TAYVIAN,TAYVIAN,1
TAYVIEN,TAYVIEN,1
TAYVION,TAYVION,1
TAYZLYNN,TAYZLYNN,1
TAZIO,TAZIO,1
TAZIUS,TAZIUS,1
TAZIYO,TAZIYO,1
TAZMEEN,TAZMEEN,1
TAZZIAN,TAZZIAN,1
TCHABU,TCHABU,1
TE'YANNA,TE'YANNA,1
TEA,TÉA,1
TEAGAN,TEAGAN,54
TEAGEN,TEAGEN,1
TEAGUE,TEAGUE,2
TEAGUN,TEAGUN,1
TEAL,TEAL,2
TEANNA,TEANNA,1
TED,TED,1
TEDDI,TEDDI,6
TEDDIE,TEDDIE,2
TEDDY,TEDDY,10
TEDROS,TEDROS,1
TEEGAN,TEEGAN,3
TEEGHAN,TEEGHAN,1
TEEK,TEEK,1
TEGAN,TEGAN,10
TEGH,TEGH,1
TEHILA DEBORA,TEHILA DEBORA,1
TEHILLAH,TEHILLAH,2
TEHITHA,TEHITHA,1
TEHYANNA,TEHYANNA,1
TEI'YANNA,TEI'YANNA,1
TEIDOR,TEIDOR,1
TEIGAN,TEIGAN,2
TEIGE,TEIGE,1
TEIGEN,TEIGEN,1
TEILYN,TEILYN,1
TEJ,TEJ,5
TEJAS,TEJAS,5
TEJASREE,TEJASREE,1
TEJASRI,TEJASRI,1
TEJASWINI,TEJASWINI,2
TEJESH,TEJESH,1
TEJOMAYA,TEJOMAYA,1
TEJUL,TEJUL,1
TEJUNE,TEJUNE,1
TEKAKWITHA,TEKAKWITHA,1
TEKIYUNNA,TEKIYUNNA,1
TEKOA,TEKOA,1
TELEAYO,TELEAYO,1
TELIAAH,TELIAAH,1
TELLA,TELLA,1
TELLER,TELLER,1
TEMARI,TEMARI,1
TEMIDAYO,TEMIDAYO,3
TEMILADE,TEMILADE,1
TEMNE,TEMNE,1
TEMPERANCE,TEMPERANCE,1
TEMPLAR,TEMPLAR,1
TEMPLE,TEMPLE,3
TENAYA,TENAYA,1
TENBITE,TENBITE,1
TENE,TENE,1
TENET,TENET,1
TENILLE,TENILLE,1
TENIOLA,TENIOLA,2
TENLEY,TENLEY,3
TENNESSEE,TENNESSEE,3
TENNISON,TENNISON,2
TENNYN,TENNYN,1
TENNYSON,TENNYSON,6
TENOCH,TENOCH,1
TENZIN,TENZIN,4
TENZLEE,TENZLEE,1
TEO,TEO,14
TEO,TÉO,3
TEODOR,TEODOR,2
TEODORA,TEODORA,1
TEODORO,TEODORO,4
TEOMAN,TEOMAN,1
TEOMAR,TEOMAR,1
TEONA,TEONA,1
TEONNA,TEONNA,1
TEONNE,TEONNE,1
TERA,TERA,1
TERANZE,TERANZÉ,1
TERENCE,TERENCE,2
TERESA,TERESA,22
TERESE,TERESE,1
TERI,TERI,1
TERRALANI,TERRALANI,1
TERRALYNN,TERRALYNN,1
TERRAN,TERRAN,1
TERRANCE,TERRANCE,5
TERRELL,TERRELL,2
TERRELLE,TERRELLE,1
TERRENCE,TERRENCE,3
TERRETO,TERRETO,1
TERREZ,TERREZ,1
TERRI,TERRI,1
TERRIANA,TERRIANA,1
TERRY,TERRY,5
TERRYANN,TERRYANN,1
TERRYN,TERRYN,1
TERYN,TERYN,1
TESIA,TESIA,1
TESIAN,TESIAN,1
TESLA,TESLA,2
TESS,TESS,16
TESSA,TESSA,39
TESSARINA,TESSARINA,1
TESSIA,TESSIA,1
TETHYAN,TETHYAN,1
TETRA,TETRA,1
TEUDI,TEUDI,1
TEVEL,TEVEL,1
TEVELL,TEVELL,1
TEVIN,TEVIN,7
TEVYE,TEVYE,1
TEX,TEX,4
TEXAS,TEXAS,5
TEXIE,TEXIE,1
TEY'QUUN,TEY'QUUN,1
TEYA,TEYA,2
TEYANA,TEYANA,1
TEYANNI,TEYANNI,1
TEYONNA,TEYONNA,1
THABO,THABO,1
THADDEA,THADDEA,1
THADDEUS,THADDEUS,13
THADEO,THADEO,1
THAE,THAE,1
THAELIA,THAELIA,1
THAI,THAI,2
THAILAN,THAILAN,1
THAILINA,THAILINA,1
THAILY,THAILY,2
THAIMI,THAIMI,1
THAIRYS,THAIRYS,1
THAIS,THAIS,2
THAKSHVI,THAKSHVI,1
THALI,THALI,1
THALIA,THALIA,21
THALLES,THALLES,1
THAMIZH INIYAN,THAMIZH INIYAN,1
THANAV,THANAV,1
THANE,THANE,1
THANG,THANG,1
THANINA,THANINA,1
THANISH,THANISH,2
THANISHKA,THANISHKA,1
THANMAYI,THANMAYI,1
THANVIK,THANVIK,1
THANVIKA,THANVIKA,1
THANVITH,THANVITH,1
THARA,THARA,1
THARAK,THARAK,1
THARMIKHA,THARMIKHA,1
THARUN,THARUN,1
THARUNESH,THARUNESH,1
THASWIKA,THASWIKA,1
THATCHER,THATCHER,11
THAXTON,THAXTON,1
THAYER,THAYER,4
THEA,THEA,31
THEABELLA,THEABELLA,1
THEADORA,THEADORA,2
THEARA,THEARA,1
THEERTHA REDDY,THEERTHA REDDY,1
THEIA,THEIA,3
THEIANOVA,THEIANOVA,1
THEJAS,THEJAS,1
THEKLA,THEKLA,1
THELMA,THELMA,4
THELONIOUS,THELONIOUS,4
THEO,THEO,148
THEO,THÉO,3
THEODEN,THEODEN,1
THEODOR,THEODOR,6
THEODORA,THEODORA,23
THEODORE,THEODORE,483
THEODOROS,THEODOROS,2
THEODOSIA,THEODOSIA,1
THEODOSISI,THEODOSISI,1
THEON,THEON,1
THEOPHILIA,THEOPHILIA,1
THEOPHILUS,THEOPHILUS,3
THEOPHON,THEOPHON,1
THEOREN,THEOREN,1
THEORY,THEORY,1
THEOVAUGHN,THEOVAUGHN,1
THERESA,THERESA,8
THERESE,THERESE,1
THERESE,THÉRÈSE,1
THERESE-MARIE,THERESE-MARIE,1
THERESIA,THERESIA,1
THERIN,THERIN,4
THERIX,THERIX,1
THERON,THERON,1
THERYN,THERYN,1
THESSA,THESSA,1
THESSALY,THESSALY,1
THEYANSH,THEYANSH,1
THEYASH,THEYASH,1
THIAGO,THIAGO,225
THIAGO MATEO,THIAGO MATEO,1
THIANA,THIANA,1
THIERRY,THIERRY,1
THIGAZHYUGAN,THIGAZHYUGAN,1
THIVISHA,THIVISHA,1
THIYA,THIYA,2
THIYA RADHA,THIYA RADHA,1
THIZIRI,THIZIRI,2
THOEDORE,THOEDORE,1
THOKECA,THOKECA,1
THOMAS,THOMAS,284
THOMAS,THOMÁS,1
THOMAS JAMES,THOMAS JAMES,1
THOMAS JESSE,THOMAS JESSE,1
THOMAS OLIVER,THOMAS OLIVER,1
THOMASINA,THOMASINA,1
THOMPSON,THOMPSON,1
THORA,THORA,2
THOREAU,THOREAU,1
THOREN,THOREN,1
THORIN,THORIN,4
THORIN,THÖRIN,1
THORTON,THORTON,1
THORYN,THORYN,1
THRINAINA,THRINAINA,1
THRINAV ARYAN,THRINAV ARYAN,1
THRINAYAN,THRINAYAN,1
THRIVID,THRIVID,1
THUNDER,THUNDER,2
THURSTON,THURSTON,2
THURSTON MILES,THURSTON MILES,1
THY,THY,1
THYIRA,THYIRÁ,1
THYRI,THYRI,1
TI ' REE,TI ' REE,1
TI'LEAH,TI'LEAH,1
TI'MIYAH,TI'MIYAH,1
TIA,TIA,8
TIAAN,TIAAN,1
TIAGO,TIAGO,15
TIAL,TIAL,1
TIAM,TIAM,2
TIAN,TIAN,2
TIANA,TIANA,19
TIANAI,TIANAI,1
TIANI,TIANI,1
TIANNA,TIANNA,4
TIANXIN,TIANXIN,1
TIARA,TIARA,4
TIARAOLUWA,TIARAOLUWA,4
TIARRA,TIARRA,1
TIBALD,TIBALD,1
TIBERIUS,TIBERIUS,5
TICE,TICE,1
TIDDUS,TIDDUS,1
TIEGEN,TIEGEN,1
TIEGNOUMA,TIEGNOUMA,1
TIEMININIMI,TIEMININIMI,1
TIEONA,TIEONA,1
TIERINEY,TIERINEY,1
TIERNAN,TIERNAN,1
TIERRA,TIERRA,2
TIFFANY,TIFFANY,20
TIGER,TIGER,2
TIGERLILY,TIGERLILY,1
TIKHON,TIKHON,1
TILA,TILA,1
TILAK,TILAK,1
TILANEE,TILANEE,1
TILDA,TILDA,1
TILDEN,TILDEN,5
TILDYN,TILDYN,1
TILIAN,TILIAN,2
TILLEY,TILLEY,2
TILLIE,TILLIE,7
TILLMAN,TILLMAN,1
TILLY,TILLY,16
TILOTTAMA,TILOTTAMA,1
TIM,TIM,4
TIMATI-ISRAEL,TIMATI-ISRAEL,1
TIMBRE,TIMBRE,1
TIMIR,TIMIR,1
TIMITHY,TIMITHY,1
TIMMY,TIMMY,2
TIMNIT,TIMNIT,1
TIMO,TIMO,3
TIMOTEO,TIMOTEO,2
TIMOTHEE,TIMOTHÉE,1
TIMOTHY,TIMOTHY,55
TIMUR,TIMUR,3
TIMY,TIMY,1
TINA,TINA,2
TINAS,TINAS,1
TINDALL,TINDALL,1
TINLEE,TINLEE,2
TINLEY,TINLEY,2
TINNLEY,TINNLEY,1
TINO,TINO,3
TINSLEIGH,TINSLEIGH,2
TINSLEY,TINSLEY,16
TIOLU,TIOLU,1
TIOLUWALASE,TIOLUWALASE,1
TIONA,TIONA,1
TIONNE,TIONNE,1
TIPTON,TIPTON,2
TIRA,TIRA,1
TIRELOLUWA,TIRELOLUWA,1
TIRONE,TIRONE,1
TIRSO,TIRSO,1
TISHA,TISHA,1
TISHYA,TISHYA,3
TITAN,TITAN,9
TITO,TITO,4
TITOLUWANI,TITOLUWANI,1
TITUS,TITUS,26
TJ,TJ,2
TLALOC,TLALÓC,1
TLUNG,TLUNG,1
TOA,TOA,1
TOBER,TOBER,1
TOBI,TOBI,1
TOBIAH,TOBIAH,1
TOBIAS,TOBIAS,33
TOBIAS,TOBÍAS,1
TOBIN,TOBIN,6
TOBY,TOBY,6
TOBYN,TOBYN,1
TOCHI,TOCHI,1
TODD,TODD,4
TOFINO,TOFINO,1
TOFUNMI,TOFUNMI,1
TOHRU,TOHRU,1
TOKIO,TOKIO,1
TOLSON,TOLSON,1
TOLUWALASE,TOLUWALASE,1
TOLUWANI,TOLUWANI,2
TOM,TOM,3
TOMAS,TOMAS,21
TOMAS,TOMÁS,7
TOMER,TOMER,1
TOMESCU,TOMESCU,1
TOMIRIS,TOMIRIS,1
TOMMI,TOMMI,1
TOMMIE,TOMMIE,6
TOMMII,TOMMII,1
TOMMY,TOMMY,13
TOMOKO,TOMOKO,1
TOMYRIS,TOMYRIS,1
TONAHILL,TONAHILL,1
TONANTZIN,TONANTZIN,2
TONI,TONI,1
TONI MARIE,TONI MARIE,1
TONI'ROSE,TONI'ROSE,1
TONJA'NIQUE,TONJA'NIQUE,1
TONNY,TONNY,1
TONY,TONY,24
TONYA,TONYA,1
TONYE,TONYE,1
TOPANGA,TOPANGA,1
TOREAN,TOREAN,1
TOREN,TOREN,2
TORI,TORI,7
TORI ANN,TORI ANN,1
TORIAN,TORIAN,1
TORIN,TORIN,12
TORIN - KYE,TORIN - KYE,1
TORION,TORION,1
TORRANCE,TORRANCE,1
TORRE,TORRE,1
TORREN,TORREN,2
TORRENCE,TORRENCE,1
TORREY,TORREY,2
TORRI,TORRI,1
TORRICK,TORRICK,1
TORRIN,TORRIN,1
TORSHIRO,TORSHIRO,1
TORVALD,TORVALD,1
TORYN,TORYN,1
TOSIN,TOSIN,1
TOULOUSE,TOULOUSE,1
TOVA,TOVA,5
TOVE,TOVE,1
TOVI,TOVI,1
TOWNES,TOWNES,64
TOWNS,TOWNS,1
TOWNSEN,TOWNSEN,1
TOWNSEND,TOWNSEND,3
TOWNSLEY,TOWNSLEY,1
TRA'LYNNE,TRA'LYNNE,1
TRA'MARION,TRA'MARION,1
TRA'MYIAH,TRA'MYIAH,1
TRACE,TRACE,12
TRACEN,TRACEN,2
TRACER,TRACER,1
TRACEY,TRACEY,1
TRACI,TRACI,1
TRACY,TRACY,3
TRAE,TRAE,2
TRAELYN,TRAELYN,1
TRAELYNN,TRAELYNN,1
TRAIVON,TRAIVON,2
TRAJAN,TRAJAN,1
TRALYEN,TRALYEN,1
TRAMAN,TRAMAN,1
TRANEISE,TRANEISE,1
TRAVELL,TRAVELL,2
TRAVIS,TRAVIS,61
TRAVIS ZAKAI,TRAVIS ZAKAI,1
TRAXTON,TRAXTON,1
TRAY'CION,TRAY'CION,1
TRAY'DEN,TRAY'DEN,1
TRAY'LII,TRAY'LII,1
TRAY'MAYA,TRAY'MAYA,1
TRAY'VEON,TRAY'VEON,1
TRAY-VONTA,TRAY-VONTA,1
TRAYCER,TRAYCER,1
TRAYDEN,TRAYDEN,1
TRAYLON,TRAYLON,1
TRAYSEN,TRAYSEN,2
TRAYSON,TRAYSON,3
TRAYVON,TRAYVON,1
TRE,TRE,4
TRE,TRÉ,1
TRE'MANI,TRE'MANI,1
TRE'SHAWN,TRE'SHAWN,1
TRE'VON,TRE'VON,1
TRE'VYON,TRE'VYON,1
TREAJURE,TREAJURE,1
TREANTHONI,TREANTHONI,1
TREASJURE,TREASJURE,1
TREASURE,TREASURE,5
TREAZURE,TREAZURE,1
TREBIAS,TREBIAS,1
TREBOR,TREBOR,1
TREDIN,TREDIN,1
TREDYN,TREDYN,1
TRELIN,TRELIN,1
TRELYN,TRELYN,1
TREMAINE,TREMAINE,1
TRENELL,TRENELL,1
TRENT,TRENT,4
TRENTEN,TRENTEN,2
TRENTON,TRENTON,9
TRES,TRES,1
TRESHAWN,TRESHAWN,1
TRESOR,TRESOR,1
TRESOR CELESTE,TRESOR CELESTE,1
TREVA,TREVA,1
TREVAUNE,TREVAUNE,1
TREVEL,TREVEL,1
TREVIAN,TREVIAN,1
TREVION,TREVION,2
TREVIOUS,TREVIOUS,1
TREVONY,TREVONY,1
TREVOR,TREVOR,19
TREVOR AUSTIN,TREVOR AUSTIN,1
TREW,TREW,1
TREY,TREY,11
TREYDYN,TREYDYN,1
TREYLON,TREYLON,1
TREYON,TREYON,1
TREYSON,TREYSON,1
TREYVION,TREYVION,1
TREYVON,TREYVON,1
TRI,TRI,1
TRIDHA,TRIDHA,2
TRIDHATRI,TRIDHATRI,1
TRIG,TRIG,2
TRIGGER,TRIGGER,1
TRIHAAN,TRIHAAN,1
TRIISHAAN,TRIISHAAN,1
TRIJAL,TRIJAL,1
TRIKA,TRIKA,1
TRILLION,TRILLION,1
TRINAY,TRINAY,1
TRINI,TRINI,1
TRINIDAD,TRINIDAD,4
TRINIDEE,TRINIDEE,1
TRINITEE,TRINITEE,1
TRINITI,TRINITI,1
TRINITY,TRINITY,42
TRINITY ROSE,TRINITY ROSE,1
TRINITY'LEE,TRINITY'LEE,1
TRIPP,TRIPP,19
TRIPPSON,TRIPPSON,1
TRISHA,TRISHA,5
TRISHIKA,TRISHIKA,4
TRISHNA,TRISHNA,1
TRISHUL,TRISHUL,1
TRISSITY,TRISSITY,1
TRISTAN,TRISTAN,100
TRISTANA,TRISTANA,1
TRISTEN,TRISTEN,5
TRISTIAN,TRISTIAN,4
TRISTIN,TRISTIN,1
TRISTON,TRISTON,1
TRISTYN,TRISTYN,3
TRITON,TRITON,1
TRIXIE,TRIXIE,1
TRIXTEN,TRIXTEN,1
TROJA,TROJA,1
TROOP,TROOP,1
TROOPER,TROOPER,1
TROY,TROY,29
TRU,TRU,12
TRUE,TRUE,9
TRUE'LON,TRUE'LON,1
TRUEMAN,TRUEMAN,1
TRUETT,TRUETT,18
TRUITT,TRUITT,6
TRULEE,TRULEE,1
TRULEIGH,TRULEIGH,1
TRULY,TRULY,5
TRUMAN,TRUMAN,10
TRUST,TRUST,1
TRUTH,TRUTH,5
TRYAKSH,TRYAKSH,1
TRYP,TRYP,1
TRYPHENA,TRYPHENA,1
TRYSTAN,TRYSTAN,3
TRYSTEN,TRYSTEN,2
TSELMUUN,TSELMUUN,1
TSHIBASU,TSHIBASU,1
TSION,TSION,2
TSIREYA,TSIREYA,1
TSIYON,TSIYON,1
TSUMUGI,TSUMUGI,1
TSUNAMI,TSUNAMI,2
TUAN,TUAN,2
TUCK,TUCK,3
TUCKER,TUCKER,41
TUE ANH,TUE ANH,1
TUESDAY,TUESDAY,1
TUG,TUG,1
TUGCE,TUGCE,1
TUI,TUI,1
TULA,TULA,1
TULAH,TULAH,2
TULEE,TULEE,1
TULIKA,TULIKA,1
TULIP,TULIP,3
TULISA,TULISA,1
TULLIA,TULLIA,1
TULLSA,TULLSA,1
TULSA,TULSA,1
TUN LAY,TUN LAY,1
TURAY,TURAY,1
TURIYA,TURIYA,1
TURNER,TURNER,7
TURQUOISE,TURQUOISE,1
TURRAN,TURRAN,1
TURRELL,TURRELL,1
TUTELA,TUTELA,1
TUVIKSH,TUVIKSH,1
TVISHA,TVISHA,1
TWILA,TWILA,1
TWISHA,TWISHA,1
TWYLA,TWYLA,2
TY,TY,19
TY'AIRE,TY'AIRE,1
TY'ANNA,TY'ANNA,2
TY'BREYON,TY'BREYON,1
TY'EDRIC,TY'EDRIC,1
TY'KEAH,TY'KEAH,1
TY'LIAH,TY'LIAH,1
TY'LIEAH,TY'LIEAH,1
TY'LYNN,TY'LYNN,1
TY'MAREE,TY'MAREE,1
TY'RE,TY'RE,1
TY'REE,TY'REE,1
TY'REESE,TY'REESE,1
TY'RIYAH,TY'RIYAH,1
TY'SHUNAE,TY'SHUNAE,1
TY'VON,TY'VON,1
TYANA,TYANA,1
TYBERIUS,TYBERIUS,1
TYCE,TYCE,4
TYCHO,TYCHO,7
TYCO,TYCO,1
TYDUS,TYDUS,2
TYE'LYNN,TYE'LYNN,1
TYEVAN,TYEVAN,1
TYHEEM,TYHEEM,1
TYJAAMIR,TYJAAMIR,1
TYKA,TYKA,1
TYLAN,TYLAN,4
TYLAR,TYLAR,1
TYLAYSIA,TYLAYSIA,1
TYLEE,TYLEE,4
TYLEN,TYLEN,1
TYLER,TYLER,86
TYLIANNA,TYLIANNA,1
TYLIN,TYLIN,2
TYLOR,TYLOR,1
TYMBER,TYMBER,1
TYMBERLON,TYMBERLON,1
TYMIA,TYMIA,1
TYMIR,TYMIR,1
TYNDALE,TYNDALE,1
TYNLIE,TYNLIE,1
TYONEI,TYONEI,1
TYQUAN,TYQUAN,1
TYR,TYR,2
TYRA,TYRA,1
TYRAN,TYRAN,2
TYREE,TYREE,5
TYREEK,TYREEK,2
TYREKE,TYREKE,1
TYRELLE,TYRELLE,1
TYREN,TYREN,2
TYRESA,TYRESA,1
TYRI,TYRI,1
TYRIANA,TYRIANA,1
TYRIE,TYRIE,1
TYRIEE,TYRIEE,1
TYRION,TYRION,1
TYRN,TYRN,1
TYRONE,TYRONE,10
TYRRI,TYRRI,1
TYRUS,TYRUS,2
TYRUSCE,TYRUSCE,1
TYSON,TYSON,29
TYSON-DANE,TYSON-DANE,1
TYTAN,TYTAN,1
TYTTAN,TYTTAN,1
TYTUS,TYTUS,1
TYUS,TYUS,1
TYZHIR,TYZHIR,1
TZILA,TZILA,1
TZIMORII,TZIMORII,1
U'NITEE,U'NITEE,1
U'RIEL,U'RIEL,1
UBALDO,UBALDO,1
UCHE,UCHE,1
UCHECHI,UCHECHI,1
UDDHAV,UDDHAV,1
UDDISH,UDDISH,1
UDVIKA,UDVIKA,1
UGONNA,UGONNA,1
UH'DARION,UH'DARION,1
UH'NIQUE,UH'NIQUE,1
UHTRED,UHTRED,2
UJUAMARA,UJUAMARA,1
ULANI,ULANI,4
ULANNI,ULANNI,4
ULICES,ULICES,8
ULICES ADRIEL,ULICES ADRIEL,1
ULISA,ULISA,1
ULISES,ULISES,29
ULLIAM,ULLIAM,1
ULYSSA,ULYSSA,1
ULYSSE,ULYSSE,1
ULYSSES,ULYSSES,8
UMA,UMA,10
UMAIZA,UMAIZA,2
UMAR,UMAR,7
UME,UME,1
UMER,UMER,1
UMI,UMI,1
UMMA,UMMA,1
UMMEHANI,UMMEHANI,1
UMO,UMO,1
UMRA,UMRA,1
UMUNIQUE,UMUNIQUE,1
UMUTONI,UMUTONI,2
UNA,UNA,5
UNDERLINE,UNDERLINE,1
UNIQUE,UNIQUE,2
UNITEE,UNITEE,1
UNNATHI,UNNATHI,1
UPTON,UPTON,2
URBAN,URBAN,2
URBEN,URBEN,1
URFAN,URFAN,1
URIAH,URIAH,13
URIAS,URIAS,2
URIEL,URIEL,47
URIJAH,URIJAH,3
URVANO,URVANO,1
URVI,URVI,7
USANIE,USANIE,1
USHA,USHA,1
USHIKA,USHIKA,1
USMAN,USMAN,4
UTHER,UTHER,1
UTKARSH,UTKARSH,1
UVALDO,UVALDO,1
UYEN,UYEN,1
UZAI,UZAI,1
UZAY,UZAY,1
UZIEL,UZIEL,5
UZODI,UZODI,1
UZZIAH,UZZIAH,3
UZZIEL,UZZIEL,2
VAAGMI,VAAGMI,1
VAANATHI,VAANATHI,1
VAANI,VAANI,6
VAANYA,VAANYA,3
VAASUDEV,VAASUDEV,1
VAAYU,VAAYU,8
VACHIKA,VACHIKA,1
VADA,VADA,8
VADER,VADER,1
VAEDA,VAEDA,5
VAELIN,VAELIN,2
VAGDHA,VAGDHA,1
VAGMI,VAGMI,1
VAGMIN,VAGMIN,1
VAHAN,VAHAN,1
VAHE,VAHÉ,1
VAHIN,VAHIN,1
VAHN,VAHN,1
VAIANA,VAIANA,1
VAIBHAV,VAIBHAV,3
VAIBHAV REDDY,VAIBHAV REDDY,1
VAIDA,VAIDA,1
VAIDEHI,VAIDEHI,2
VAIGA,VAIGA,1
VAIL,VAIL,4
VAILA,VAILA,2
VAINATEYA,VAINATEYA,1
VAINQUEUR,VAINQUEUR,1
VAISHALI,VAISHALI,1
VAISHNAV,VAISHNAV,1
VAISHNAV REDDY,VAISHNAV REDDY,1
VAISHNAV SENA,VAISHNAV SENA,1
VAISHNAVI,VAISHNAVI,4
VAISHVI,VAISHVI,1
VAITIARE,VAITIARE,1
VAIULI,VAIULI,1
VAIVA,VAIVA,1
VALA,VALA,2
VALAND,VALAND,1
VALANNI,VALANNI,1
VALARIE,VALARIE,1
VALE,VALE,2
VALEERIA,VALEERIA,1
VALEN,VALEN,3
VALENCE,VALENCE,1
VALENCIA,VALENCIA,10
VALENNY,VALENNY,1
VALENS,VALENS,1
VALENTE,VALENTE,2
VALENTIN,VALENTIN,25
VALENTIN,VALENTÍN,1
VALENTINA,VALENTINA,190
VALENTINE,VALENTINE,10
VALENTINO,VALENTINO,35
VALENTYNA,VALENTYNA,1
VALERI,VALERI,5
VALERIA,VALERIA,174
VALERIAN,VALERIAN,1
VALERIANO,VALERIANO,1
VALERIE,VALERIE,93
VALERIE AYN,VALERIE AYN,1
VALERIN,VALERIN,1
VALERY,VALERY,21
VALERY ANDREA,VALERY ANDREA,1
VALERYANA,VALERYANA,1
VALERYE,VALERYE,2
VALI,VALI,1
VALIANA,VALIANA,1
VALIENTE,VALIENTE,1
VALISEO,VALISEO,1
VALKYRIE,VALKYRIE,7
VALLAH,VALLAH,1
VALLEY,VALLEY,3
VALLIE,VALLIE,1
VALLOLET,VALLOLET,1
VALLOLETH,VALLOLETH,1
VALO,VALO,1
VALOR,VALOR,7
VALORIE,VALORIE,1
VALTTERI,VALTTERI,1
VAMIKA,VAMIKA,2
VAMIKA RAJ,VAMIKA RAJ,1
VAMSHI,VAMSHI,1
VAN,VAN,21
VANASWI,VANASWI,1
VANCE,VANCE,10
VANDER,VANDER,2
VANELLOPE,VANELLOPE,6
VANELOPE,VANELOPE,1
VANELY,VANELY,1
VANESA,VANESA,4
VANESSA,VANESSA,62
VANEZA,VANEZA,1
VANI,VANI,1
VANIA,VANIA,3
VANITY,VANITY,1
VANN,VANN,2
VANNA,VANNA,1
VANSH,VANSH,1
VANSHIKA,VANSHIKA,3
VANTRAVISE,VANTRAVISE,1
VANTZ,VANTZ,1
VANYA,VANYA,4
VANYA AARUHI,VANYA AARUHI,1
VARAH,VARAH,1
VARAIDZO,VARAIDZO,1
VARANYA,VARANYA,1
VARDAAN,VARDAAN,1
VARDHAN,VARDHAN,1
VARENNA,VARENNA,1
VARIAN,VARIAN,1
VARNIKA,VARNIKA,8
VARNITH SKANDA,VARNITH SKANDA,1
VARSHA,VARSHA,2
VARSHAUN,VARSHAUN,1
VARSHNEYA,VARSHNEYA,1
VARUN,VARUN,3
VASCO,VASCO,1
VASH,VASH,1
VASHISHT,VASHISHT,1
VASI,VASI,1
VASIL,VASIL,1
VASISHTA,VASISHTA,2
VASSVIK,VASSVIK,1
VASUDHA,VASUDHA,1
VATS,VATS,1
VAUGHAN,VAUGHAN,1
VAUGHN,VAUGHN,17
VAUGHNN,VAUGHNN,1
VAUNGENCE,VAUNGENCE,1
VAYAH,VAYAH,1
VAYDA,VAYDA,1
VAYLE,VAYLE,1
VAYOLET,VAYOLET,1
VAYU,VAYU,4
VAYU RAM,VAYU RAM,1
VAYUNANDHAN,VAYUNANDHAN,1
VECENTE',VECENTE',1
VED,VED,18
VEDA,VEDA,21
VEDAANSH,VEDAANSH,3
VEDAANT,VEDAANT,4
VEDANSH,VEDANSH,8
VEDANSH VIKRAM,VEDANSH VIKRAM,1
VEDANSHI,VEDANSHI,2
VEDANSHIKA,VEDANSHIKA,1
VEDANT,VEDANT,12
VEDANTH,VEDANTH,10
VEDARTH,VEDARTH,2
VEDASRI,VEDASRI,1
VEDASRI NANDITA,VEDASRI NANDITA,1
VEDEA,VEDEA,1
VEDH,VEDH,5
VEDHA,VEDHA,6
VEDHAANT,VEDHAANT,1
VEDHAMITHRA,VEDHAMITHRA,1
VEDHANTH,VEDHANTH,1
VEDHAS,VEDHAS,1
VEDHASRI,VEDHASRI,1
VEDHAV,VEDHAV,2
VEDHIKA,VEDHIKA,4
VEDHIKA SAANVI,VEDHIKA SAANVI,1
VEDIKA,VEDIKA,4
VEDITHA,VEDITHA,2
VEDITHA',VEDITHA',1
VEDYA,VEDYA,3
VEEKSHA,VEEKSHA,1
VEEKSHAN,VEEKSHAN,1
VEENA,VEENA,4
VEER,VEER,17
VEER KARNA,VEER KARNA,1
VEERA,VEERA,3
VEERAH,VEERAH,1
VEERAJ,VEERAJ,1
VEERANSH REDDY,VEERANSH REDDY,1
VEERENDRAPRATAP,VEERENDRAPRATAP,1
VEERJIT SINGH,VEERJIT SINGH,1
VEGA,VEGA,2
VEIDA,VEIDA,1
VEIKER,VEIKER,1
VEIL,VEIL,1
VEKSHA,VEKSHA,1
VELA,VELA,3
VELIA,VELIA,1
VELIZARO,VELIZARO,1
VELLA,VELLA,2
VELLA-KATE,VELLA-KATE,1
VELMA,VELMA,1
VELOURIA,VELOURIA,1
VELVET,VELVET,1
VELYAHNA,VELYAHNA,1
VENANCIO,VENANCIO,1
VENBA,VENBA,3
VENEDICT,VENEDICT,1
VENESSA,VENESSA,1
VENETA,VENETA,1
VENEZIA,VENEZIA,1
VENICE,VENICE,2
VENKAT,VENKAT,1
VENKATA AKSHAYGUNA VIRAJ,VENKATA AKSHAYGUNA VIRAJ,1
VENKATA HEMANSH,VENKATA HEMANSH,1
VENKATA HETVIK,VENKATA HETVIK,1
VENKATA SHRIYAN SURI,VENKATA SHRIYAN SURI,1
VENLI,VENLI,1
VENMATHI,VENMATHI,1
VENNELA,VENNELA,1
VENTURA,VENTURA,1
VENTUS,VENTUS,1
VENU,VENU,1
VENUS,VENUS,7
VER SHAWN,VER SHAWN,1
VERA,VERA,74
VERA ANGELA,VERA ANGELA,1
VERA BELEN,VERA BELEN,1
VERBENA,VERBENA,1
VERDA,VERDA,1
VERDELL,VERDELL,1
VERENICE,VERENICE,1
VERENIS,VERENIS,1
VERITAS,VERITAS,2
VERITY,VERITY,4
VERLIE,VERLIE,1
VERLIN,VERLIN,1
VERNIS,VERNIS,1
VERNON,VERNON,3
VERON,VERON,1
VERONA,VERONA,3
VERONI,VERONI,1
VERONICA,VERONICA,33
VERONIKA,VERONIKA,1
VERONIQUE,VERONIQUE,1
VERSACE,VERSACE,1
VERSAI,VERSAI,2
VERSAILLES,VERSAILLES,1
VERSAIN,VERSAIN,1
VERSAYDE,VERSAYDE,1
VERSHAUN,VERSHAUN,1
VERSIE,VERSIE,1
VESFALIA,VESFALIA,1
VESNA,VESNA,1
VESPER,VESPER,8
VESTA,VESTA,1
VETRI,VETRI,1
VEYD,VEYD,1
VEYDA,VEYDA,1
VIA,VIA,3
VIAAN,VIAAN,14
VIAANSH,VIAANSH,3
VIAN,VIAN,1
VIANA,VIANA,5
VIANCA,VIANCA,1
VIANELY,VIANELY,1
VIANEY,VIANEY,4
VIANI,VIANI,1
VIANLUCA,VIANLUCA,1
VIANNA,VIANNA,3
VIANNEY,VIANNEY,6
VIANNY,VIANNY,1
VIANSH,VIANSH,1
VIARA,VIARA,1
VIBHA,VIBHA,7
VIBHURAM,VIBHURAM,1
VICARIO,VICARIO,1
VICE,VICE,1
VICENTE,VICENTE,29
VICENTE JAIME,VICENTE JAIME,1
VICKI,VICKI,1
VICKIE,VICKIE,3
VICKY,VICKY,2
VICTOIRE,VICTOIRE,1
VICTOR,VICTOR,121
VICTOR,VÍCTOR,2
VICTOR REY,VICTOR REY,1
VICTORIA,VICTORIA,291
VICTORIA MICHELLE,VICTORIA MICHELLE,1
VICTORY,VICTORY,5
VIDA,VIDA,23
VIDAL,VIDAL,1
VIDALIA,VIDALIA,2
VIDARAE,VIDARAE,1
VIDHAN,VIDHAN,1
VIDHATHRI,VIDHATHRI,2
VIDHI,VIDHI,1
VIDHI PRAVIN,VIDHI PRAVIN,1
VIDHITSA,VIDHITSA,1
VIDHUR,VIDHUR,1
VIDHUSHINI,VIDHUSHINI,1
VIDIT,VIDIT,2
VIDUR,VIDUR,3
VIDUSHEE,VIDUSHEE,1
VIDUSHI,VIDUSHI,3
VIDYA,VIDYA,2
VIDYUT,VIDYUT,2
VIDYUTH,VIDYUTH,2
VIENCIENT,VIENCIENT,1
VIENNA,VIENNA,14
VIERA,VIERA,1
VIERY,VIERY,1
VIGGO,VIGGO,4
VIGNETTE,VIGNETTE,1
VIGO,VIGO,1
VIHA,VIHA,7
VIHAAN,VIHAAN,56
VIHAAN REDDY,VIHAAN REDDY,1
VIHAAN SUPREETH,VIHAAN SUPREETH,1
VIHAASREE,VIHAASREE,1
VIHAN,VIHAN,5
VIHANA,VIHANA,3
VIHANI,VIHANI,1
VIHAR,VIHAR,1
VIHIKA,VIHIKA,1
VIHIRA SHOURYA,VIHIRA SHOURYA,1
VIIR,VIIR,1
VIKESH,VIKESH,1
VIKHYAATH,VIKHYAATH,1
VIKIN REDDY,VIKIN REDDY,1
VIKITH,VIKITH,1
VIKRAM,VIKRAM,7
VIKRAM ADITYA,VIKRAM ADITYA,1
VIKRAM REDDY,VIKRAM REDDY,1
VIKRAMADITYA,VIKRAMADITYA,1
VIKRANT,VIKRANT,1
VIKRANTH,VIKRANTH,1
VIKRANTH CHOWDARY,VIKRANTH CHOWDARY,1
VIKRANTH RAM,VIKRANTH RAM,1
VIKRANTH SAURIN,VIKRANTH SAURIN,1
VIKSHA,VIKSHA,2
VIKTOR,VIKTOR,5
VIKTORIA,VIKTÓRIA,1
VILLAINA,VILLAINA,1
VILLANELLE,VILLANELLE,1
VILMA,VILMA,3
VIMARI,VIMARI,1
VIMARSH,VIMARSH,1
VIMUDHA,VIMUDHA,1
VIN,VIN,1
VINA,VINA,1
VINCE,VINCE,7
VINCENT,VINCENT,124
VINCENZA,VINCENZA,1
VINCENZO,VINCENZO,5
VINCIL,VINCIL,1
VINETTE,VINETTE,1
VINH,VINH,2
VINICIO,VINICIO,1
VINIHA,VINIHA,1
VINIT,VINIT,1
VINNAM,VINNAM,1
VINNIE,VINNIE,1
VINNY,VINNY,1
VINORA,VINORA,1
VINUTHA,VINUTHA,1
VIOLA,VIOLA,3
VIOLA ANNA,VIOLA ANNA,1
VIOLET,VIOLET,289
VIOLETA,VIOLETA,28
VIOLETT,VIOLETT,3
VIOLETTA,VIOLETTA,10
VIOLETTE,VIOLETTE,10
VIOLLETTE,VIOLLETTE,2
VION,VION,2
VIONA,VIONA,1
VIONNA,VIONNA,1
VIR,VIR,1
VIRA,VIRA,1
VIRAAJ,VIRAAJ,8
VIRAANSH,VIRAANSH,1
VIRAAT,VIRAAT,2
VIRAJ,VIRAJ,22
VIRAJ ABHYAS,VIRAJ ABHYAS,1
VIRAJ RAM,VIRAJ RAM,1
VIRAJ REDDY,VIRAJ REDDY,5
VIRAJ ROY,VIRAJ ROY,1
VIRANSH,VIRANSH,1
VIRAT,VIRAT,12
VIRAT ATHULYA,VIRAT ATHULYA,1
VIRAT KARTHIKEYA,VIRAT KARTHIKEYA,1
VIREN,VIREN,1
VIREN PRAVIN,VIREN PRAVIN,1
VIRGIE,VIRGIE,1
VIRGIL,VIRGIL,2
VIRGILIO,VIRGILIO,1
VIRGINA,VIRGINA,1
VIRGINIA,VIRGINIA,38
VIRHAAN,VIRHAAN,1
VIRIANNA,VIRIANNA,1
VIRJINIA,VIRJINIA,1
VIRJOT,VIRJOT,1
VIRUPAKSH,VIRUPAKSH,1
VISENYA,VISENYA,2
VISHAAK,VISHAAK,1
VISHAAN,VISHAAN,1
VISHAGHAN,VISHAGHAN,1
VISHAKAN,VISHAKAN,1
VISHAKHA,VISHAKHA,1
VISHAL GOVIND,VISHAL GOVIND,1
VISHAN,VISHAN,1
VISHIKA,VISHIKA,2
VISHNU,VISHNU,2
VISHNU RAM,VISHNU RAM,1
VISHOUS,VISHOUS,1
VISHRUDH,VISHRUDH,3
VISHRUTH,VISHRUTH,3
VISHRUTH REDDY,VISHRUTH REDDY,2
VISHVAK,VISHVAK,1
VISHWA,VISHWA,2
VISHWADHIKA,VISHWADHIKA,1
VISHWAK SHYAM,VISHWAK SHYAM,1
VISHWANA,VISHWANA,1
VISION,VISION,1
VISMAYA,VISMAYA,1
VISRUTH,VISRUTH,1
VISWA,VISWA,2
VITA,VITA,5
VITALIY,VITALIY,1
VITALIYA,VITALIYA,1
VITHHUN,VITHHUN,1
VITO,VITO,4
VITTORIA,VITTORIA,3
VIVA,VIVA,2
VIVAAN,VIVAAN,21
VIVAAN REDDY,VIVAAN REDDY,2
VIVAAN TEJ,VIVAAN TEJ,1
VIVAANSH,VIVAANSH,2
VIVAN,VIVAN,4
VIVAN RAM,VIVAN RAM,1
VIVANSH,VIVANSH,2
VIVEK,VIVEK,2
VIVEN,VIVEN,1
VIVETTE,VIVETTE,1
VIVIA,VIVIA,5
VIVIAN,VIVIAN,147
VIVIANA,VIVIANA,50
VIVIANA ISAURA,VIVIANA ISAURA,1
VIVIANE,VIVIANE,1
VIVIANNA,VIVIANNA,13
VIVIANNE,VIVIANNE,4
VIVIANNI,VIVIANNI,1
VIVIANNY,VIVIANNY,1
VIVICA,VIVICA,2
VIVID,VIVID,1
VIVIE,VIVIE,1
VIVIEN,VIVIEN,12
VIVIENNE,VIVIENNE,84
VIVIHANA,VIVIHANA,1
VIVIKTHA,VIVIKTHA,1
VIVIN,VIVIN,2
VIVIN VASHISHTA,VIVIN VASHISHTA,1
VIVINREDDY,VIVINREDDY,1
VIVYANA,VIVYANA,1
VIVYENNE,VIVYENNE,1
VIXIANA,VIXIANA,1
VIYAAN,VIYAAN,4
VIYAN,VIYAN,4
VIYAN REDDY,VIYAN REDDY,1
VIYANA,VIYANA,2
VIYANKA,VIYANKA,1
VIYANSH,VIYANSH,3
VIYATH,VIYATH,1
VIYOM,VIYOM,2
VIYONA,VIYONA,2
VIYONA REDDY,VIYONA REDDY,1
VLADIMEER,VLADIMEER,1
VLADIMIR,VLADIMIR,4
VLADISLAV,VLADISLAV,1
VOGUE,VOGUE,1
VOLA,VOLA,1
VOLKAIIS,VOLKAIIS,1
VOLTAIRE,VOLTAIRE,1
VON,VON,4
VON KEITH,VON KEITH,1
VON'TAVIOUS,VON'TAVIOUS,1
VONDELL,VONDELL,1
VONDIE,VONDIE,1
VONN,VONN,3
VONNEGUT,VONNEGUT,1
VONTANEEK,VONTANEEK,1
VONTRAVIUS,VONTRAVIUS,1
VORAH,VORAH,1
VOSHON,VOSHON,1
VOSI,VOSI,1
VOYAE',VOYAE',1
VREEHA,VREEHA,1
VRIHANI,VRIHANI,1
VRIKSHA,VRIKSHA,1
VRINDA,VRINDA,3
VRINDHA,VRINDHA,2
VRINDHA KRISHNA,VRINDHA KRISHNA,1
VRISHA,VRISHA,1
VRISHANK,VRISHANK,3
VRISHANK KRISHNA,VRISHANK KRISHNA,1
VRITIK KRISHNA,VRITIK KRISHNA,1
VRITIKA,VRITIKA,1
VRUHA,VRUHA,1
VRUKSHA,VRUKSHA,1
VY,VY,1
VYAAN,VYAAN,1
VYGA,VYGA,1
VYLETTE,VYLETTE,1
VYOLETTA,VYOLETTA,1
VYOM,VYOM,8
VYOM GUPTA,VYOM GUPTA,1
VYOM PRAHAAS,VYOM PRAHAAS,1
WABON,WABON,1
WADAQ,WADAQ,1
WADE,WADE,34
WAFAA,WAFAA,1
WAFEEQ,WAFEEQ,1
WAFIQ,WAFIQ,1
WAFIYA,WAFIYA,1
WAHAB,WAHAB,1
WAHAJ,WAHAJ,1
WAHDAT,WAHDAT,1
WAILIN,WAILIN,1
WAILYN,WAILYN,1
WAILYNN,WAILYNN,1
WAIS,WAIS,1
WAJAHAT,WAJAHAT,1
WAJEEHA,WAJEEHA,1
WAKE,WAKE,1
WAKEFIELD,WAKEFIELD,1
WALAE',WALAE',1
WALENTYNA,WALENTYNA,1
WALES,WALES,1
WALESKA,WALESKA,1
WALFORD,WALFORD,1
WALKER,WALKER,117
WALLACE,WALLACE,18
WALLIE,WALLIE,1
WALLIS,WALLIS,2
WALLY,WALLY,1
WALSH,WALSH,1
WALT,WALT,1
WALTER,WALTER,64
WALTON,WALTON,1
WAN,WAN,1
WAN-XUAN,WAN-XUAN,1
WANDA,WANDA,1
WANG SHU,WANG SHU,1
WARD,WARD,1
WARDA,WARDA,1
WARDEN,WARDEN,2
WARIS,WARIS,2
WARNER,WARNER,7
WARREN,WARREN,44
WARREN KENSON,WARREN KENSON,1
WARRICK,WARRICK,1
WARRYN,WARRYN,1
WASEELA,WASEELA,1
WASEEM,WASEEM,1
WASHBURNE,WASHBURNE,1
WASIM,WASIM,1
WASSIM,WASSIM,1
WATERS,WATERS,1
WATHAAN,WATHAAN,1
WATSON,WATSON,16
WATT,WATT,1
WATTY,WATTY,1
WAVELAND,WAVELAND,2
WAVERLEY,WAVERLEY,1
WAVERLY,WAVERLY,10
WAWA,WAWA,1
WAYLAN,WAYLAN,2
WAYLAND,WAYLAND,1
WAYLEN,WAYLEN,4
WAYLIN,WAYLIN,1
WAYLON,WAYLON,109
WAYLON-DWAYNE,WAYLON-DWAYNE,1
WAYLYNN,WAYLYNN,2
WAYNE,WAYNE,8
WAYVA,WAYVA,1
WEAVER,WEAVER,1
WEBB,WEBB,2
WEBER,WEBER,1
WEDNER,WEDNER,1
WEDNESDAE,WEDNESDAE,1
WEDNESDAY,WEDNESDAY,5
WEILAND,WEILAND,1
WELDON,WELDON,4
WELDYN,WELDYN,1
WELLER,WELLER,3
WELLINGTON,WELLINGTON,2
WELLS,WELLS,53
WEN,WEN,1
WENAO,WENAO,1
WENCES,WENCES,1
WENCESLAO,WENCESLAO,3
WENDEL,WENDEL,2
WENDELL,WENDELL,5
WENDER,WENDER,1
WENDY,WENDY,8
WENGIEL,WENGIEL,1
WENONA,WENONA,1
WERLY,WERLY,1
WERNER,WERNER,1
WERNETH,WERNETH,1
WES,WES,11
WESLAN,WESLAN,1
WESLEE,WESLEE,2
WESLEY,WESLEY,183
WESLY,WESLY,2
WESLYN,WESLYN,2
WESLYNN,WESLYNN,1
WESSON,WESSON,6
WEST,WEST,15
WESTBROOK,WESTBROOK,1
WESTIN,WESTIN,18
WESTLEND,WESTLEND,1
WESTLEY,WESTLEY,15
WESTLY,WESTLY,2
WESTLYN,WESTLYN,2
WESTMAN,WESTMAN,1
WESTON,WESTON,164
WESTYN,WESTYN,6
WEYLIN,WEYLIN,2
WEYLIN-EMERY,WEYLIN-EMERY,1
WHEELER,WHEELER,2
WHELAN,WHELAN,3
WHESTIRN,WHESTIRN,1
WHIT,WHIT,10
WHITAKER,WHITAKER,3
WHITFORD,WHITFORD,1
WHITLEE,WHITLEE,3
WHITLEY,WHITLEY,21
WHITMAN,WHITMAN,2
WHITNEY,WHITNEY,14
WHITT,WHITT,5
WHITTAKER,WHITTAKER,1
WHITTEN,WHITTEN,3
WHITTON,WHITTON,1
WICKET,WICKET,1
WID,WID,1
WIL,WIL,1
WILAH,WILAH,1
WILBER,WILBER,1
WILBERT,WILBERT,1
WILBUR,WILBUR,2
WILDE,WILDE,1
WILDER,WILDER,57
WILEMINA,WILEMINA,1
WILEY,WILEY,12
WILFORD,WILFORD,1
WILFRAN,WILFRAN,1
WILFRED,WILFRED,3
WILFREDO,WILFREDO,4
WILGER,WILGER,1
WILHELMINA,WILHELMINA,12
WILHEMINA,WILHEMINA,1
WILIAMS,WILIAMS,1
WILINS,WILINS,1
WILKES,WILKES,1
WILL,WILL,11
WILLA,WILLA,50
WILLAMINA,WILLAMINA,4
WILLEM,WILLEM,3
WILLEMINA,WILLEMINA,1
WILLEY,WILLEY,1
WILLIAM,WILLIAM,593
WILLIAM CONNOR,WILLIAM CONNOR,1
WILLIAM JONES,WILLIAM JONES,1
WILLIAM KHAN-EL,WILLIAM KHAN-EL,1
WILLIAM OLIVER,WILLIAM OLIVER,1
WILLIAM-JADE,WILLIAM-JADE,1
WILLIAM-PAUL,WILLIAM-PAUL,1
WILLIAMS,WILLIAMS,6
WILLIAN,WILLIAN,3
WILLIE,WILLIE,10
WILLIS,WILLIS,3
WILLOUGHBY,WILLOUGHBY,1
WILLOW,WILLOW,112
WILLS,WILLS,1
WILLSON,WILLSON,1
WILLY,WILLY,1
WILMA,WILMA,1
WILMAN,WILMAN,1
WILMER,WILMER,3
WILONA,WILONA,1
WILSHIRE,WILSHIRE,1
WILSON,WILSON,28
WILTZ,WILTZ,1
WIMBERLEY,WIMBERLEY,6
WIN,WIN,2
WINDHAM,WINDHAM,1
WINDSOR,WINDSOR,7
WINFORD,WINFORD,1
WINIFRED,WINIFRED,8
WINITRAN,WINITRAN,1
WINN,WINN,2
WINNER,WINNER,1
WINNIE,WINNIE,16
WINNIE-BEA,WINNIE-BEA,1
WINNIFRED,WINNIFRED,2
WINNY,WINNY,1
WINONA,WINONA,13
WINRY,WINRY,3
WINSLET,WINSLET,1
WINSLETTE,WINSLETTE,1
WINSLEY,WINSLEY,1
WINSLOW,WINSLOW,10
WINSON,WINSON,1
WINSTON,WINSTON,38
WINSTROM,WINSTROM,1
WINTER,WINTER,22
WINTER-ROSE,WINTER-ROSE,1
WINTON,WINTON,1
WIRTH,WIRTH,1
WISDOM,WISDOM,3
WISDYM,WISDYM,1
WISE,WISE,2
WISSAM,WISSAM,1
WISTERIA,WISTERIA,1
WITTEN,WITTEN,7
WOLF,WOLF,6
WOLFE,WOLFE,4
WOLFGANG,WOLFGANG,12
WOLFRIC,WOLFRIC,1
WOLFSEN,WOLFSEN,1
WON,WON,1
WONDERFUL,WONDERFUL,1
WOOD'NIJAH,WOOD'NIJAH,1
WOODES,WOODES,1
WOODROW,WOODROW,11
WOODS,WOODS,3
WOODSON,WOODSON,4
WOODWARD,WOODWARD,2
WOODY,WOODY,2
WOOJIN,WOOJIN,1
WOORI,WOORI,1
WRAE,WRAE,1
WRAIFE,WRAIFE,1
WREN,WREN,76
WRENLEE,WRENLEE,8
WRENLEIGH,WRENLEIGH,2
WRENLEY,WRENLEY,6
WRENLI,WRENLI,1
WRENLY,WRENLY,1
WRENN,WRENN,1
WRENOA,WRENOA,1
WRIGLEY,WRIGLEY,3
WRIHAN,WRIHAN,1
WRYN,WRYN,1
WUILFREN,WUILFREN,1
WUSHAN,WUSHAN,1
WUYANY,WUYANY,1
WYAT,WYAT,1
WYATT,WYATT,327
WYETH,WYETH,1
WYLA,WYLA,1
WYLAND,WYLAND,1
WYLDE,WYLDE,4
WYLDER,WYLDER,12
WYLDER SOL,WYLDER SOL,1
WYLEE,WYLEE,1
WYLIE,WYLIE,11
WYLLIAM,WYLLIAM,1
WYNDOL,WYNDOL,1
WYNELL,WYNELL,1
WYNN,WYNN,11
WYNN'TER,WYNN'TER,1
WYNNE,WYNNE,5
WYNNSTON,WYNNSTON,1
WYNNTER,WYNNTER,1
WYNONA,WYNONA,2
WYNONNA,WYNONNA,2
WYNREE,WYNREE,1
WYNSTON,WYNSTON,5
WYNTER,WYNTER,15
WYSDOM,WYSDOM,1
WYTH,WYTH,1
X'ADYN,X'ADYN,1
X'ANDER,X'ANDER,1
X'AYVION,X'AYVION,2
X'VIYAH,X'VIYAH,1
X'ZAVIER,X'ZAVIER,1
XA'CARI,XA'CARI,1
XA'KARI,XA'KARI,1
XA'LYN,XA'LYN,1
XA'MENA,XA'MENA,1
XA'NIQUE,XA'NIQUE,1
XABI,XABI,1
XABIAN,XABIAN,1
XACHARIAH,XACHARIAH,1
XADRIAN,XADRIAN,1
XAGE,XAGE,1
XAHRIA,XAHRIA,1
XAI,XAI,1
XAIDEN,XAIDEN,2
XAIDIOUS,XAIDIOUS,1
XAILA,XAILA,2
XAILEENE,XAILEENE,1
XAILEN,XAILEN,1
XAINE,XAINE,1
XAIVER,XAIVER,1
XALEN,XALEN,1
XAMARA,XAMARA,1
XAMARI,XAMARI,2
XAMINA,XAMINA,1
XAMIRA LEE,XAMIRA LEE,1
XAN ENZO,XAN ENZO,1
XANDER,XANDER,61
XANDOR,XANDOR,1
XANDRIA,XANDRIA,1
XANE,XANE,3
XANTHI,XANTHI,2
XANTI,XANTI,1
XARA,XARA,2
XARENI,XARENI,10
XARENY,XARENY,1
XARIA,XARIA,1
XARIAH,XARIAH,2
XARIC,XARIC,1
XARIUS,XARIUS,1
XARIYAH,XARIYAH,1
XAVI,XAVI,2
XAVIAN,XAVIAN,2
XAVIEN,XAVIEN,1
XAVIER,XAVIER,123
XAVIER SANTIAGO,XAVIER SANTIAGO,1
XAVION,XAVION,2
XAVIOR,XAVIOR,1
XAVORY,XAVORY,1
XAVYON,XAVYON,1
XAY'VION,XAY'VION,1
XAYDEN,XAYDEN,2
XAYLA,XAYLA,2
XAYLEE,XAYLEE,1
XAYLIE,XAYLIE,1
XAYNE,XAYNE,1
XAYONI,XAYONI,1
XAYVIER,XAYVIER,2
XEENA,XEENA,1
XENA,XENA,14
XENIA,XENIA,2
XENOVIA,XENOVIA,1
XEON,XEON,1
XEPPELYN,XEPPELYN,1
XERENI,XERENI,1
XERXES,XERXES,1
XHAIDEN,XHAIDEN,1
XHANA,XHANA,1
XHIOMARA,XHIOMARA,1
XHO'YANI,XHO'YANI,1
XI'LA,XI'LA,1
XI'MONEA,XI'MONEA,1
XI'NYLA,XI'NYLA,1
XI'RAYAH,XI'RAYAH,1
XI'YANIQUE,XI'YANIQUE,1
XIA,XIA,1
XIA ARIA,XIA ARIA,1
XIADANI,XIADANI,1
XIAH,XIAH,1
XIAMARA,XIAMARA,3
XIANG,XIANG,2
XIAO,XIAO,1
XIAOTING,XIAOTING,1
XIARE,XIARE,1
XICLALI,XICLALI,1
XICLALY,XICLALY,1
XIDANE,XIDANE,1
XIENNA,XIENNA,1
XIERRA,XIERRA,1
XILENA,XILENA,1
XILENIA,XILENIA,1
XIMEINA,XIMEINA,1
XIMENA,XIMENA,205
XIMENNA,XIMENNA,1
XIMMENA,XIMMENA,1
XINEDAYA,XINEDAYA,1
XING,XING,1
XINGYUN,XINGYUN,1
XINO,XINO,1
XIOCHI,XIOCHI,1
XIOLANA,XIOLANA,1
XIOMAR,XIOMAR,1
XIOMARA,XIOMARA,37
XIOMORA,XIOMORA,1
XIONN,XIONN,1
XIRENA,XIRENA,1
XIRIS,XIRIS,1
XITLAHLY,XITLAHLY,1
XITLALI,XITLALI,10
XITLALIC,XITLALIC,1
XITLALLI,XITLALLI,1
XITLALY,XITLALY,5
XITLATLI,XITLATLI,1
XIUREE,XIUREE,1
XIWEN,XIWEN,1
XIYUE,XIYUE,1
XOCHI,XOCHI,2
XOCHITL,XOCHITL,16
XOCHITL,XÓCHITL,1
XOE,XOE,3
XOEIGH,XOEIGH,1
XOELLIE,XOELLIE,1
XOEY,XOEY,4
XOIE,XOIE,1
XOLA,XOLA,1
XOLAHNI,XOLAHNI,1
XOLANI,XOLANI,3
XOMAURI,XOMAURI,1
XORGE,XORGE,1
XORIANN,XORIANN,1
XOTCHIL,XÓTCHIL,1
XUANBO,XUANBO,1
XUANXIN,XUANXIN,1
XUFE,XUFE,1
XUMA,XUMA,1
XUN,XUN,1
XURAILA,XURAILA,1
XURAN,XURAN,1
XURANNIE,XURANNIE,1
XUREILA,XUREILA,1
XURI,XURI,1
XURIELA,XURIELA,1
XY'LAYAH,XY'LAYAH,1
XY'MORA,XY'MORA,1
XY'NAE,XY'NAE,1
XYA,XYA,1
XYAIRA,XYAIRA,1
XYAIRE,XYAIRE,1
XYANNA,XYANNA,1
XYDEN,XYDEN,1
XYLA,XYLA,8
XYLAH,XYLAH,2
XYLAN,XYLAN,3
XYLEIGH,XYLEIGH,1
XYLEN,XYLEN,1
XYLIA,XYLIA,1
XYLINA,XYLINA,1
XYLO,XYLO,2
XYMON,XYMON,1
XYNDAYA,XYNDAYA,1
XYNN,XYNN,1
XYON,XYON,1
XYRA,XYRA,1
XYREE,XYREE,1
XYREN,XYREN,1
XYRIE,XYRIE,1
XYZLA,XYZLA,1
XZANDER,XZANDER,1
XZARI,XZARI,1
XZAVIER,XZAVIER,3
XZAVION,XZAVION,2
XZAYVR,XZAYVR,1
Y'NELLE,Y'NELLE,1
YA'MANI,YA'MANI,1
YA'MYA,YA'MYA,1
YA'SANIY,YA'SANIY,1
YAAHVI,YAAHVI,1
YAALINI,YAALINI,2
YAASHVI,YAASHVI,1
YAASHWIN SAI,YAASHWIN SAI,1
YABRAN,YABRAN,1
YABSERA,YABSERA,1
YADAV,YADAV,1
YADETHZY,YADETHZY,1
YADEXI,YADEXI,1
YADHUVIR,YADHUVIR,1
YADID,YADID,1
YADIEL,YADIEL,7
YADIER,YADIER,3
YADIRA,YADIRA,6
YAEL,YAEL,23
YAELANI,YAELANI,1
YAELIS,YAELIS,1
YAFET,YAFET,2
YAGO,YAGO,1
YAHAIRA,YAHAIRA,2
YAHAV,YAHAV,1
YAHEL,YAHEL,4
YAHIM,YAHIM,1
YAHIR,YAHIR,27
YAHIR SAMUEL,YAHIR SAMUEL,1
YAHLY,YAHLY,1
YAHNAH,YAHNAH,1
YAHRECZLY,YAHRECZLY,1
YAHRITZA,YAHRITZA,1
YAHSHA,YAHSHA,1
YAHUDAH,YAHUDAH,1
YAHVI,YAHVI,1
YAHYA,YAHYA,13
YAHYAH,YAHYAH,1
YAICOM,YAICOM,1
YAILA,YAILA,1
YAILIN,YAILIN,1
YAILYN,YAILYN,1
YAIR,YAIR,9
YAIRA,YAIRA,1
YAIZA,YAIZA,1
YAJ,YAJ,1
YAJAIRA,YAJAIRA,3
YAKELIN,YAKELIN,1
YAKINI,YAKINI,1
YAKOV,YAKOV,1
YAKOVA,YAKOVA,1
YAKSHIN,YAKSHIN,1
YALAINNA,YALAINNA,1
YALANI,YALANI,1
YALEIDY,YALEIDY,1
YALENNY,YALENNY,1
YALIELAH,YALIELAH,1
YALINA,YALINA,1
YALINI,YALINI,1
YALITZA,YALITZA,3
YAM,YAM,2
YAMAAN,YAMAAN,2
YAMALEE,YAMALEE,1
YAMALIZ,YAMALIZ,1
YAMAN,YAMAN,3
YAMEEN,YAMEEN,1
YAMEL,YAMEL,1
YAMEN,YAMEN,3
YAMI,YAMI,1
YAMIL,YAMIL,1
YAMILA,YAMILA,5
YAMILE,YAMILE,1
YAMILET,YAMILET,5
YAMILETH,YAMILETH,37
YAMILETT,YAMILETT,4
YAMILEX,YAMILEX,1
YAMILEXI,YAMILEXI,1
YAMILI,YAMILI,1
YAMINI,YAMINI,1
YAMIR,YAMIR,1
YAMIRA,YAMIRA,1
YAMISLY,YAMISLY,1
YAN,YAN,1
YANA,YANA,1
YANAH,YANAH,1
YANAIRY,YANAIRY,1
YANAISY,YANAISY,1
YANALI,YANALI,1
YANARA,YANARA,1
YANARI,YANARI,1
YANCY,YANCY,1
YANDEL,YANDEL,2
YANELI,YANELI,12
YANELIS,YANELIS,1
YANELLI,YANELLI,1
YANELLY,YANELLY,3
YANET,YANET,1
YANI,YANI,1
YANIA,YANIA,1
YANICK,YANICK,2
YANIR,YANIR,1
YANIRA,YANIRA,3
YANIS,YANIS,2
YANISS,YANISS,1
YANNA,YANNA,1
YANNI,YANNI,3
YANNIS,YANNIS,2
YANUEL,YANUEL,1
YANVI REDDY,YANVI REDDY,1
YANY,YANY,1
YANZHI,YANZHI,1
YAPHET,YAPHET,1
YAQUB,YAQUB,1
YAQUELIN,YAQUELIN,1
YARA,YARA,20
YARAMSI,YARAMSI,1
YARANI,YARANI,1
YARDANI,YARDANI,1
YARDYN,YARDYN,1
YARED,YARED,1
YAREL,YAREL,3
YARELI,YARELI,37
YARELIS,YARELIS,1
YARELL,YARELL,1
YARELLI,YARELLI,1
YARELSI,YARELSI,1
YARELY,YARELY,8
YAREMI,YAREMI,2
YARENCI,YARENCI,1
YARENI,YARENI,2
YARENYS,YARENYS,1
YARETH,YARETH,4
YARETSI,YARETSI,2
YARETSSI,YARETSSI,1
YARETTH,YARETTH,1
YARETXY,YARETXY,1
YARETZI,YARETZI,41
YARETZY,YARETZY,10
YARIANIS,YARIANIS,1
YARIBELLE,YARIBELLE,1
YARIEL,YARIEL,6
YARIHTZA,YARIHTZA,1
YARISBEL,YARISBEL,1
YARISBETH,YARISBETH,1
YARITMA,YARITMA,1
YARITZA,YARITZA,8
YARITZEL,YARITZEL,4
YARITZELI,YARITZELI,1
YARITZI,YARITZI,1
YARITZY,YARITZY,2
YAROSLAVA,YAROSLAVA,1
YARYNA,YARYNA,1
YAS,YAS,1
YASAHN,YASAHN,1
YASAMEEN,YASAMEEN,1
YASAR,YASAR,1
YASEEN,YASEEN,9
YASEL,YASEL,1
YASEN,YASEN,1
YASER,YASER,1
YASH,YASH,7
YASHASVINI,YASHASVINI,2
YASHFA,YASHFA,1
YASHI,YASHI,1
YASHIKA,YASHIKA,5
YASHIRA,YASHIRA,1
YASHNA,YASHNA,9
YASHNA PRAKASH,YASHNA PRAKASH,1
YASHOMATI,YASHOMATI,1
YASHRAJ,YASHRAJ,1
YASHVI,YASHVI,2
YASHVI REDDY,YASHVI REDDY,1
YASHVIK,YASHVIK,1
YASHVY,YASHVY,1
YASHWIN,YASHWIN,1
YASIEL,YASIEL,4
YASIR,YASIR,4
YASLIN,YASLIN,3
YASLINE,YASLINE,1
YASLYN,YASLYN,1
YASMANI,YASMANI,1
YASMANUEL,YASMANUEL,1
YASMEEN,YASMEEN,4
YASMIN,YASMIN,12
YASMIN ELA,YASMIN ELA,1
YASMINA,YASMINA,1
YASMINE,YASMINE,6
YASNA,YASNA,1
YASSEN,YASSEN,1
YASSER,YASSER,1
YASSINE,YASSINE,1
YASSIR,YASSIR,1
YASSMINE,YASSMINE,1
YATES,YATES,1
YATHVIK,YATHVIK,1
YATSMARI,YATSMARI,1
YATZARY,YATZARY,2
YATZENI,YATZENI,1
YATZIL,YATZIL,1
YATZIRI,YATZIRI,5
YATZIRY,YATZIRY,1
YAUL,YAUL,1
YAXENI,YAXENI,1
YAYLINE,YAYLINE,1
YAZ,YAZ,1
YAZABEL,YAZABEL,1
YAZAN,YAZAN,1
YAZARET,YAZARET,1
YAZDAN,YAZDAN,2
YAZID,YAZID,1
YAZIEL,YAZIEL,2
YAZIN,YAZIN,1
YAZINIT,YAZINIT,1
YAZLIN,YAZLIN,1
YAZLYN,YAZLYN,2
YAZMIN,YAZMIN,10
YAZN,YAZN,1
YEAB,YEAB,2
YEAGER,YEAGER,2
YECHAN,YECHAN,2
YEDDA,YEDDA,1
YEDIDYA,YEDIDYA,1
YEDRICK,YEDRICK,1
YEE JEN,YEE JEN,1
YEE-FAN,YEE-FAN,1
YEFERSON,YEFERSON,3
YEFRI,YEFRI,1
YEHANA,YEHANA,1
YEHILYN,YEHILYN,1
YEHSHUA,YEHSHUA,1
YEHUDA,YEHUDA,1
YEI,YEI,1
YEICO,YEICO,1
YEICON,YEICON,1
YEIDEN,YEIDEN,3
YEIKO URIEL,YEIKO URIEL,1
YEILANI,YEILANI,2
YEILANY,YEILANY,1
YEILIANIS,YEILIANIS,1
YEILIN,YEILIN,2
YEILMAR,YEILMAR,1
YEILYN,YEILYN,2
YEIMI,YEIMI,2
YEIMY,YEIMY,2
YEINIER,YEINIER,1
YEISON,YEISON,4
YELENA,YELENA,2
YELENAH,YELENAH,1
YELINE,YELINE,1
YELITZA,YELITZA,1
YELLOW,YELLOW,1
YELTSIN,YELTSIN,1
YEMARIAM,YEMARIAM,2
YEMAYA,YEMAYA,3
YEN,YEN,1
YEN HUE,YEN HUE,1
YENA,YENA,3
YENER,YENER,1
YENI,YENI,1
YENKO,YENKO,1
YENNEFER,YENNEFER,1
YENNI,YENNI,1
YENNIFER,YENNIFER,2
YENVY,YENVY,1
YENZHU,YENZHU,1
YEONA,YEONA,1
YEONWOO,YEONWOO,1
YERAI,YERAI,2
YERAY,YERAY,2
YEREZME,YEREZME,1
YERICK,YERICK,3
YERICSON,YERICSON,1
YERIEL,YERIEL,1
YERIK,YERIK,5
YERIN,YERIN,1
YERLI,YERLI,1
YERLY,YERLY,1
YERRI,YERRI,1
YESARELY,YESARELY,1
YESBETH,YESBETH,3
YESENIA,YESENIA,12
YESH,YESH,1
YESHIA,YESHIA,2
YESHNA REDDY,YESHNA REDDY,1
YESHUA,YESHUA,9
YESHUA,YESHÚA,1
YESHVIK AYAAN,YESHVIK AYAAN,1
YESHWANTH,YESHWANTH,1
YESHWIN,YESHWIN,1
YESIAH,YESIAH,1
YESLEK,YESLEK,1
YESLI,YESLI,2
YESLIN,YESLIN,2
YESLY,YESLY,2
YESNER,YESNER,1
YESSANIE,YESSANIE,1
YESSENIA,YESSENIA,3
YESSIA,YESSIA,1
YESSICA,YESSICA,2
YESSIE,YESSIE,1
YESUA,YESUA,1
YESUF,YESUF,1
YETSAEL,YETSAEL,1
YETZAEL,YETZAEL,1
YETZALI,YETZALI,5
YEUDIEL,YEUDIEL,1
YEVA,YEVA,1
YEXALEN,YEXALEN,1
YEYNER,YEYNER,1
YEZAN,YEZAN,1
YEZEN,YEZEN,1
YEZINAH,YEZINAH,1
YEZLYN,YEZLYN,1
YEZSENIA,YEZSENIA,1
YGGDRASIL,YGGDRASIL,1
YGNACIO,YGNACIO,1
YHAKEEM,YHAKEEM,1
YHAMEILAH,YHAMEILAH,1
YHOALI,YHOALI,1
YHURY,YHURY,1
YI,YI,2
YIAM,YIAM,1
YIANNA,YIANNA,1
YIANNIS,YIANNIS,2
YICHEN,YICHEN,1
YIHENG,YIHENG,1
YIHYUN,YIHYUN,1
YIKE,YIKE,1
YIMY,YIMY,1
YIN,YIN,1
YINETH,YINETH,1
YINGFENG,YINGFENG,1
YINING,YINING,1
YIREH,YIREH,2
YIRMIYAHU,YIRMIYAHU,1
YISEL,YISEL,4
YISELA,YISELA,1
YISHAI,YISHAI,1
YISLEIDYS,YISLEIDYS,1
YISSEL,YISSEL,1
YITZEL,YITZEL,1
YIYI,YIYI,1
YIZEL,YIZEL,1
YIZHU,YIZHU,1
YLL,YLL,1
YLVA,YLVA,1
YLVI,YLVI,1
YMARALIEY,YMARALIEY,1
YMIX,YMIX,1
YNAFETS,YNAFETS,1
YNEZ,YNEZ,1
YO'VONNIE,YO'VONNIE,1
YOADAN,YOADAN,1
YOAHDAN,YOAHDAN,1
YOAN,YOAN,4
YOANDRI,YOANDRI,1
YOANN,YOANN,1
YOANSY,YOANSY,1
YOARI,YOARI,1
YOATZI,YOATZI,1
YOATZY,YOATZY,2
YOBELIN,YOBELIN,1
YOBY,YOBY,2
YOCELIN,YOCELIN,2
YOCHANA,YOCHANA,1
YODA,YODA,1
YODHAN,YODHAN,1
YOEL,YOEL,8
YOELI,YOELI,1
YOEMI,YOEMI,1
YOENSI,YOENSI,1
YOEZLEN,YOEZLEN,1
YOGEN,YOGEN,1
YOGESH,YOGESH,1
YOGI,YOGI,1
YOGITHA,YOGITHA,1
YOHAN,YOHAN,8
YOHANA,YOHANA,2
YOHANAN,YOHANAN,3
YOHANNA,YOHANNA,2
YOHANNAN,YOHANNAN,1
YOHANNES,YOHANNES,2
YOHEVETH,YOHEVETH,1
YOJAIRA,YOJAIRA,1
YOLANDA,YOLANDA,2
YOLANI,YOLANI,1
YOLANY,YOLANY,1
YOLETH,YOLETH,1
YOLIANIE,YOLIANIE,1
YOLMAN,YOLMAN,1
YOLYS,YOLYS,1
YOMAY,YOMAY,1
YOMI,YOMI,1
YONAEL,YONAEL,1
YONARI,YONARI,1
YONATAN,YONATAN,6
YONATHAN,YONATHAN,2
YONDEN,YONDEN,1
YONG,YONG,1
YONI,YONI,2
YONNAN,YONNAN,1
YONTEN,YONTEN,1
YONY,YONY,1
YOOAHN,YOOAHN,1
YOONBIN,YOONBIN,1
YOONHOO,YOONHOO,1
YORDANI,YORDANI,1
YORDI,YORDI,2
YORJENIS,YORJENIS,1
YORK,YORK,1
YORLEYDI,YORLEYDI,1
YORVIN,YORVIN,1
YOSABEL,YOSABEL,1
YOSAN,YOSAN,1
YOSBELLY,YOSBELLY,1
YOSCAR,YOSCAR,1
YOSEF,YOSEF,3
YOSELIN,YOSELIN,9
YOSELYN,YOSELYN,1
YOSHELL,YOSHELL,1
YOSHIYAH,YOSHIYAH,1
YOSHIYAHU,YOSHIYAHU,1
YOSHNA,YOSHNA,1
YOSHUA,YOSHUA,2
YOSIAH,YOSIAH,1
YOSIAS,YOSIAS,1
YOSIO,YOSIO,1
YOSKAR,YOSKAR,1
YOSMAN,YOSMAN,1
YOSRA,YOSRA,1
YOSSELIN,YOSSELIN,5
YOSTIN,YOSTIN,2
YOSTIN VERNAVE,YOSTIN VERNAVE,1
YOSTINA,YOSTINA,1
YOSUAM,YOSUAM,1
YOSUAN,YOSUAN,1
YOSVANI,YOSVANI,1
YOTAM,YOTAM,1
YOUBENSLY,YOUBENSLY,1
YOUCEF,YOUCEF,2
YOULAN,YOULAN,1
YOUME,YOUME,1
YOUNA,YOUNA,2
YOUNAS,YOUNAS,1
YOUNES,YOUNES,2
YOUNIS,YOUNIS,4
YOUNUS,YOUNUS,1
YOUQI,YOUQI,1
YOUSAF,YOUSAF,2
YOUSEF,YOUSEF,5
YOUSF,YOUSF,1
YOUSIF,YOUSIF,11
YOUSRA,YOUSRA,2
YOUSSEF,YOUSSEF,6
YOUSSOUF,YOUSSOUF,1
YOUSUF,YOUSUF,3
YOUYANG,YOUYANG,1
YOUYOU,YOUYOU,1
YOVANI,YOVANI,3
YOVANII,YOVANII,1
YOVANNI,YOVANNI,3
YOWHANS,YOWHANS,1
YOYO,YOYO,2
YRE'VAH,YRE'VAH,1
YRMAH,YRMAH,1
YSABELA,YSABELA,2
YSABELLA,YSABELLA,3
YSLEN,YSLEN,1
YTZABELLA,YTZABELLA,1
YTZAYANA,YTZAYANA,1
YU AN,YU AN,1
YUA,YUA,1
YUAAN,YUAAN,1
YUANXIN,YUANXIN,1
YUBA,YUBA,1
YUBIN,YUBIN,1
YUCHEN,YUCHEN,1
YUCHUAN,YUCHUAN,1
YUDIEL,YUDIEL,2
YUDITH,YUDITH,1
YUE,YUE,1
YUELI,YUELI,1
YUEXI,YUEXI,1
YUFEI,YUFEI,1
YUG,YUG,3
YUGA,YUGA,2
YUGAN,YUGAN,1
YUGAN RAJ,YUGAN RAJ,1
YUGHAN,YUGHAN,1
YUGHAN PUVAALAI,YUGHAN PUVAALAI,1
YUGUN,YUGUN,1
YUGVEER,YUGVEER,1
YUHAN,YUHAN,1
YUJAE,YUJAE,1
YUJIN,YUJIN,1
YUKI,YUKI,3
YUKIO,YUKIO,1
YUKT,YUKT,1
YUKTHA,YUKTHA,1
YUKTHI,YUKTHI,2
YUL,YUL,1
YULANI,YULANI,1
YULEIDI,YULEIDI,1
YULEIMI,YULEIMI,2
YULEIMY,YULEIMY,1
YULEISY,YULEISY,1
YULEMA,YULEMA,1
YULETZY,YULETZY,1
YULEYSI,YULEYSI,1
YULI,YULI,2
YULIAN,YULIAN,3
YULIANA,YULIANA,19
YULIANI,YULIANI,1
YULIANNA,YULIANNA,3
YULICIA,YULICIA,1
YULIETH,YULIETH,2
YULIETT,YULIETT,1
YULIETTE,YULIETTE,1
YULIN,YULIN,2
YULISSA,YULISSA,6
YULIZA,YULIZA,1
YUMA,YUMA,2
YUMI,YUMI,4
YUMNA,YUMNA,4
YUN,YUN,1
YUN KAI,YUN KAI,1
YUN YE,YUN YE,1
YUNA,YUNA,11
YUNALESCA,YUNALESCA,1
YUNAY,YUNAY,5
YUNAY RAO,YUNAY RAO,1
YUNEISI,YUNEISI,1
YUNI,YUNI,1
YUNING,YUNING,1
YUNIOR,YUNIOR,2
YUNUEL,YUNUEL,1
YUNUEN,YUNUEN,2
YUNUS,YUNUS,7
YUQI,YUQI,1
YURA,YURA,1
YURAN,YURAN,1
YURANI,YURANI,1
YUREILY,YUREILY,1
YUREK,YUREK,1
YURI,YURI,10
YURIAH,YURIAH,1
YURIAN,YURIAN,1
YURIDIA,YURIDIA,1
YURIE,YURIE,1
YURIEL,YURIEL,1
YURIELLA,YURIELLA,1
YURIK,YURIK,1
YURIKO,YURIKO,2
YURINA,YURINA,1
YURIS,YURIS,1
YURITZI,YURITZI,1
YURITZY,YURITZY,1
YURY,YURY,1
YUSAK,YUSAK,1
YUSAYRAH,YUSAYRAH,1
YUSBETH,YUSBETH,1
YUSEF,YUSEF,1
YUSHA,YUSHA,1
YUSRA,YUSRA,14
YUSUF,YUSUF,20
YUSUFU,YUSUFU,1
YUSUR,YUSUR,1
YUTO,YUTO,1
YUV,YUV,2
YUVA,YUVA,3
YUVAAN,YUVAAN,15
YUVAAN REDDY,YUVAAN REDDY,2
YUVAAN VARMA,YUVAAN VARMA,1
YUVAANSH,YUVAANSH,1
YUVAANSH NANDHAN,YUVAANSH NANDHAN,1
YUVAL,YUVAL,1
YUVAN,YUVAN,15
YUVAN MOKSHA,YUVAN MOKSHA,1
YUVANA,YUVANA,1
YUVANSH,YUVANSH,3
YUVANSH VARMA,YUVANSH VARMA,1
YUVARANI,YUVARANI,1
YUVEN,YUVEN,2
YUVIA,YUVIA,1
YUVIKA,YUVIKA,1
YUVIN,YUVIN,4
YUVIN REDDY,YUVIN REDDY,1
YUVIN SAI,YUVIN SAI,1
YUVRAAM,YUVRAAM,1
YUZARSIF,YUZARSIF,1
YUZUKI,YUZUKI,1
YVA,YVA,1
YVAINE,YVAINE,2
YVAN,YVAN,1
YVES,YVES,1
YVETTE,YVETTE,15
YVIE,YVIE,1
YVO FRANCOIS,YVO FRANCOIS,1
YVONNA,YVONNA,1
YVONNE,YVONNE,8
YZABELLA,YZABELLA,1
YZALIAH,YZALIAH,1
YZRAIL,YZRAIL,1
Z'AHVIAH,Z'AHVIAH,1
Z'AIRE,Z'AIRE,2
Z'ALAIA,Z'ALAIA,1
Z'ARII,Z'ARII,1
Z'AURE,Z'AURE,1
Z'AYLA,Z'AYLA,1
Z'IONNA,Z'IONNA,1
Z'KARI,Z'KARI,1
Z'KYRON,Z'KYRON,1
Z'LYND,Z'LYND,1
Z'MARION,Z'MARION,1
Z'TRAYVION,Z'TRAYVION,1
Z'YAIRE,Z'YAIRE,1
ZA'BRION,ZA'BRION,1
ZA'CARI,ZA'CARI,2
ZA'DAIYAH,ZA'DAIYAH,1
ZA'HARA,ZA'HARA,1
ZA'HEAVEN,ZA'HEAVEN,1
ZA'IR,ZA'IR,1
ZA'IRE,ZA'IRE,2
ZA'KAI,ZA'KAI,1
ZA'KARI,ZA'KARI,2
ZA'KARII,ZA'KARII,1
ZA'KAYLA,ZA'KAYLA,1
ZA'KERIYA,ZA'KERIYA,1
ZA'KHAI,ZA'KHAI,1
ZA'KHARI,ZA'KHARI,1
ZA'KHARIE,ZA'KHARIE,1
ZA'KIAYUS,ZA'KIAYUS,1
ZA'KIREN,ZA'KIREN,1
ZA'KLYNN,ZA'KLYNN,1
ZA'KYA,ZA'KYA,1
ZA'LANI,ZA'LANI,2
ZA'LEIGHA,ZA'LEIGHA,1
ZA'LIEGH,ZA'LIEGH,1
ZA'LIYAH,ZA'LIYAH,3
ZA'MARI,ZA'MARI,1
ZA'MARIAN,ZA'MARIAN,1
ZA'MARION,ZA'MARION,1
ZA'MIA,ZA'MIA,1
ZA'MIR,ZA'MIR,1
ZA'MIYAH,ZA'MIYAH,1
ZA'MYLAH,ZA'MYLAH,1
ZA'NAYA,ZA'NAYA,1
ZA'NIYA,ZA'NIYA,2
ZA'NIYAH,ZA'NIYAH,3
ZA'NOVIA,ZA'NOVIA,2
ZA'NYA,ZA'NYA,1
ZA'NYAH,ZA'NYAH,2
ZA'NYLA,ZA'NYLA,2
ZA'RALEON,ZA'RALEON,1
ZA'RIAH,ZA'RIAH,2
ZA'RINYA,ZA'RINYA,1
ZA'RIYAH,ZA'RIYAH,5
ZA'RYIA,ZA'RYIA,1
ZA'VERA,ZA'VERA,1
ZA'VION,ZA'VION,1
ZAAIM,ZAAIM,1
ZAARLO,ZAARLO,1
ZAARYA,ZAARYA,1
ZAAVRY,ZAAVRY,1
ZABDIEL,ZABDIEL,12
ZABELLA,ZABELLA,2
ZAC,ZAC,2
ZACARIAS,ZACARIAS,1
ZACAYDEN,ZACAYDEN,1
ZACH,ZACH,8
ZACHARI,ZACHARI,1
ZACHARIAH,ZACHARIAH,25
ZACHARIAS,ZACHARIAS,2
ZACHARIE,ZACHARIE,1
ZACHARIYAH,ZACHARIYAH,1
ZACHARY,ZACHARY,119
ZACHERY,ZACHERY,3
ZACK,ZACK,7
ZACKARIAH,ZACKARIAH,1
ZACKARY,ZACKARY,6
ZACKERY,ZACKERY,3
ZADA,ZADA,1
ZADARI,ZADARI,1
ZADE,ZADE,4
ZADEN,ZADEN,2
ZADIE,ZADIE,9
ZADKIEL,ZADKIEL,4
ZADOK,ZADOK,2
ZADORA,ZADORA,1
ZADRIEL,ZADRIEL,1
ZADYN,ZADYN,2
ZADYNN,ZADYNN,1
ZAE,ZAE,2
ZAE'ANGELO,ZAE'ANGELO,1
ZAE'LEAANNAH,ZAE'LEAANNAH,1
ZAE'LY,ZAE'LY,1
ZAEDAH,ZAEDAH,1
ZAEDEN,ZAEDEN,1
ZAEDYN,ZAEDYN,1
ZAEE'LY,ZAEE'LY,1
ZAEL,ZAEL,2
ZAELANI,ZAELANI,1
ZAELEAH,ZAELEAH,1
ZAELI,ZAELI,1
ZAELIN,ZAELIN,1
ZAELIYAH,ZAELIYAH,1
ZAELOR,ZAELOR,1
ZAELYN,ZAELYN,3
ZAELYNN,ZAELYNN,3
ZAER,ZAER,1
ZAEVIANNA,ZAEVIANNA,2
ZAFAR,ZAFAR,1
ZAFEERA,ZAFEERA,1
ZAFINA,ZAFINA,1
ZAFIR,ZAFIR,1
ZAFIRAH ANN,ZAFIRAH ANN,1
ZAGREUS,ZAGREUS,2
ZAH'MARLON,ZAH'MARLON,1
ZAH'YIRR,ZAH'YIRR,1
ZAHAAN,ZAHAAN,1
ZAHAIR,ZAHAIR,1
ZAHAN,ZAHAN,2
ZAHARA,ZAHARA,3
ZAHARI,ZAHARI,1
ZAHEER,ZAHEER,1
ZAHI,ZAHI,1
ZAHIA,ZAHIA,1
ZAHID,ZAHID,2
ZAHIR,ZAHIR,7
ZAHIRA,ZAHIRA,1
ZAHKARI,ZAHKARI,1
ZAHLIEE,ZAHLIEE,1
ZAHMIR,ZAHMIR,1
ZAHNEYA,ZAHNEYA,1
ZAHRA,ZAHRA,25
ZAHRIAH,ZAHRIAH,1
ZAHRION,ZAHRION,1
ZAI,ZAI,1
ZAI'CORY,ZAI'CORY,1
ZAI'LIOUS,ZAI'LIOUS,1
ZAI'MYLA,ZAI'MYLA,1
ZAIA,ZAIA,3
ZAIAH,ZAIAH,1
ZAIAH-BLISS,ZAIAH-BLISS,1
ZAID,ZAID,27
ZAIDA,ZAIDA,3
ZAIDAN,ZAIDAN,1
ZAIDEE,ZAIDEE,2
ZAIDEN,ZAIDEN,22
ZAIDYN,ZAIDYN,3
ZAIERE,ZAIERE,1
ZAILAH,ZAILAH,1
ZAILAN,ZAILAN,1
ZAILE,ZAILE,1
ZAILEE,ZAILEE,2
ZAILEY,ZAILEY,1
ZAILEY MAE,ZAILEY MAE,1
ZAILY,ZAILY,1
ZAILYA,ZAILYA,1
ZAILYAH,ZAILYAH,1
ZAIN,ZAIN,23
ZAINA,ZAINA,10
ZAINAB,ZAINAB,12
ZAINAB FATIMA,ZAINAB FATIMA,1
ZAINALABDEEN,ZAINALABDEEN,1
ZAINE,ZAINE,2
ZAINEL,ZAINEL,1
ZAION,ZAION,2
ZAIR,ZAIR,1
ZAIRA,ZAIRA,15
ZAIRA,ZAÏRA,1
ZAIRA-ZAMORA,ZAIRA-ZAMORA,1
ZAIRE,ZAIRE,18
ZAIRY,ZAIRY,1
ZAISHA,ZAISHA,1
ZAIVIEN,ZAIVIEN,1
ZAIYA,ZAIYA,3
ZAIYAH,ZAIYAH,1
ZAIYDEE,ZAIYDEE,1
ZAIYLA,ZAIYLA,1
ZAK,ZAK,5
ZAKAHRI,ZAKAHRI,2
ZAKAI,ZAKAI,3
ZAKARI,ZAKARI,4
ZAKARIA,ZAKARIA,2
ZAKARIAH,ZAKARIAH,4
ZAKARIYA,ZAKARIYA,3
ZAKARIYAH,ZAKARIYAH,1
ZAKARIYYA,ZAKARIYYA,1
ZAKARY,ZAKARY,2
ZAKARYA,ZAKARYA,1
ZAKARYAH,ZAKARYAH,1
ZAKI,ZAKI,1
ZAKIAH,ZAKIAH,1
ZAKII,ZAKII,1
ZAKIRULLAH,ZAKIRULLAH,1
ZAKKARY,ZAKKARY,1
ZAKNAFEIN,ZAKNAFEIN,1
ZAKOI,ZAKOI,1
ZAKWAN,ZAKWAN,1
ZAKYIUS,ZAKYIUS,1
ZALA,ZALA,6
ZALAYAH,ZALAYAH,3
ZALE,ZALE,1
ZALEAYH,ZALÉAYH,1
ZALENNA,ZALENNA,1
ZALET,ZALET,1
ZALEYAH,ZALEYAH,1
ZALIA,ZALIA,2
ZALIAAH,ZALIAAH,1
ZALIAH,ZALIAH,1
ZALITA,ZALITA,1
ZALIYAH,ZALIYAH,2
ZALIYLAH,ZALIYLAH,1
ZALYAH,ZALYAH,1
ZAMAAR,ZAMAAR,3
ZAMAHRI,ZAMAHRI,1
ZAMARA,ZAMARA,2
ZAMARI,ZAMARI,4
ZAMARION,ZAMARION,3
ZAMAYA,ZAMAYA,1
ZAMILA,ZAMILA,1
ZAMIR,ZAMIR,5
ZAMIRA,ZAMIRA,4
ZAMIRHA,ZAMIRHA,1
ZAMIRR,ZAMIRR,1
ZAMORA,ZAMORA,3
ZAMYRA,ZAMYRA,1
ZANA,ZANA,1
ZANAI,ZANAI,1
ZANAIYA,ZANAIYA,1
ZANAYA,ZANAYA,1
ZANAYAH,ZANAYAH,1
ZANDAR,ZANDAR,1
ZANDER,ZANDER,27
ZANDON,ZANDON,1
ZANDRA,ZANDRA,2
ZANDRE,ZANDRE,1
ZANDRIA,ZANDRIA,1
ZANDT,ZANDT,1
ZANE,ZANE,79
ZANE-AXEL,ZANE-AXEL,1
ZANELLE,ZANELLE,1
ZANERI,ZANERI,1
ZANESSA,ZANESSA,1
ZANETTA,ZANETTA,1
ZANIAH,ZANIAH,2
ZANIYAH,ZANIYAH,16
ZANNAH,ZANNAH,1
ZANONA,ZANONA,1
ZANOVIA,ZANOVIA,1
ZANTIAGO,ZANTIAGO,1
ZANYJHA,ZANYJHA,1
ZAO,ZAO,1
ZAQ-ISAIAH,ZAQ-ISAIAH,1
ZARA,ZARA,72
ZARA IMAN,ZARA IMAN,1
ZARAH,ZARAH,7
ZARAI,ZARAI,1
ZARAM,ZARAM,1
ZAREEN,ZAREEN,1
ZARET,ZARET,2
ZARETH,ZARETH,1
ZAREYA,ZAREYA,1
ZARGHOON,ZARGHOON,1
ZARI,ZARI,2
ZARIA,ZARIA,8
ZARIAH,ZARIAH,37
ZARIAN,ZARIAN,1
ZARICK,ZARICK,1
ZARIHA,ZARIHA,1
ZARIK,ZARIK,1
ZARILETTE,ZARILETTE,1
ZARINA,ZARINA,5
ZARIYA,ZARIYA,1
ZARIYAH,ZARIYAH,13
ZARIYAN,ZARIYAN,1
ZARJA,ZARJA,1
ZARMINA,ZARMINA,1
ZARNAB,ZARNAB,1
ZARRAR,ZARRAR,1
ZARYA,ZARYA,2
ZARYAH,ZARYAH,1
ZAVANA,ZAVANA,1
ZAVARI,ZAVARI,1
ZAVE,ZAVE,1
ZAVEAH,ZAVEAH,2
ZAVEER,ZAVEER,1
ZAVEYAH,ZAVEYAH,1
ZAVI,ZAVI,1
ZAVIAH,ZAVIAH,1
ZAVIAIR,ZAVIAIR,1
ZAVIAN,ZAVIAN,7
ZAVIEN,ZAVIEN,1
ZAVIER,ZAVIER,8
ZAVIERA,ZAVIERA,1
ZAVIN,ZAVIN,1
ZAVION,ZAVION,6
ZAVIYAN,ZAVIYAN,1
ZAVRIEL,ZAVRIEL,1
ZAXTON,ZAXTON,5
ZAY,ZAY,3
ZAY'LAH,ZAY'LAH,1
ZAY'LEE,ZAY'LEE,1
ZAYA,ZAYA,12
ZAYAAN,ZAYAAN,1
ZAYAAN ALI,ZAYAAN ALI,1
ZAYAH,ZAYAH,1
ZAYAIR,ZAYAIR,1
ZAYAN,ZAYAN,7
ZAYAN NOAH,ZAYAN NOAH,1
ZAYANA,ZAYANA,2
ZAYD,ZAYD,18
ZAYDA,ZAYDA,4
ZAYDAAN,ZAYDAAN,1
ZAYDAN,ZAYDAN,2
ZAYDE,ZAYDE,1
ZAYDEE,ZAYDEE,1
ZAYDEIN,ZAYDEIN,2
ZAYDEN,ZAYDEN,79
ZAYDEN-ACE,ZAYDEN-ACE,1
ZAYDENN,ZAYDENN,1
ZAYDIE,ZAYDIE,1
ZAYDIN,ZAYDIN,2
ZAYDRIAN,ZAYDRIAN,1
ZAYDY,ZAYDY,1
ZAYEBEN,ZAYEBEN,1
ZAYED,ZAYED,1
ZAYEED,ZAYEED,1
ZAYELEN,ZAYELEN,1
ZAYIR,ZAYIR,2
ZAYLA,ZAYLA,8
ZAYLAH,ZAYLAH,3
ZAYLANA,ZAYLANA,1
ZAYLEA,ZAYLEA,1
ZAYLEE,ZAYLEE,12
ZAYLEIGH,ZAYLEIGH,2
ZAYLEN,ZAYLEN,4
ZAYLEY,ZAYLEY,1
ZAYLIANAH,ZAYLIANAH,1
ZAYLIE,ZAYLIE,1
ZAYLIN,ZAYLIN,2
ZAYLINNA,ZAYLINNA,1
ZAYLLA,ZAYLLA,1
ZAYLON,ZAYLON,2
ZAYLY,ZAYLY,1
ZAYLYNN,ZAYLYNN,2
ZAYN,ZAYN,50
ZAYNA,ZAYNA,6
ZAYNAB,ZAYNAB,5
ZAYNE,ZAYNE,22
ZAYOVONY,ZAYOVONY,1
ZAYRA,ZAYRA,7
ZAYRAH,ZAYRAH,1
ZAYRAIN,ZAYRAIN,1
ZAYRETH,ZAYRETH,1
ZAYSIN,ZAYSIN,1
ZAYTOVEN,ZAYTOVEN,1
ZAYVAH,ZAYVAH,1
ZAYVIAHN,ZAYVIAHN,1
ZAYVION,ZAYVION,9
ZAYVON,ZAYVON,2
ZAYYAN,ZAYYAN,2
ZAZEL,ZAZEL,1
ZAZIE,ZAZIE,2
ZCIELO,ZCIELO,1
ZE,ZE,1
ZE'ANII,ZE'ANII,1
ZE'EV,ZE'EV,2
ZEA,ZEA,1
ZEAH,ZEAH,1
ZEAL,ZEAL,1
ZEALAND,ZEALAND,7
ZEALEN,ZEALEN,1
ZEBASTIAN,ZEBASTIAN,1
ZEBULON,ZEBULON,2
ZECA,ZECA,1
ZECHAIRAH,ZECHAIRAH,1
ZECHARIAH,ZECHARIAH,14
ZED,ZED,2
ZEDDIE,ZEDDIE,1
ZEDEKIAH,ZEDEKIAH,1
ZEDOR,ZEDOR,1
ZEDRIC,ZEDRIC,1
ZEENA,ZEENA,1
ZEENAT,ZEENAT,1
ZEESHAN,ZEESHAN,1
ZEEVA,ZEEVA,1
ZEFERINO,ZEFERINO,1
ZEFFIE,ZEFFIE,1
ZEFRIN,ZEFRIN,1
ZEH'LEEYUH,ZEH'LEEYUH,1
ZEH'MAYO,ZEH'MAYO,1
ZEHAAN,ZEHAAN,1
ZEHAN,ZEHAN,1
ZEHRIYN,ZEHRIYN,1
ZEIDA,ZEIDA,1
ZEIDEN,ZEIDEN,2
ZEILANI,ZEILANI,1
ZEILON,ZÉILON,1
ZEIN,ZEIN,1
ZEINA,ZEINA,4
ZEINAB,ZEINAB,1
ZEKE,ZEKE,24
ZEKEEM-ZANE,ZEKEEM-ZANE,1
ZEKI,ZEKI,2
ZEKIAH,ZEKIAH,1
ZEKIEL,ZEKIEL,5
ZEKYREI,ZEKYREI,1
ZELAIA,ZELAIA,1
ZELAN,ZELAN,1
ZELDA,ZELDA,27
ZELDA SKYE,ZELDA SKYE,1
ZELDRIS,ZELDRIS,1
ZELENA,ZELENA,1
ZELIA,ZELIA,1
ZELIANNA,ZELIANNA,1
ZELIE,ZELIE,13
ZELIE,ZÉLIE,1
ZELIYAH,ZELIYAH,1
ZELJKO,ZELJKO,1
ZELL,ZELL,1
ZELLA,ZELLA,13
ZELLIANA,ZELLIANA,1
ZELLIE,ZELLIE,1
ZEMFIRA,ZEMFIRA,1
ZEMIRA,ZEMIRA,5
ZEMIRAH,ZEMIRAH,1
ZEMORA,ZEMORA,1
ZEN,ZEN,13
ZEN-MARLI,ZEN-MARLI,1
ZENA,ZENA,3
ZENAIDA,ZENAIDA,2
ZENAIYA,ZENAIYA,1
ZENALAH,ZENALAH,1
ZENAYDA,ZENAYDA,2
ZENDAYA,ZENDAYA,6
ZENDAYAA,ZENDAYAA,1
ZENDAYAH,ZENDAYAH,2
ZENDEYA,ZENDEYA,2
ZENIA,ZENIA,3
ZENIAHLY,ZENIAHLY,1
ZENITH,ZENITH,6
ZENLEY,ZENLEY,2
ZENNA,ZENNA,2
ZENNY,ZENNY,1
ZENO,ZENO,2
ZENOBIA,ZENOBIA,4
ZENON,ZENON,1
ZENOVA,ZENOVA,1
ZENOVIA,ZENOVIA,1
ZENSON,ZENSON,1
ZENTARO,ZENTARO,1
ZENYDAH,ZENYDAH,1
ZENZALI,ZENZALI,1
ZEPH,ZEPH,1
ZEPHA,ZEPHA,1
ZEPHANIAH,ZEPHANIAH,5
ZEPHANY,ZEPHANY,1
ZEPHIR,ZEPHIR,1
ZEPHON,ZEPHON,1
ZEPHRYM,ZEPHRYM,1
ZEPHYR,ZEPHYR,17
ZEPHYRA,ZEPHYRA,1
ZEPPELIN,ZEPPELIN,6
ZEPPELYN,ZEPPELYN,1
ZEPPLYNN,ZEPPLYNN,1
ZER'REMMY,ZER'REMMY,1
ZERA,ZERA,2
ZEREK,ZEREK,2
ZEREND,ZEREND,1
ZERI,ZERI,1
ZESPRI,ZESPRI,1
ZETA,ZETA,2
ZEUMIZIUS,ZEUMIZIUS,1
ZEUS,ZEUS,13
ZEV,ZEV,8
ZEVADYAH,ZEVADYAH,1
ZEVAEH,ZEVAEH,1
ZEVAN,ZEVAN,1
ZEVIAH,ZEVIAH,2
ZEVON,ZEVON,1
ZEVULYN,ZEVULYN,1
ZEVYN,ZEVYN,1
ZEYA,ZEYA,3
ZEYDAN,ZEYDAN,2
ZEYLEN,ZEYLEN,1
ZEYNAB,ZEYNAB,2
ZEYNAH,ZEYNAH,1
ZEYNEP,ZEYNEP,10
ZEYNETH,ZEYNETH,3
ZEYNETTE,ZEYNETTE,1
ZH'AMIR,ZH'AMIR,1
ZHA'MIR,ZHA'MIR,1
ZHA'VAHNIE,ZHA'VAHNIE,1
ZHAELEY KAITLYNN,ZHAELEY KAITLYNN,1
ZHAI'RE,ZHAI'RE,1
ZHAILA,ZHAILA,1
ZHAMIRA,ZHAMIRA,2
ZHANAE,ZHANAE,1
ZHANHUI,ZHANHUI,1
ZHANINA,ZHANINA,1
ZHARA,ZHARA,1
ZHARIA,ZHARIA,1
ZHARION DALE,ZHARION DALE,1
ZHARYA,ZHARYA,1
ZHAVIA,ZHAVIA,8
ZHAVIAH,ZHAVIAH,1
ZHAYNE,ZHAYNE,1
ZHEN,ZHEN,1
ZHENE,ZHENE,1
ZHENGXIAO,ZHENGXIAO,1
ZHENZHU,ZHENZHU,1
ZHERINITY,ZHERINITY,1
ZHIMU,ZHIMU,1
ZHIXI,ZHIXI,1
ZHOWAND,ZHOWAND,1
ZHURI,ZHURI,5
ZHURII,ZHURII,1
ZHUZI,ZHUZI,1
ZHYLUS,ZHYLUS,1
ZI'AIRE,ZI'AIRE,1
ZI'ANNAH,ZI'ANNAH,1
ZI'HARREE,ZI'HARREE,1
ZI'QUAN,ZI'QUAN,1
ZI'YANA,ZI'YANA,1
ZI'YANI,ZI'YANI,1
ZIA,ZIA,17
ZIAD,ZIAD,1
ZIAH,ZIAH,6
ZIAMARA,ZIAMARA,1
ZIAN,ZIAN,1
ZIANNA,ZIANNA,1
ZIARA,ZIARA,1
ZIARAH,ZIARAH,1
ZIDAAN,ZIDAAN,2
ZIDAN,ZIDAN,2
ZIDANE,ZIDANE,2
ZIDDION,ZIDDION,1
ZIDEN,ZIDEN,1
ZIE DAOUDA,ZIE DAOUDA,1
ZIED,ZIED,1
ZIEGLIND,ZIEGLIND,1
ZIELLE,ZIELLE,1
ZIESHA,ZIESHA,1
ZIGGY,ZIGGY,14
ZIGMUND,ZIGMUND,1
ZIHENG,ZIHENG,1
ZIIGI,ZIIGI,1
ZIILAH,ZIILAH,1
ZIJIN,ZIJIN,1
ZILAH,ZILAH,1
ZILASSEN,ZILASSEN,1
ZIMA,ZIMA,1
ZIMAL,ZIMAL,2
ZIMRI,ZIMRI,2
ZINA,ZINA,2
ZINACHIMDI,ZINACHIMDI,1
ZINAYAH,ZINAYAH,1
ZINDI,ZINDI,1
ZINEB,ZINEB,1
ZINNIA,ZINNIA,8
ZION,ZION,115
ZION EITHAN,ZION EITHAN,1
ZION-RAYE,ZION-RAYE,1
ZIONAH,ZIONAH,1
ZIORA,ZIORA,1
ZIPPORAH,ZIPPORAH,2
ZIRA,ZIRA,2
ZIRAR,ZIRAR,1
ZIRWA,ZIRWA,1
ZITA,ZITA,1
ZITLANY,ZITLANY,1
ZIV,ZIV,3
ZIVA,ZIVA,9
ZIVAH,ZIVAH,1
ZIVEN,ZIVEN,1
ZIVENI,ZIVENI,1
ZIWA,ZIWA,1
ZIYA,ZIYA,6
ZIYAD,ZIYAD,3
ZIYAH,ZIYAH,3
ZIYAN,ZIYAN,2
ZIYANA,ZIYANA,1
ZIYANNA,ZIYANNA,1
ZIYERE,ZIYERE,1
ZIYLENA,ZIYLENA,1
ZLATA,ZLATA,1
ZLATAN,ZLATAN,2
ZLON,ZLON,1
ZO,ZO,3
ZO LIAN,ZO LIAN,1
ZOA,ZOA,2
ZOBAZ,ZOBAZ,1
ZOE,ZOE,307
ZOE,ZOË,42
ZOE,ZOÉ,34
ZOE,ZÖE,2
ZOE,ZÓE,1
ZOE ALESSI,ZOE ALESSI,1
ZOE IRENE,ZOE IRENE,1
ZOE',ZOE',1
ZOEE,ZOEE,1
ZOELLA,ZOELLA,1
ZOELLE,ZOELLE,4
ZOELLI,ZOELLI,1
ZOEMAE,ZOEMAE,1
ZOEMI,ZOEMI,1
ZOETSA,ZOETSA,1
ZOEY,ZOEY,187
ZOHA,ZOHA,1
ZOHA BILAL,ZOHA BILAL,1
ZOHAAN,ZOHAAN,1
ZOHAN,ZOHAN,6
ZOHARA,ZOHARA,1
ZOHEMY,ZOHEMY,1
ZOIE,ZOIE,6
ZOIE,ZOÏE,1
ZOIE ELISE,ZOIE ELISE,1
ZOILA,ZOILA,5
ZOLA,ZOLA,6
ZOLANI,ZOLANI,1
ZOLAYKHA,ZOLAYKHA,1
ZONA,ZONA,1
ZONAIRA,ZONAIRA,1
ZOOEY,ZOOEY,2
ZOPHIA,ZOPHIA,3
ZORA,ZORA,19
ZORAH,ZORAH,3
ZORAIDA,ZORAIDA,1
ZORAIN,ZORAIN,1
ZORAIZ,ZORAIZ,3
ZORAN,ZORAN,2
ZORAVAR,ZORAVAR,1
ZOREN,ZOREN,1
ZORIAH,ZORIAH,2
ZORIAN,ZORIAN,1
ZORIANA,ZORIANA,1
ZORIIAN,ZORIIAN,1
ZORIYA,ZORIYA,1
ZORYA,ZORYA,1
ZOVI,ZOVI,1
ZOYA,ZOYA,23
ZOYA MAE,ZOYA MAE,1
ZOYA ZAHREEN,ZOYA ZAHREEN,1
ZOYLA,ZOYLA,1
ZUANY,ZUANY,3
ZUAYNA,ZUAYNA,1
ZUBAIR,ZUBAIR,1
ZUBIN,ZUBIN,1
ZUDITH,ZUDITH,1
ZUELLY,ZUELLY,1
ZUGEILA,ZUGEILA,1
ZUHAL,ZUHAL,2
ZUHAN,ZUHAN,1
ZUHAYR,ZUHAYR,1
ZUHAYRA,ZUHAYRA,1
ZUHELY,ZUHELY,1
ZUHRA,ZUHRA,1
ZUJEILY,ZUJEILY,1
ZUKO,ZUKO,1
ZULAI,ZULAI,1
ZULAII,ZULAII,1
ZULEIDY,ZULEIDY,1
ZULEIKA,ZULEIKA,3
ZULEIMA,ZULEIMA,1
ZULEMA,ZULEMA,6
ZULEY,ZULEY,1
ZULEYKA,ZULEYKA,2
ZULEYMA,ZULEYMA,3
ZULIANY,ZULIANY,1
ZULIE,ZULIE,1
ZULIETT,ZULIETT,1
ZULMA,ZULMA,1
ZULMY,ZULMY,1
ZULY,ZULY,1
ZUNAIR,ZUNAIR,1
ZUNAIRA,ZUNAIRA,1
ZUNAIRAH,ZUNAIRAH,2
ZURAYB,ZURAYB,1
ZURE,ZURE,1
ZUREE,ZUREE,1
ZURI,ZURI,47
ZURI RAI,ZURI RAI,1
ZURI'ANA,ZURI'ANA,1
ZURIA,ZURIA,2
ZURICH,ZURICH,1
ZURIEL,ZURIEL,6
ZURII,ZURII,1
ZURISADAI,ZURISADAI,1
ZURIYA,ZURIYA,1
ZURIYN,ZURIYN,1
ZURRI,ZURRI,1
ZURRIAH,ZURRIAH,1
ZURY,ZURY,2
ZUVI,ZUVI,1
ZUZAN,ZUZAN,1
ZWAK,ZWAK,1
ZWEENA,ZWEENA,1
ZXNIEAH,ZXNIEAH,1
ZY,ZY,1
ZY'AHINA,ZY'AHINA,1
ZY'AIR,ZY'AIR,1
ZY'AIRE,ZY'AIRE,14
ZY'ARA,ZY'ARA,1
ZY'EIR,ZY'EIR,1
ZY'ION,ZY'ION,1
ZY'IRE,ZY'IRE,3
ZY'MEIRE,ZY’MEIRE,1
ZY'MIR,ZY'MIR,1
ZY'ON,ZY'ON,2
ZY'RI,ZY'RI,1
ZYA,ZYA,4
ZYA,ZYÁ,1
ZYA'VAIL,ZYA'VAIL,1
ZYAAN,ZYAAN,1
ZYADRIAN,ZYADRIAN,1
ZYAH,ZYAH,3
ZYAHNI,ZYAHNI,1
ZYAHNNI,ZYAHNNI,1
ZYAIR,ZYAIR,11
ZYAIRE,ZYAIRE,13
ZYALANI,ZYALANI,1
ZYAN,ZYAN,5
ZYANA,ZYANA,3
ZYANNA,ZYANNA,1
ZYANYA,ZYANYA,2
ZYD,ZYD,1
ZYDAN,ZYDAN,1
ZYDASIA,ZYDASIA,1
ZYEL,ZYEL,1
ZYHIAIR,ZYHIAIR,1
ZYHIR,ZYHIR,1
ZYI'REEK,ZYI'REEK,1
ZYIAH,ZYIAH,2
ZYIER,ZYIER,1
ZYION,ZYION,2
ZYIR,ZYIR,1
ZYIRE,ZYIRE,1
ZYKAI,ZYKAI,1
ZYLA,ZYLA,7
ZYLAA,ZYLAA,1
ZYLAH,ZYLAH,2
ZYLAN,ZYLAN,3
ZYLER,ZYLER,2
ZYLER AXL,ZYLER AXL,1
ZYLO,ZYLO,1
ZYMAIR,ZYMAIR,1
ZYMARI,ZYMARI,1
ZYMARION,ZYMARION,1
ZYMIRAH,ZYMIRAH,1
ZYNA,ZYNA,1
ZYNARIUS,ZYNARIUS,1
ZYNASIA,ZYNASIA,1
ZYNDALIA,ZYNDALIA,1
ZYNDAYA,ZYNDAYA,1
ZYNN'DRICK,ZYNN'DRICK,1
ZYNTRELL,ZYNTRELL,1
ZYON,ZYON,6
ZYONN,ZYONN,1
ZYRA,ZYRA,3
ZYRA-CHANTEL,ZYRA-CHANTEL,1
ZYRAH,ZYRAH,2
ZYRAHIA,ZYRAHIA,1
ZYRAN,ZYRAN,1
ZYRE,ZYRE,1
ZYSHA,ZYSHA,1
ZYUS,ZYUS,1
ZYVA,ZYVA,2
